MyUnknownColumn,order_id,order_item_id,customer_id,customer_unique_id,customer_zip_code_prefix,customer_city,customer_state,product_id,product_category_name,product_name_lenght,product_description_lenght,product_photos_qty,product_weight_g,product_length_cm,product_height_cm,product_width_cm,seller_id,seller_city,seller_state,seller_zip_code_prefix,payment_type,payment_sequential,payment_installments,price,freight_value,payment_value,shipping_limit_date,order_purchase_timestamp,order_approved_at,order_delivered_carrier_date,order_delivered_customer_date,order_estimated_delivery_date,day_of_purchase,month_of_purchase,year_of_purchase,month/year_of_purchase,order_status,order_unique_id
0,00010242fe8c5a6d1ba2dd792cb16214,1,3ce436f183e68e07877b285a838db11a,871766c5855e863f6eccc05f988b23cb,28013,"campos dos goytacazes",RJ,4244733e06e7ecb4970a6e2683c13e61,cool_stuff,58,598,4,650,28,9,14,48436dade18ac8b2bce089ec2a041202,"volta redonda",SP,27277,credit_card,1,2,58.9,13.29,72.19,"2017-09-19 09:45:35","2017-09-13 08:59:02","2017-09-13 09:45:35","2017-09-19 18:34:16","2017-09-20 23:43:48","2017-09-29 00:00:00",Wednesday,September,2017,September-2017,delivered,00010242fe8c5a6d1ba2dd792cb16214-1
1,130898c0987d1801452a8ed92a670612,1,e6eecc5a77de221464d1c4eaff0a9b64,0fb8e3eab2d3e79d92bb3fffbb97f188,75800,jatai,GO,4244733e06e7ecb4970a6e2683c13e61,cool_stuff,58,598,4,650,28,9,14,48436dade18ac8b2bce089ec2a041202,"volta redonda",SP,27277,boleto,1,1,55.9,17.96,73.86,"2017-07-05 02:44:11","2017-06-28 11:52:20","2017-06-29 02:44:11","2017-07-05 12:00:33","2017-07-13 20:39:29","2017-07-26 00:00:00",Wednesday,June,2017,June-2017,delivered,130898c0987d1801452a8ed92a670612-1
2,532ed5e14e24ae1f0d735b91524b98b9,1,4ef55bf80f711b372afebcb7c715344a,3419052c8c6b45daf79c1e426f9e9bcb,30720,"belo horizonte",MG,4244733e06e7ecb4970a6e2683c13e61,cool_stuff,58,598,4,650,28,9,14,48436dade18ac8b2bce089ec2a041202,"volta redonda",SP,27277,credit_card,1,2,64.9,18.33,83.23,"2018-05-23 10:56:25","2018-05-18 10:25:53","2018-05-18 12:31:43","2018-05-23 14:05:00","2018-06-04 18:34:26","2018-06-07 00:00:00",Friday,May,2018,May-2018,delivered,532ed5e14e24ae1f0d735b91524b98b9-1
3,6f8c31653edb8c83e1a739408b5ff750,1,30407a72ad8b3f4df4d15369126b20c9,e7c828d22c0682c1565252deefbe334d,83070,"sao jose dos pinhais",PR,4244733e06e7ecb4970a6e2683c13e61,cool_stuff,58,598,4,650,28,9,14,48436dade18ac8b2bce089ec2a041202,"volta redonda",SP,27277,credit_card,1,3,58.9,16.17,75.07,"2017-08-07 18:55:08","2017-08-01 18:38:42","2017-08-01 18:55:08","2017-08-02 19:07:36","2017-08-09 21:26:33","2017-08-25 00:00:00",Tuesday,August,2017,August-2017,delivered,6f8c31653edb8c83e1a739408b5ff750-1
4,7d19f4ef4d04461989632411b7e588b9,1,91a792fef70ecd8cc69d3c7feb3d12da,0bb98ba72dcc08e95f9d8cc434e9a2cc,36400,"conselheiro lafaiete",MG,4244733e06e7ecb4970a6e2683c13e61,cool_stuff,58,598,4,650,28,9,14,48436dade18ac8b2bce089ec2a041202,"volta redonda",SP,27277,credit_card,1,4,58.9,13.29,72.19,"2017-08-16 22:05:11","2017-08-10 21:48:40","2017-08-10 22:05:11","2017-08-11 19:43:07","2017-08-24 20:04:21","2017-09-01 00:00:00",Thursday,August,2017,August-2017,delivered,7d19f4ef4d04461989632411b7e588b9-1
5,a0f9acf0b6294ed8561e32cde1a966bc,1,4851b3bca4a48b395dfad7aa57c3f72a,33449409b16400dbeaf886a5140bf59c,44560,"dom macedo costa",BA,4244733e06e7ecb4970a6e2683c13e61,cool_stuff,58,598,4,650,28,9,14,48436dade18ac8b2bce089ec2a041202,"volta redonda",SP,27277,credit_card,1,1,55.9,26.93,82.83,"2017-08-03 15:23:46","2017-07-27 15:11:51","2017-07-28 15:23:46","2017-08-02 18:32:34","2017-08-31 20:19:52","2017-08-24 00:00:00",Thursday,July,2017,July-2017,delivered,a0f9acf0b6294ed8561e32cde1a966bc-1
6,bbf796534aaf9c59f8da8c7982db56e0,1,c32c207d9ebf75958011557ac1624e2f,31b9765a88ef50ccd457bb40491c4fbf,45160,"belo campo",BA,4244733e06e7ecb4970a6e2683c13e61,cool_stuff,58,598,4,650,28,9,14,48436dade18ac8b2bce089ec2a041202,"volta redonda",SP,27277,boleto,1,1,64.9,38.5,103.4,"2018-03-26 03:28:44","2018-03-18 21:00:44","2018-03-20 03:28:44","2018-03-20 18:08:45","2018-03-28 21:57:44","2018-04-12 00:00:00",Sunday,March,2018,March-2018,delivered,bbf796534aaf9c59f8da8c7982db56e0-1
7,c9ef97d2854afe64a3b4488bc2836af6,2,0a29abf475fb8039d2775913d6f0b6f0,840f10bde3c94907105e032d9c2fec3b,75903,"rio verde",GO,4244733e06e7ecb4970a6e2683c13e61,cool_stuff,58,598,4,650,28,9,14,48436dade18ac8b2bce089ec2a041202,"volta redonda",SP,27277,boleto,1,1,58.9,18.12,153.75,"2017-08-14 04:25:34","2017-08-05 16:59:05","2017-08-08 04:25:34","2017-08-10 16:40:11","2017-08-14 18:13:03","2017-09-06 00:00:00",Saturday,August,2017,August-2017,delivered,c9ef97d2854afe64a3b4488bc2836af6-2
8,c9ef97d2854afe64a3b4488bc2836af6,1,0a29abf475fb8039d2775913d6f0b6f0,840f10bde3c94907105e032d9c2fec3b,75903,"rio verde",GO,436c8d57ff8d4aa254318e9bd9b48c83,cool_stuff,54,599,6,530,30,9,14,48436dade18ac8b2bce089ec2a041202,"volta redonda",SP,27277,boleto,1,1,58.9,17.83,153.75,"2017-08-14 04:25:34","2017-08-05 16:59:05","2017-08-08 04:25:34","2017-08-10 16:40:11","2017-08-14 18:13:03","2017-09-06 00:00:00",Saturday,August,2017,August-2017,delivered,c9ef97d2854afe64a3b4488bc2836af6-1
9,df2d910b8b5e5f461f67043489f9569d,1,2e76c1f2a920153d79cc98b634c50942,0efd4833752113fedce2e7250d49d5ac,53403,paulista,PE,4244733e06e7ecb4970a6e2683c13e61,cool_stuff,58,598,4,650,28,9,14,48436dade18ac8b2bce089ec2a041202,"volta redonda",SP,27277,voucher,2,1,55.9,35.71,20,"2017-06-09 14:31:21","2017-06-05 12:22:19","2017-06-05 14:31:21","2017-06-07 13:09:07","2017-06-26 13:52:03","2017-07-06 00:00:00",Monday,June,2017,June-2017,delivered,df2d910b8b5e5f461f67043489f9569d-1
10,df2d910b8b5e5f461f67043489f9569d,1,2e76c1f2a920153d79cc98b634c50942,0efd4833752113fedce2e7250d49d5ac,53403,paulista,PE,4244733e06e7ecb4970a6e2683c13e61,cool_stuff,58,598,4,650,28,9,14,48436dade18ac8b2bce089ec2a041202,"volta redonda",SP,27277,voucher,3,1,55.9,35.71,20,"2017-06-09 14:31:21","2017-06-05 12:22:19","2017-06-05 14:31:21","2017-06-07 13:09:07","2017-06-26 13:52:03","2017-07-06 00:00:00",Monday,June,2017,June-2017,delivered,df2d910b8b5e5f461f67043489f9569d-1
11,df2d910b8b5e5f461f67043489f9569d,1,2e76c1f2a920153d79cc98b634c50942,0efd4833752113fedce2e7250d49d5ac,53403,paulista,PE,4244733e06e7ecb4970a6e2683c13e61,cool_stuff,58,598,4,650,28,9,14,48436dade18ac8b2bce089ec2a041202,"volta redonda",SP,27277,credit_card,1,1,55.9,35.71,51.61,"2017-06-09 14:31:21","2017-06-05 12:22:19","2017-06-05 14:31:21","2017-06-07 13:09:07","2017-06-26 13:52:03","2017-07-06 00:00:00",Monday,June,2017,June-2017,delivered,df2d910b8b5e5f461f67043489f9569d-1
12,0191bbb5166d4b9a68df11797d5acfa9,1,62b59a64eb786a96516229b7f3612c72,921fa6982e780da7d9e0bb6ca11b380c,93010,"sao leopoldo",RS,ec02a5d380128f7a188e9ce8f3ddd832,cool_stuff,59,599,2,2275,45,25,18,48436dade18ac8b2bce089ec2a041202,"volta redonda",SP,27277,credit_card,1,4,132.9,20.17,153.07,"2017-08-16 12:30:15","2017-08-10 12:17:35","2017-08-10 12:30:15","2017-08-15 19:26:45","2017-08-24 18:15:16","2017-09-08 00:00:00",Thursday,August,2017,August-2017,delivered,0191bbb5166d4b9a68df11797d5acfa9-1
13,8a4df9820e049472302bf6362daecb8b,1,87f51a0f934f82e81d8680ef1afeaf48,89b88dc458d3997426620f99dd79c9c9,20031,"rio de janeiro",RJ,ec02a5d380128f7a188e9ce8f3ddd832,cool_stuff,59,599,2,2275,45,25,18,48436dade18ac8b2bce089ec2a041202,"volta redonda",SP,27277,credit_card,1,3,125.9,12.84,138.74,"2017-08-11 13:03:05","2017-08-07 12:28:44","2017-08-07 13:03:05","2017-08-10 16:42:51","2017-08-11 20:16:50","2017-08-22 00:00:00",Monday,August,2017,August-2017,delivered,8a4df9820e049472302bf6362daecb8b-1
14,9bd5ab93fc163dd17a9d531c39806e05,1,35fd6066756cc7d4d5e5d456fecc8422,3d1d587a1f4c96dcc056a2a708bcadc5,13050,campinas,SP,ec02a5d380128f7a188e9ce8f3ddd832,cool_stuff,59,599,2,2275,45,25,18,48436dade18ac8b2bce089ec2a041202,"volta redonda",SP,27277,credit_card,1,3,132.9,21.42,154.32,"2017-10-03 21:14:23","2017-09-27 21:06:52","2017-09-27 21:14:23","2017-10-04 15:22:41","2017-10-16 22:49:03","2017-10-23 00:00:00",Wednesday,September,2017,September-2017,delivered,9bd5ab93fc163dd17a9d531c39806e05-1
15,c0e6a4b9d9b4fb7364f6010863708cbd,1,a12b256adc8a574b2ef0bec1edaea319,9de8d8f634de6e6aef706a91280cd76a,63860,madalena,CE,ec02a5d380128f7a188e9ce8f3ddd832,cool_stuff,59,599,2,2275,45,25,18,48436dade18ac8b2bce089ec2a041202,"volta redonda",SP,27277,credit_card,1,3,132.9,43.34,176.24,"2017-10-04 18:49:20","2017-09-28 18:30:29","2017-09-28 18:49:20","2017-10-04 14:04:26","2017-10-21 12:45:25","2017-11-01 00:00:00",Thursday,September,2017,September-2017,delivered,c0e6a4b9d9b4fb7364f6010863708cbd-1
16,d24633e7c227ea7a234d568eefb493a9,1,0831a589bfb84d7db1725b029edd19af,350bc664ce5aec909a6734a8d095c680,31910,"belo horizonte",MG,ec02a5d380128f7a188e9ce8f3ddd832,cool_stuff,59,599,2,2275,45,25,18,48436dade18ac8b2bce089ec2a041202,"volta redonda",SP,27277,credit_card,1,3,132.9,21.42,154.32,"2017-09-28 00:24:40","2017-09-23 23:59:42","2017-09-24 00:24:40","2017-09-27 19:27:31","2017-10-04 22:14:47","2017-10-19 00:00:00",Saturday,September,2017,September-2017,delivered,d24633e7c227ea7a234d568eefb493a9-1
17,0188777fe321843a18be24a6e9aa1e53,1,dc573d2a61a467e5e2826c1729691859,f81c042ed0162a51b90372c233b4fbad,25240,"duque de caxias",RJ,436c8d57ff8d4aa254318e9bd9b48c83,cool_stuff,54,599,6,530,30,9,14,48436dade18ac8b2bce089ec2a041202,"volta redonda",SP,27277,voucher,1,1,55.9,9.94,65.84,"2017-07-31 14:35:11","2017-07-23 16:13:37","2017-07-25 14:35:11","2017-07-27 18:45:50","2017-07-28 16:18:00","2017-08-08 00:00:00",Sunday,July,2017,July-2017,delivered,0188777fe321843a18be24a6e9aa1e53-1
18,d829ae9ca5e0a9749f2574b62eb7ac10,1,a64e11fc5ee980cd9a2f1ac08110bc44,575083d1c98ec2938a00cd179a40f3d2,45810,"porto seguro",BA,436c8d57ff8d4aa254318e9bd9b48c83,cool_stuff,54,599,6,530,30,9,14,48436dade18ac8b2bce089ec2a041202,"volta redonda",SP,27277,boleto,1,1,55.9,27.99,167.51,"2017-07-19 02:56:03","2017-07-12 12:04:28","2017-07-13 02:56:03","2017-07-14 16:23:42","2017-08-07 17:27:41","2017-08-09 00:00:00",Wednesday,July,2017,July-2017,delivered,d829ae9ca5e0a9749f2574b62eb7ac10-1
19,d829ae9ca5e0a9749f2574b62eb7ac10,2,a64e11fc5ee980cd9a2f1ac08110bc44,575083d1c98ec2938a00cd179a40f3d2,45810,"porto seguro",BA,7f1a77bec0639e473392e91a504272a5,cool_stuff,57,605,4,575,30,11,17,48436dade18ac8b2bce089ec2a041202,"volta redonda",SP,27277,boleto,1,1,55.9,27.72,167.51,"2017-07-19 02:56:03","2017-07-12 12:04:28","2017-07-13 02:56:03","2017-07-14 16:23:42","2017-08-07 17:27:41","2017-08-09 00:00:00",Wednesday,July,2017,July-2017,delivered,d829ae9ca5e0a9749f2574b62eb7ac10-2
20,03054d8a8eefc2981cfad06f58e27979,1,9bd2f246e81c19f65c539ce426288ef5,d46eb9ba6d6b75c1dac85b91911fc9c2,3560,"sao paulo",SP,3e31fd1419cc4cd6adad1925e72e3a03,cool_stuff,52,1170,1,400,25,10,11,48436dade18ac8b2bce089ec2a041202,"volta redonda",SP,27277,credit_card,1,7,58.9,15.16,74.06,"2017-10-09 10:35:11","2017-10-02 10:25:22","2017-10-03 10:35:11","2017-10-09 17:57:50","2017-10-19 21:03:49","2017-10-25 00:00:00",Monday,October,2017,October-2017,delivered,03054d8a8eefc2981cfad06f58e27979-1
21,26ab105de6689a556ce3ab6932ee68e6,1,08ad76732d8c6428ac2fb9eea89ff342,8a423f7294c6e79cc5884ef518deda5c,23012,"rio de janeiro",RJ,3e31fd1419cc4cd6adad1925e72e3a03,cool_stuff,52,1170,1,400,25,10,11,48436dade18ac8b2bce089ec2a041202,"volta redonda",SP,27277,credit_card,1,1,54.9,9.27,64.17,"2017-07-25 20:55:09","2017-07-19 20:42:33","2017-07-19 20:55:09","2017-07-21 17:15:57","2017-07-24 20:42:49","2017-08-03 00:00:00",Wednesday,July,2017,July-2017,delivered,26ab105de6689a556ce3ab6932ee68e6-1
22,7766424657aa0cfbf1703f9550144964,1,35b6b3b06cd4b2101cfabfb5429dc028,05105abc98016eb044d450d5e60de1b2,24060,niteroi,RJ,3e31fd1419cc4cd6adad1925e72e3a03,cool_stuff,52,1170,1,400,25,10,11,48436dade18ac8b2bce089ec2a041202,"volta redonda",SP,27277,credit_card,1,2,55.9,9.27,65.17,"2017-08-14 11:43:36","2017-08-08 11:24:19","2017-08-08 11:43:36","2017-08-10 16:42:52","2017-08-11 20:21:56","2017-08-23 00:00:00",Tuesday,August,2017,August-2017,delivered,7766424657aa0cfbf1703f9550144964-1
23,a72c3152ab2259acdae64303a9a12efc,1,0a05250f6702d7949e237fa591546429,8d692a436fa634e911ebb1e69bb0f481,57601,"palmeira dos indios",AL,3e31fd1419cc4cd6adad1925e72e3a03,cool_stuff,52,1170,1,400,25,10,11,48436dade18ac8b2bce089ec2a041202,"volta redonda",SP,27277,credit_card,1,3,58.9,34.21,93.11,"2017-09-12 20:55:20","2017-09-05 20:42:50","2017-09-05 20:55:20","2017-09-18 18:41:53","2017-09-30 13:08:17","2017-10-02 00:00:00",Tuesday,September,2017,September-2017,delivered,a72c3152ab2259acdae64303a9a12efc-1
24,a975758d17a9e095a496f4283d9c3aca,1,a90b67461a9b141f23f0b1fcb25a5639,1fab09edf6749cee5d6829be35daa13b,18276,tatui,SP,3e31fd1419cc4cd6adad1925e72e3a03,cool_stuff,52,1170,1,400,25,10,11,48436dade18ac8b2bce089ec2a041202,"volta redonda",SP,27277,credit_card,1,3,55.9,15.14,71.04,"2017-08-09 15:50:18","2017-08-03 14:34:26","2017-08-03 15:50:18","2017-08-04 18:23:43","2017-08-16 21:10:54","2017-08-25 00:00:00",Thursday,August,2017,August-2017,delivered,a975758d17a9e095a496f4283d9c3aca-1
25,e243ea7648d08ca3d860047e7ec10a51,1,0201bb51c671f43f4e581e5c3fd5eb55,6a834ffa571a333c7e753a72967c3456,27943,macae,RJ,3e31fd1419cc4cd6adad1925e72e3a03,cool_stuff,52,1170,1,400,25,10,11,48436dade18ac8b2bce089ec2a041202,"volta redonda",SP,27277,credit_card,1,3,54.9,12.38,67.28,"2017-06-26 10:15:11","2017-06-20 10:01:07","2017-06-20 10:15:11","2017-06-22 07:25:46","2017-06-26 13:33:08","2017-07-10 00:00:00",Tuesday,June,2017,June-2017,delivered,e243ea7648d08ca3d860047e7ec10a51-1
26,e3aa3b61037e281dedb26da2882983ae,1,6d096f880bc145f805c6db79ea988789,8b4f3f21f3fe735a4d85eded53ac5a9a,5012,"sao paulo",SP,3e31fd1419cc4cd6adad1925e72e3a03,cool_stuff,52,1170,1,400,25,10,11,48436dade18ac8b2bce089ec2a041202,"volta redonda",SP,27277,credit_card,1,3,54.9,15.13,70.03,"2017-05-31 01:22:31","2017-05-25 00:27:30","2017-05-25 01:22:31","2017-05-30 14:44:18","2017-06-02 08:51:41","2017-06-19 00:00:00",Thursday,May,2017,May-2017,delivered,e3aa3b61037e281dedb26da2882983ae-1
27,38da3029219c1f40f3eaaae897430c3f,1,02565e515373d4e26cf406ab3fa5ed0b,728a6d33a49056c796fc4fc0481bf871,13347,indaiatuba,SP,2423252b2432f1803e4f29e0974c6cf7,brinquedos,60,919,5,1167,36,20,28,48436dade18ac8b2bce089ec2a041202,"volta redonda",SP,27277,boleto,1,1,139.9,18.23,158.13,"2017-09-13 03:03:58","2017-09-05 07:54:09","2017-09-06 03:03:58","2017-09-13 17:13:04","2017-09-19 20:33:06","2017-09-27 00:00:00",Tuesday,September,2017,September-2017,delivered,38da3029219c1f40f3eaaae897430c3f-1
28,3c31094fbd7da6168cc190beedf23888,1,61011b38e0c96a6745cd20950babd60c,bf1a3ae0edc94deecb0de97109276623,95520,osorio,RS,2423252b2432f1803e4f29e0974c6cf7,brinquedos,60,919,5,1167,36,20,28,48436dade18ac8b2bce089ec2a041202,"volta redonda",SP,27277,boleto,1,1,139.9,20.22,160.12,"2017-10-23 03:46:00","2017-10-16 15:39:28","2017-10-17 03:46:00","2017-10-23 18:50:06","2017-11-01 19:29:47","2017-11-08 00:00:00",Monday,October,2017,October-2017,delivered,3c31094fbd7da6168cc190beedf23888-1
29,4da38cd7084ce9fdeae2412858379255,1,4c6da7ab2ec98e80e7c2dbba28b57cda,61181b9bc9188678b5991d89064dd961,76970,"pimenta bueno",RO,2423252b2432f1803e4f29e0974c6cf7,brinquedos,60,919,5,1167,36,20,28,48436dade18ac8b2bce089ec2a041202,"volta redonda",SP,27277,credit_card,1,10,139.9,38.53,178.43,"2017-10-18 01:32:21","2017-10-11 00:19:17","2017-10-11 00:56:24","2017-10-19 18:33:42","2017-11-08 20:31:49","2017-11-21 00:00:00",Wednesday,October,2017,October-2017,delivered,4da38cd7084ce9fdeae2412858379255-1
30,51bba23b6fd5b430636450f273aadd8a,1,f2fd5f74881dfb8d8fd5e0010a0b86f2,79c481d31d793a66a85f43af431eb745,75803,jatai,GO,2423252b2432f1803e4f29e0974c6cf7,brinquedos,60,919,5,1167,36,20,28,48436dade18ac8b2bce089ec2a041202,"volta redonda",SP,27277,credit_card,1,3,139.9,20.22,160.12,"2017-10-09 15:35:07","2017-10-03 15:16:25","2017-10-03 15:36:59","2017-10-09 17:57:49","2017-10-30 21:41:18","2017-11-03 00:00:00",Tuesday,October,2017,October-2017,delivered,51bba23b6fd5b430636450f273aadd8a-1
31,686167f2fe956e81a6bbf02cf8885516,1,ebfd23469617d06d4537f338cdb39cd5,e1d4b9056c11d6abd64fbd00f406cbb8,22790,"rio de janeiro",RJ,2423252b2432f1803e4f29e0974c6cf7,brinquedos,60,919,5,1167,36,20,28,48436dade18ac8b2bce089ec2a041202,"volta redonda",SP,27277,credit_card,1,10,139.9,12.93,152.83,"2017-11-03 16:05:59","2017-10-28 15:50:49","2017-10-28 16:05:59","2017-10-31 16:37:38","2017-11-01 18:04:16","2017-11-10 00:00:00",Saturday,October,2017,October-2017,delivered,686167f2fe956e81a6bbf02cf8885516-1
32,8fc1991bfbb78b4d939d11ffef79c398,1,d63ebc611617ecd6acb37f274224062d,51a030b5a150ea7b324b67773cbab8b8,42850,"dias d'avila",BA,2423252b2432f1803e4f29e0974c6cf7,brinquedos,60,919,5,1167,36,20,28,48436dade18ac8b2bce089ec2a041202,"volta redonda",SP,27277,voucher,2,1,139.9,29.38,136.16,"2017-11-02 22:55:10","2017-10-26 22:41:09","2017-10-26 22:55:10","2017-10-31 16:37:36","2017-11-07 22:04:51","2017-11-22 00:00:00",Thursday,October,2017,October-2017,delivered,8fc1991bfbb78b4d939d11ffef79c398-1
33,8fc1991bfbb78b4d939d11ffef79c398,1,d63ebc611617ecd6acb37f274224062d,51a030b5a150ea7b324b67773cbab8b8,42850,"dias d'avila",BA,2423252b2432f1803e4f29e0974c6cf7,brinquedos,60,919,5,1167,36,20,28,48436dade18ac8b2bce089ec2a041202,"volta redonda",SP,27277,credit_card,1,1,139.9,29.38,33.12,"2017-11-02 22:55:10","2017-10-26 22:41:09","2017-10-26 22:55:10","2017-10-31 16:37:36","2017-11-07 22:04:51","2017-11-22 00:00:00",Thursday,October,2017,October-2017,delivered,8fc1991bfbb78b4d939d11ffef79c398-1
34,b8ed227712b7665deac44bd9a5fc6a6f,1,877574fdbff3531c20422802a8580662,1d145be1c3df4da98204434d49bf4877,29510,celina,ES,2423252b2432f1803e4f29e0974c6cf7,brinquedos,60,919,5,1167,36,20,28,48436dade18ac8b2bce089ec2a041202,"volta redonda",SP,27277,boleto,1,1,139.9,18.23,158.13,"2017-10-10 02:44:01","2017-10-03 16:13:38","2017-10-04 02:44:01","2017-10-13 20:10:03","2017-10-24 09:20:02","2017-11-01 00:00:00",Tuesday,October,2017,October-2017,delivered,b8ed227712b7665deac44bd9a5fc6a6f-1
35,d3037ef55ee7f4d6c892da7493f4912f,1,a92c7dc386e43df776cae3f8c5bc3d25,92e0b708c21b0c3cfb1a3ea8fd807529,22775,"rio de janeiro",RJ,2423252b2432f1803e4f29e0974c6cf7,brinquedos,60,919,5,1167,36,20,28,48436dade18ac8b2bce089ec2a041202,"volta redonda",SP,27277,credit_card,1,5,139.9,14.57,154.47,"2017-05-23 16:22:22","2017-05-17 16:12:44","2017-05-17 16:22:22","2017-05-22 14:42:54","2017-05-23 16:57:56","2017-06-06 00:00:00",Wednesday,May,2017,May-2017,delivered,d3037ef55ee7f4d6c892da7493f4912f-1
36,e36361f00e1c093432050d4a52860c8f,1,d9a14369332805c9204ffce41311e330,a3446c44d04e3de440b235e4b632cc57,35120,itanhomi,MG,2423252b2432f1803e4f29e0974c6cf7,brinquedos,60,919,5,1167,36,20,28,48436dade18ac8b2bce089ec2a041202,"volta redonda",SP,27277,credit_card,1,3,139.9,18.23,158.13,"2017-10-05 09:24:37","2017-10-01 09:09:22","2017-10-01 09:24:37","2017-10-06 21:12:48","2017-10-16 18:46:42","2017-10-27 00:00:00",Sunday,October,2017,October-2017,delivered,e36361f00e1c093432050d4a52860c8f-1
37,fbf096edf8034d915770443bb21bfad4,1,1a8552b5f5ee891178aecf797f750d6b,f37322563863005595feada30537cac1,95043,"caxias do sul",RS,2423252b2432f1803e4f29e0974c6cf7,brinquedos,60,919,5,1167,36,20,28,48436dade18ac8b2bce089ec2a041202,"volta redonda",SP,27277,credit_card,1,2,139.9,21.61,161.51,"2017-04-24 21:10:14","2017-04-17 20:55:31","2017-04-17 21:10:14","2017-04-24 11:52:11","2017-05-05 10:56:07","2017-05-16 00:00:00",Monday,April,2017,April-2017,delivered,fbf096edf8034d915770443bb21bfad4-1
38,0c325ea6925de749e1420be0cf43587c,1,e03505278b34146e87c0b4eb41e4f082,c082f4437360e3466068035e94a3345b,18540,"porto feliz",SP,3a135477bf41350a0b1d8afdf616d446,brinquedos,56,928,3,600,52,9,19,48436dade18ac8b2bce089ec2a041202,"volta redonda",SP,27277,credit_card,1,1,139.9,16.74,156.64,"2017-07-06 15:43:50","2017-07-01 15:27:23","2017-07-01 15:43:50","2017-07-05 12:00:33","2017-07-10 17:17:21","2017-07-25 00:00:00",Saturday,July,2017,July-2017,delivered,0c325ea6925de749e1420be0cf43587c-1
39,54f17a6fb99f59adc37b22166a7f1871,1,1d590938091b67588c7e578dd4e10ca2,82e63aead54e127900e93729dca4f2e1,13550,analandia,SP,3a135477bf41350a0b1d8afdf616d446,brinquedos,56,928,3,600,52,9,19,48436dade18ac8b2bce089ec2a041202,"volta redonda",SP,27277,boleto,1,1,185.03,20.49,205.52,"2018-06-29 05:12:51","2018-06-24 06:58:28","2018-06-26 05:12:51","2018-06-27 10:10:00","2018-07-03 23:05:12","2018-07-20 00:00:00",Sunday,June,2018,June-2018,delivered,54f17a6fb99f59adc37b22166a7f1871-1
40,a45087c16cf11897252052baabb332c0,1,44c788d8ffa07a4963c9b8bd8017d151,f672d4ae866d742fc72d3b4c4d2cf23d,4119,"sao paulo",SP,3a135477bf41350a0b1d8afdf616d446,brinquedos,56,928,3,600,52,9,19,48436dade18ac8b2bce089ec2a041202,"volta redonda",SP,27277,credit_card,1,3,149.9,16.81,166.71,"2017-09-07 21:50:24","2017-09-02 21:36:53","2017-09-02 21:50:24","2017-09-06 16:47:35","2017-09-11 19:45:46","2017-09-22 00:00:00",Saturday,September,2017,September-2017,delivered,a45087c16cf11897252052baabb332c0-1
41,f2664c7a8066f3a82b36c7c8f916eab4,1,ad5f23d9b1bace5cd40bb06d67f0f58f,1c989fec2674afd38218559043392974,47810,barreiras,BA,3a135477bf41350a0b1d8afdf616d446,brinquedos,56,928,3,600,52,9,19,48436dade18ac8b2bce089ec2a041202,"volta redonda",SP,27277,credit_card,1,5,144.9,27.55,172.45,"2017-08-09 21:05:18","2017-08-04 20:50:47","2017-08-04 21:05:18","2017-08-07 20:32:47","2017-08-23 18:57:39","2017-09-01 00:00:00",Friday,August,2017,August-2017,delivered,f2664c7a8066f3a82b36c7c8f916eab4-1
42,f9c50aff44ed91808d5b511bd49106ec,1,7beb7eb7d52421653db44718ee4e3e04,af59ff749e92b5cca826883683b7b63e,24430,"sao goncalo",RJ,3a135477bf41350a0b1d8afdf616d446,brinquedos,56,928,3,600,52,9,19,48436dade18ac8b2bce089ec2a041202,"volta redonda",SP,27277,boleto,1,1,149.9,10.46,160.36,"2017-08-23 15:50:16","2017-08-17 13:34:55","2017-08-17 15:50:16","2017-08-21 16:16:52","2017-08-23 20:31:48","2017-09-01 00:00:00",Thursday,August,2017,August-2017,delivered,f9c50aff44ed91808d5b511bd49106ec-1
43,122e2899f5b25c99d52cece91999b676,1,f3df5c58c90ca274dfeb4c9bc6e62c92,6727b0932d03a7dd420b9ddffcc51257,89711,concordia,SC,c03d44fcdfabbabd5185c8eb60f77aea,cool_stuff,55,781,2,500,27,10,15,48436dade18ac8b2bce089ec2a041202,"volta redonda",SP,27277,boleto,1,1,48.9,17.92,66.82,"2017-08-22 03:24:57","2017-08-14 20:28:35","2017-08-16 03:24:57","2017-08-21 16:27:51","2017-08-28 20:07:47","2017-09-08 00:00:00",Monday,August,2017,August-2017,delivered,122e2899f5b25c99d52cece91999b676-1
44,1a45c130db33df3cb0e3cd16f0a8ae9d,1,7e69a78d736e406a05871ede7ec377d5,71be782fe7de27253a0a3b8323ab67b8,81720,curitiba,PR,c03d44fcdfabbabd5185c8eb60f77aea,cool_stuff,55,781,2,500,27,10,15,48436dade18ac8b2bce089ec2a041202,"volta redonda",SP,27277,boleto,1,1,48.9,12.88,130.01,"2017-08-10 02:25:21","2017-08-02 19:58:33","2017-08-04 02:25:21","2017-08-08 15:22:36","2017-08-11 18:47:56","2017-08-28 00:00:00",Wednesday,August,2017,August-2017,delivered,1a45c130db33df3cb0e3cd16f0a8ae9d-1
45,1a45c130db33df3cb0e3cd16f0a8ae9d,2,7e69a78d736e406a05871ede7ec377d5,71be782fe7de27253a0a3b8323ab67b8,81720,curitiba,PR,c43ab4269cbf91b373263db4c2973cad,cool_stuff,59,734,4,650,33,18,27,48436dade18ac8b2bce089ec2a041202,"volta redonda",SP,27277,boleto,1,1,48.9,19.33,130.01,"2017-08-10 02:25:21","2017-08-02 19:58:33","2017-08-04 02:25:21","2017-08-08 15:22:36","2017-08-11 18:47:56","2017-08-28 00:00:00",Wednesday,August,2017,August-2017,delivered,1a45c130db33df3cb0e3cd16f0a8ae9d-2
46,30a0d918b3ba882cd4f3557a0ac1182c,1,c0b858152a08ed0619c1f5adfbbd0c94,f987537e06b2e0fc86d565c2ec019d5c,76270,jussara,GO,c03d44fcdfabbabd5185c8eb60f77aea,cool_stuff,55,781,2,500,27,10,15,48436dade18ac8b2bce089ec2a041202,"volta redonda",SP,27277,credit_card,1,1,48.9,17.92,66.82,"2017-09-13 18:25:07","2017-09-06 18:08:22","2017-09-06 18:25:07","2017-09-13 17:13:04","2017-09-19 20:32:34","2017-10-03 00:00:00",Wednesday,September,2017,September-2017,delivered,30a0d918b3ba882cd4f3557a0ac1182c-1
47,34a9dd848ef0ebd4ae4b60d31720497d,1,b1221b66ecee309fdcdb457f5d642260,306d350d6b818448dc385f07143dcaf2,7270,guarulhos,SP,c03d44fcdfabbabd5185c8eb60f77aea,cool_stuff,55,781,2,500,27,10,15,48436dade18ac8b2bce089ec2a041202,"volta redonda",SP,27277,credit_card,1,5,48.9,16.11,65.01,"2017-10-19 13:13:47","2017-10-14 11:51:19","2017-10-14 12:13:47","2017-10-19 18:33:41","2017-11-14 19:19:43","2017-11-03 00:00:00",Saturday,October,2017,October-2017,delivered,34a9dd848ef0ebd4ae4b60d31720497d-1
48,9079f0a7009de87ec70254bdf060369f,1,1c476e17222ee78216feb6a315ef6be1,f53a55b30decb143136fe8ca8db0469e,14580,guara,SP,c03d44fcdfabbabd5185c8eb60f77aea,cool_stuff,55,781,2,500,27,10,15,48436dade18ac8b2bce089ec2a041202,"volta redonda",SP,27277,credit_card,1,3,44.9,16.11,61.01,"2017-07-19 15:04:12","2017-07-13 14:51:58","2017-07-13 15:04:12","2017-07-17 19:09:47","2017-07-27 19:38:37","2017-08-04 00:00:00",Thursday,July,2017,July-2017,delivered,9079f0a7009de87ec70254bdf060369f-1
49,a62de6fa1ce225032f7220425c941b50,2,d653adc18616e3bf4070236ee0041627,90635f71a521f2261d8ce0462fa6b72d,13160,"artur nogueira",SP,c03d44fcdfabbabd5185c8eb60f77aea,cool_stuff,55,781,2,500,27,10,15,48436dade18ac8b2bce089ec2a041202,"volta redonda",SP,27277,credit_card,1,2,44.9,12.89,123.02,"2017-05-30 12:03:48","2017-05-24 11:39:16","2017-05-24 12:03:48","2017-05-25 10:43:21","2017-06-01 13:03:47","2017-06-16 00:00:00",Wednesday,May,2017,May-2017,delivered,a62de6fa1ce225032f7220425c941b50-2
50,a62de6fa1ce225032f7220425c941b50,1,d653adc18616e3bf4070236ee0041627,90635f71a521f2261d8ce0462fa6b72d,13160,"artur nogueira",SP,c43ab4269cbf91b373263db4c2973cad,cool_stuff,59,734,4,650,33,18,27,48436dade18ac8b2bce089ec2a041202,"volta redonda",SP,27277,credit_card,1,2,45.9,19.33,123.02,"2017-05-30 12:03:48","2017-05-24 11:39:16","2017-05-24 12:03:48","2017-05-25 10:43:21","2017-06-01 13:03:47","2017-06-16 00:00:00",Wednesday,May,2017,May-2017,delivered,a62de6fa1ce225032f7220425c941b50-1
51,c097ba1708f952d3c081e4dc6b27148a,1,42fda2d2d454649d39e6ec5c00b4f1f4,4e58455924b97da4c44477abb0b030a5,9791,"sao bernardo do campo",SP,c03d44fcdfabbabd5185c8eb60f77aea,cool_stuff,55,781,2,500,27,10,15,48436dade18ac8b2bce089ec2a041202,"volta redonda",SP,27277,credit_card,1,3,44.9,16.11,61.01,"2017-05-23 22:05:18","2017-05-17 21:51:30","2017-05-17 22:05:18","2017-05-22 15:21:52","2017-05-28 04:28:52","2017-06-08 00:00:00",Wednesday,May,2017,May-2017,delivered,c097ba1708f952d3c081e4dc6b27148a-1
52,13d45a0fb42d1b8691a1824859519e4e,1,63ac9058c1f1f1ec7f174e8d80d36ae9,6e333942859ee2b644a75f42da7b1c5a,38610,unai,MG,c9ea06f7fd4bd778e96031f46f60dfb9,brinquedos,56,670,1,840,33,13,26,48436dade18ac8b2bce089ec2a041202,"volta redonda",SP,27277,boleto,1,1,99.9,17.95,117.85,"2017-10-02 04:07:17","2017-09-22 11:08:46","2017-09-26 04:07:17","2017-09-29 17:43:43","2017-10-17 20:12:55","2017-10-19 00:00:00",Friday,September,2017,September-2017,delivered,13d45a0fb42d1b8691a1824859519e4e-1
53,1dcf0c8cd36ffaf57784fbdc90079310,1,34955e04695a861e22cfc5600244118d,1b70f1238c390e4e7f01455440b09233,59390,"lagoa nova",RN,c9ea06f7fd4bd778e96031f46f60dfb9,brinquedos,56,670,1,840,33,13,26,48436dade18ac8b2bce089ec2a041202,"volta redonda",SP,27277,credit_card,1,3,99.9,57.25,157.15,"2018-04-25 21:31:03","2018-04-19 21:16:39","2018-04-19 21:31:03","2018-04-24 17:17:41","2018-05-09 18:39:56","2018-05-22 00:00:00",Thursday,April,2018,April-2018,delivered,1dcf0c8cd36ffaf57784fbdc90079310-1
54,4a580bca631a940ffc9e25c96da01773,1,dbd8419d89e2d12f79322167e68e6225,0046311f458d8041b00063cb99482903,8270,"sao paulo",SP,c9ea06f7fd4bd778e96031f46f60dfb9,brinquedos,56,670,1,840,33,13,26,48436dade18ac8b2bce089ec2a041202,"volta redonda",SP,27277,credit_card,1,4,95.9,16.43,112.33,"2017-08-07 20:10:17","2017-08-01 19:24:31","2017-08-01 20:10:17","2017-08-02 19:07:36","2017-11-09 18:08:54","2017-08-23 00:00:00",Tuesday,August,2017,August-2017,delivered,4a580bca631a940ffc9e25c96da01773-1
55,4c365e193d687efcaf025374ce057497,1,9d7be57ddc14f4872c4482d2eb258940,099ad6bd21d4bbb978fc59825a35faee,27275,"volta redonda",RJ,c9ea06f7fd4bd778e96031f46f60dfb9,brinquedos,56,670,1,840,33,13,26,48436dade18ac8b2bce089ec2a041202,"volta redonda",SP,27277,credit_card,1,10,99.9,12.03,111.93,"2018-05-15 09:10:54","2018-05-09 08:47:44","2018-05-09 09:10:54","2018-05-09 12:29:00","2018-05-10 20:48:41","2018-05-21 00:00:00",Wednesday,May,2018,May-2018,delivered,4c365e193d687efcaf025374ce057497-1
56,7b9d78f5bc4b271094f1e7c107c3142d,1,270363614b2b12a6b9c4acc42ec5f3c4,e889d48214f734c3caf3f0010fe5c91d,30421,"belo horizonte",MG,c9ea06f7fd4bd778e96031f46f60dfb9,brinquedos,56,670,1,840,33,13,26,48436dade18ac8b2bce089ec2a041202,"volta redonda",SP,27277,credit_card,1,6,99.9,17.95,117.85,"2017-09-29 09:05:35","2017-09-25 08:50:48","2017-09-25 09:05:35","2017-09-27 19:27:30","2017-10-03 18:06:21","2017-10-19 00:00:00",Monday,September,2017,September-2017,delivered,7b9d78f5bc4b271094f1e7c107c3142d-1
57,ca4ab73a0c2d4de618eb92c404e1f092,1,5f00dc1a9cc2562dacacea4e8cea2811,025d137104467c3e5c07018d9d0bb6fa,24412,"sao goncalo",RJ,c9ea06f7fd4bd778e96031f46f60dfb9,brinquedos,56,670,1,840,33,13,26,48436dade18ac8b2bce089ec2a041202,"volta redonda",SP,27277,credit_card,1,2,98.9,12.65,111.55,"2017-10-09 14:49:14","2017-10-03 14:27:59","2017-10-03 14:49:14","2017-10-09 17:56:46","2017-10-13 19:19:47","2017-10-20 00:00:00",Tuesday,October,2017,October-2017,delivered,ca4ab73a0c2d4de618eb92c404e1f092-1
58,168c0ece9e82b97455bf1a81502af9de,1,0f342c136ff07f922e5ee9e337096255,dc16e2d988a21149fb0bc53c7ae101dc,4854,"sao paulo",SP,54e5939fcd9ae70ad0f59f612d6d29bd,cool_stuff,51,471,4,550,27,10,15,48436dade18ac8b2bce089ec2a041202,"volta redonda",SP,27277,credit_card,1,2,42.9,16.11,59.01,"2017-10-04 10:28:22","2017-09-28 10:18:49","2017-09-28 10:28:22","2017-10-02 18:53:14","2017-10-13 18:04:45","2017-10-23 00:00:00",Thursday,September,2017,September-2017,delivered,168c0ece9e82b97455bf1a81502af9de-1
59,279b0128499fe319bfc49512b1612eb7,1,e58850376bff96218c65670a1747c41e,ac98d6799e0f48b584c7aff57799b704,6631,jandira,SP,54e5939fcd9ae70ad0f59f612d6d29bd,cool_stuff,51,471,4,550,27,10,15,48436dade18ac8b2bce089ec2a041202,"volta redonda",SP,27277,credit_card,1,2,45.9,16.11,62.01,"2017-10-26 15:49:35","2017-10-21 15:41:41","2017-10-21 15:49:35","2017-10-23 19:09:28","2017-10-26 00:22:18","2017-11-14 00:00:00",Saturday,October,2017,October-2017,delivered,279b0128499fe319bfc49512b1612eb7-1
60,2929e8208718655c26082e7331ef49e4,1,57841269df64fd5c9ba421df2e89a4bb,a4a93dbdbc00ea73647d9f0ff9754b2d,68005,santarem,PA,54e5939fcd9ae70ad0f59f612d6d29bd,cool_stuff,51,471,4,550,27,10,15,48436dade18ac8b2bce089ec2a041202,"volta redonda",SP,27277,credit_card,1,3,42.9,44.2,87.1,"2017-10-03 12:49:41","2017-09-27 12:32:34","2017-09-27 12:49:41","2017-09-29 17:36:40","2017-11-07 22:31:47","2017-11-03 00:00:00",Wednesday,September,2017,September-2017,delivered,2929e8208718655c26082e7331ef49e4-1
61,5a65cedc025f607cbdb4c5219f648ae3,1,9eb85dfb61032b308cd9dafec6fcb3ee,ccd78f91a99ea36a352433913577d3ad,23580,"rio de janeiro",RJ,54e5939fcd9ae70ad0f59f612d6d29bd,cool_stuff,51,471,4,550,27,10,15,48436dade18ac8b2bce089ec2a041202,"volta redonda",SP,27277,voucher,3,1,42.9,9.94,12.84,"2017-10-05 11:24:47","2017-09-30 11:11:25","2017-09-30 11:24:47","2017-10-06 16:55:18","2017-10-09 17:46:04","2017-10-18 00:00:00",Saturday,September,2017,September-2017,delivered,5a65cedc025f607cbdb4c5219f648ae3-1
62,5a65cedc025f607cbdb4c5219f648ae3,1,9eb85dfb61032b308cd9dafec6fcb3ee,ccd78f91a99ea36a352433913577d3ad,23580,"rio de janeiro",RJ,54e5939fcd9ae70ad0f59f612d6d29bd,cool_stuff,51,471,4,550,27,10,15,48436dade18ac8b2bce089ec2a041202,"volta redonda",SP,27277,voucher,2,1,42.9,9.94,20,"2017-10-05 11:24:47","2017-09-30 11:11:25","2017-09-30 11:24:47","2017-10-06 16:55:18","2017-10-09 17:46:04","2017-10-18 00:00:00",Saturday,September,2017,September-2017,delivered,5a65cedc025f607cbdb4c5219f648ae3-1
63,5a65cedc025f607cbdb4c5219f648ae3,1,9eb85dfb61032b308cd9dafec6fcb3ee,ccd78f91a99ea36a352433913577d3ad,23580,"rio de janeiro",RJ,54e5939fcd9ae70ad0f59f612d6d29bd,cool_stuff,51,471,4,550,27,10,15,48436dade18ac8b2bce089ec2a041202,"volta redonda",SP,27277,voucher,1,1,42.9,9.94,20,"2017-10-05 11:24:47","2017-09-30 11:11:25","2017-09-30 11:24:47","2017-10-06 16:55:18","2017-10-09 17:46:04","2017-10-18 00:00:00",Saturday,September,2017,September-2017,delivered,5a65cedc025f607cbdb4c5219f648ae3-1
64,62e975f28aa68109d68f92298a9327ac,1,00ba767af52461bf567696d2a6d2909f,4dfa53e424b44b9dcb3965683078712d,39400,"montes claros",MG,54e5939fcd9ae70ad0f59f612d6d29bd,cool_stuff,51,471,4,550,27,10,15,48436dade18ac8b2bce089ec2a041202,"volta redonda",SP,27277,voucher,4,1,45.9,16.11,20.48,"2017-10-31 15:14:19","2017-10-25 14:58:58","2017-10-25 15:14:49","2017-10-27 17:26:55","2017-11-08 20:49:30","2017-11-21 00:00:00",Wednesday,October,2017,October-2017,delivered,62e975f28aa68109d68f92298a9327ac-1
65,62e975f28aa68109d68f92298a9327ac,1,00ba767af52461bf567696d2a6d2909f,4dfa53e424b44b9dcb3965683078712d,39400,"montes claros",MG,54e5939fcd9ae70ad0f59f612d6d29bd,cool_stuff,51,471,4,550,27,10,15,48436dade18ac8b2bce089ec2a041202,"volta redonda",SP,27277,credit_card,1,1,45.9,16.11,0.55,"2017-10-31 15:14:19","2017-10-25 14:58:58","2017-10-25 15:14:49","2017-10-27 17:26:55","2017-11-08 20:49:30","2017-11-21 00:00:00",Wednesday,October,2017,October-2017,delivered,62e975f28aa68109d68f92298a9327ac-1
66,62e975f28aa68109d68f92298a9327ac,1,00ba767af52461bf567696d2a6d2909f,4dfa53e424b44b9dcb3965683078712d,39400,"montes claros",MG,54e5939fcd9ae70ad0f59f612d6d29bd,cool_stuff,51,471,4,550,27,10,15,48436dade18ac8b2bce089ec2a041202,"volta redonda",SP,27277,voucher,2,1,45.9,16.11,20.49,"2017-10-31 15:14:19","2017-10-25 14:58:58","2017-10-25 15:14:49","2017-10-27 17:26:55","2017-11-08 20:49:30","2017-11-21 00:00:00",Wednesday,October,2017,October-2017,delivered,62e975f28aa68109d68f92298a9327ac-1
67,62e975f28aa68109d68f92298a9327ac,1,00ba767af52461bf567696d2a6d2909f,4dfa53e424b44b9dcb3965683078712d,39400,"montes claros",MG,54e5939fcd9ae70ad0f59f612d6d29bd,cool_stuff,51,471,4,550,27,10,15,48436dade18ac8b2bce089ec2a041202,"volta redonda",SP,27277,voucher,3,1,45.9,16.11,20.49,"2017-10-31 15:14:19","2017-10-25 14:58:58","2017-10-25 15:14:49","2017-10-27 17:26:55","2017-11-08 20:49:30","2017-11-21 00:00:00",Wednesday,October,2017,October-2017,delivered,62e975f28aa68109d68f92298a9327ac-1
68,80549ebc0ab692a2a0c6837f2292b7b4,1,b5e7db3a40512499dabd30be0f390d1b,715cf4b2f479c0df830dc2fedff5df65,25070,"duque de caxias",RJ,54e5939fcd9ae70ad0f59f612d6d29bd,cool_stuff,51,471,4,550,27,10,15,48436dade18ac8b2bce089ec2a041202,"volta redonda",SP,27277,credit_card,1,1,50.9,9.44,60.34,"2018-04-04 21:27:42","2018-03-30 21:23:39","2018-03-31 21:27:42","2018-04-03 17:32:32","2018-04-05 21:44:42","2018-04-13 00:00:00",Friday,March,2018,March-2018,delivered,80549ebc0ab692a2a0c6837f2292b7b4-1
69,867711b4834ce56a43da811777ea6ec4,1,810097a2f77b7dd3b52032ed9d7d3ca3,fc7b10310fe6110e2a4a967fe04c39a7,36576,"porto firme",MG,54e5939fcd9ae70ad0f59f612d6d29bd,cool_stuff,51,471,4,550,27,10,15,48436dade18ac8b2bce089ec2a041202,"volta redonda",SP,27277,credit_card,1,1,48.9,16.11,65.01,"2017-11-08 13:26:21","2017-11-01 12:31:39","2017-11-01 13:31:19","2017-11-03 20:43:33","2017-11-10 20:06:46","2017-11-27 00:00:00",Wednesday,November,2017,November-2017,delivered,867711b4834ce56a43da811777ea6ec4-1
70,8dae11cb6c1305e2756cef677ac2f4dc,1,8e5d467a031a1ff1a25f61d18a3315ed,08ce898ac4fbdbfd9cdac1e18689dfc0,18701,avare,SP,54e5939fcd9ae70ad0f59f612d6d29bd,cool_stuff,51,471,4,550,27,10,15,48436dade18ac8b2bce089ec2a041202,"volta redonda",SP,27277,credit_card,1,1,39.9,16.11,56.01,"2017-07-25 12:43:46","2017-07-19 12:26:42","2017-07-19 12:43:46","2017-07-21 17:15:58","2017-08-01 20:12:09","2017-08-10 00:00:00",Wednesday,July,2017,July-2017,delivered,8dae11cb6c1305e2756cef677ac2f4dc-1
71,9fe1f3d48d5a0ba5eb84e53689b8a766,1,1dc4c9fec0b8dff52815bc148005e1e2,d6848141074791f20e1143d104a780d4,70331,brasilia,DF,54e5939fcd9ae70ad0f59f612d6d29bd,cool_stuff,51,471,4,550,27,10,15,48436dade18ac8b2bce089ec2a041202,"volta redonda",SP,27277,credit_card,1,6,49.9,19.32,69.22,"2018-03-15 20:20:22","2018-03-10 19:39:25","2018-03-10 20:20:22","2018-03-12 19:21:54","2018-04-11 19:57:39","2018-04-04 00:00:00",Saturday,March,2018,March-2018,delivered,9fe1f3d48d5a0ba5eb84e53689b8a766-1
72,b41615b1708e1ff9df91b0cd0f6fdffa,1,2fe77f33727918b1d8fa3e990d4967ac,a8d95ffc88bf3c18e35a8b2de2f04bda,37133,alfenas,MG,54e5939fcd9ae70ad0f59f612d6d29bd,cool_stuff,51,471,4,550,27,10,15,48436dade18ac8b2bce089ec2a041202,"volta redonda",SP,27277,credit_card,1,5,42.9,16.11,59.01,"2017-10-04 17:49:35","2017-09-28 17:34:28","2017-09-28 17:49:35","2017-10-02 18:55:57","2017-10-10 20:02:46","2017-10-24 00:00:00",Thursday,September,2017,September-2017,delivered,b41615b1708e1ff9df91b0cd0f6fdffa-1
73,b4351b639f2b08615cf0af316b7fd590,1,5883ec31904f13a6b87af78ca0f65e05,26ba94dfa1455f35df98f0272823d02c,4348,"sao paulo",SP,54e5939fcd9ae70ad0f59f612d6d29bd,cool_stuff,51,471,4,550,27,10,15,48436dade18ac8b2bce089ec2a041202,"volta redonda",SP,27277,boleto,1,1,48.9,16.11,65.01,"2017-11-09 06:55:32","2017-11-02 19:39:24","2017-11-04 06:55:32","2017-11-07 18:58:33","2017-11-13 16:58:54","2017-11-24 00:00:00",Thursday,November,2017,November-2017,delivered,b4351b639f2b08615cf0af316b7fd590-1
74,b747117c2b61e77e4ca28fc2ab62860b,1,8c1f0db2e1e91b28425f0d7e46454e94,98fac811fba7ee31c89a875658932862,19274,primavera,SP,54e5939fcd9ae70ad0f59f612d6d29bd,cool_stuff,51,471,4,550,27,10,15,48436dade18ac8b2bce089ec2a041202,"volta redonda",SP,27277,credit_card,1,4,49.4,16.11,65.51,"2018-03-08 18:29:09","2018-03-03 17:24:22","2018-03-03 18:29:09","2018-03-06 18:52:02","2018-04-20 11:32:51","2018-03-26 00:00:00",Saturday,March,2018,March-2018,delivered,b747117c2b61e77e4ca28fc2ab62860b-1
75,bcdb2acf83fbdd65aa15e879cd8afaa5,1,39fca5d473f90b6a8b4cd39f5834202a,f2ab7bd70a9a23df0dac0be98f038374,14071,"ribeirao preto",SP,54e5939fcd9ae70ad0f59f612d6d29bd,cool_stuff,51,471,4,550,27,10,15,48436dade18ac8b2bce089ec2a041202,"volta redonda",SP,27277,credit_card,1,2,45.9,16.11,62.01,"2017-10-13 15:35:17","2017-10-07 15:27:15","2017-10-07 15:35:17","2017-10-13 16:13:52","2017-10-23 17:52:40","2017-11-03 00:00:00",Saturday,October,2017,October-2017,delivered,bcdb2acf83fbdd65aa15e879cd8afaa5-1
76,c2ca2bb17ed706c909f7011c18b1ba98,1,596333805ac932042fad7eeb3f2b9362,1f33de2860252339c526feb6de7f1b91,36500,uba,MG,54e5939fcd9ae70ad0f59f612d6d29bd,cool_stuff,51,471,4,550,27,10,15,48436dade18ac8b2bce089ec2a041202,"volta redonda",SP,27277,boleto,1,1,45.9,13.23,59.13,"2017-10-09 03:56:32","2017-10-01 19:37:59","2017-10-03 03:56:32","2017-10-10 18:44:48","2017-10-30 17:52:19","2017-10-27 00:00:00",Sunday,October,2017,October-2017,delivered,c2ca2bb17ed706c909f7011c18b1ba98-1
77,e9be4915bddc1b3959b291b443ed9fe3,1,1323eac79bee9f610f5f5ffb578c11f6,03b27a1d3cc8dc5a00cc993e05c71d07,25935,mage,RJ,54e5939fcd9ae70ad0f59f612d6d29bd,cool_stuff,51,471,4,550,27,10,15,48436dade18ac8b2bce089ec2a041202,"volta redonda",SP,27277,credit_card,1,3,45.9,9.94,55.84,"2017-10-05 11:35:10","2017-10-01 11:23:44","2017-10-01 11:35:10","2017-10-09 21:52:20","2017-10-11 19:15:31","2017-10-20 00:00:00",Sunday,October,2017,October-2017,delivered,e9be4915bddc1b3959b291b443ed9fe3-1
78,ec0fa04fd1dffd9f00f92312214d7eac,1,647b6836dfd886cce7c2ac2601daeb0f,c9944a10e67b3aba2e50e03f29337fcc,16200,birigui,SP,54e5939fcd9ae70ad0f59f612d6d29bd,cool_stuff,51,471,4,550,27,10,15,48436dade18ac8b2bce089ec2a041202,"volta redonda",SP,27277,boleto,1,1,42.9,16.11,59.01,"2017-09-28 02:30:39","2017-09-22 13:10:51","2017-09-23 02:30:39","2017-09-27 18:30:19","2017-10-03 19:04:18","2017-10-18 00:00:00",Friday,September,2017,September-2017,delivered,ec0fa04fd1dffd9f00f92312214d7eac-1
79,f0134bd71e6bbd312d86f1f073d60b72,1,76aec02fc0fe8e71e8903834b520cf2e,56929b4cf5b306902176697e4b487528,28942,"sao pedro da aldeia",RJ,54e5939fcd9ae70ad0f59f612d6d29bd,cool_stuff,51,471,4,550,27,10,15,48436dade18ac8b2bce089ec2a041202,"volta redonda",SP,27277,credit_card,1,1,49.9,13.56,63.46,"2018-08-21 09:24:12","2018-08-16 09:11:19","2018-08-16 09:24:12","2018-08-20 13:56:00","2018-08-23 16:38:51","2018-09-03 00:00:00",Thursday,August,2018,August-2018,delivered,f0134bd71e6bbd312d86f1f073d60b72-1
80,f28b59f3a9d27b5a7ea86d0ede1b99d0,1,87037d2b655157357338785bb1d20e07,d755847d9fc52accecf07132250da409,28400,"sao fidelis",RJ,54e5939fcd9ae70ad0f59f612d6d29bd,cool_stuff,51,471,4,550,27,10,15,48436dade18ac8b2bce089ec2a041202,"volta redonda",SP,27277,credit_card,1,3,42.9,13.23,56.13,"2017-10-03 12:49:47","2017-09-27 12:37:49","2017-09-27 12:49:47","2017-09-29 17:41:40","2017-10-02 20:24:56","2017-10-19 00:00:00",Wednesday,September,2017,September-2017,delivered,f28b59f3a9d27b5a7ea86d0ede1b99d0-1
81,1a6c3832fcc2947c38b41bd24fe0201e,1,91bb67066c8638f483d7e2e5e277389f,ebf5d0fbcb0d1b30d6a8bd27052fcc62,62540,amontada,CE,c43ab4269cbf91b373263db4c2973cad,cool_stuff,59,734,4,650,33,18,27,48436dade18ac8b2bce089ec2a041202,"volta redonda",SP,27277,credit_card,1,1,45.9,35.67,81.57,"2017-07-06 15:50:15","2017-06-30 15:31:51","2017-06-30 15:50:15","2017-07-05 12:00:33","2017-07-18 17:53:33","2017-08-03 00:00:00",Friday,June,2017,June-2017,delivered,1a6c3832fcc2947c38b41bd24fe0201e-1
82,3102ea2ab7ac2a1a88a1286fe68d8ed8,1,5edca9a028788c636ba7e0cd425ddbab,e7e6c73d63190cbf9d70af9c488e227f,27175,pirai,RJ,c43ab4269cbf91b373263db4c2973cad,cool_stuff,59,734,4,650,33,18,27,48436dade18ac8b2bce089ec2a041202,"volta redonda",SP,27277,credit_card,1,3,48.9,14.88,124.26,"2017-08-24 21:45:07","2017-08-20 21:29:43","2017-08-20 21:45:07","2017-08-22 18:24:24","2017-08-23 22:41:29","2017-09-11 00:00:00",Sunday,August,2017,August-2017,delivered,3102ea2ab7ac2a1a88a1286fe68d8ed8-1
83,3102ea2ab7ac2a1a88a1286fe68d8ed8,2,5edca9a028788c636ba7e0cd425ddbab,e7e6c73d63190cbf9d70af9c488e227f,27175,pirai,RJ,d65b6607952f9e0d705b1cbdc92ac027,cool_stuff,57,768,4,500,27,10,15,48436dade18ac8b2bce089ec2a041202,"volta redonda",SP,27277,credit_card,1,3,48.9,11.58,124.26,"2017-08-24 21:45:07","2017-08-20 21:29:43","2017-08-20 21:45:07","2017-08-22 18:24:24","2017-08-23 22:41:29","2017-09-11 00:00:00",Sunday,August,2017,August-2017,delivered,3102ea2ab7ac2a1a88a1286fe68d8ed8-2
84,387e3755441d1da1712321040008a4e3,1,d32f4503c93eb3f2a32f4ab89128f249,a22413e6c987b152ebdf3c6f19652268,59528,bodo,RN,c43ab4269cbf91b373263db4c2973cad,cool_stuff,59,734,4,650,33,18,27,48436dade18ac8b2bce089ec2a041202,"volta redonda",SP,27277,credit_card,1,2,48.9,35.67,84.57,"2017-08-04 15:55:10","2017-07-31 15:43:06","2017-07-31 15:55:10","2017-08-02 19:07:37","2017-08-21 21:23:33","2017-09-01 00:00:00",Monday,July,2017,July-2017,delivered,387e3755441d1da1712321040008a4e3-1
85,3bdb4a8f9e391c81696a80c1bf7c67ff,1,ae1df93af04a6e463230fc1966638537,ab78e3dc0a9ba374d7cd4aaf92254371,7787,cajamar,SP,c43ab4269cbf91b373263db4c2973cad,cool_stuff,59,734,4,650,33,18,27,48436dade18ac8b2bce089ec2a041202,"volta redonda",SP,27277,credit_card,1,1,45.9,15.56,61.46,"2017-04-11 14:10:13","2017-04-05 13:04:39","2017-04-05 14:10:13","2017-04-06 16:37:36","2017-04-10 14:35:03","2017-04-28 00:00:00",Wednesday,April,2017,April-2017,delivered,3bdb4a8f9e391c81696a80c1bf7c67ff-1
86,55f2d8cb4b644ca9cc2da77732fd1117,1,c45d972653c58a5c8e83032f8749401d,1c6090d4cf4eec0fcc94535be0f6761f,22795,"rio de janeiro",RJ,c43ab4269cbf91b373263db4c2973cad,cool_stuff,59,734,4,650,33,18,27,48436dade18ac8b2bce089ec2a041202,"volta redonda",SP,27277,credit_card,1,4,49.4,9.94,59.34,"2017-10-19 14:14:18","2017-10-15 13:56:49","2017-10-15 14:14:18","2017-10-19 17:45:06","2017-10-20 17:51:53","2017-10-26 00:00:00",Sunday,October,2017,October-2017,delivered,55f2d8cb4b644ca9cc2da77732fd1117-1
87,5c023462e58e2ae6d5d23ee03de1563c,1,0c2f6a31ec4940b249ed3e65304a8a6e,adf4fe4a0c7455d38ce27058d4b85f97,17022,bauru,SP,c43ab4269cbf91b373263db4c2973cad,cool_stuff,59,734,4,650,33,18,27,48436dade18ac8b2bce089ec2a041202,"volta redonda",SP,27277,boleto,1,1,45.9,16.11,62.01,"2017-06-01 02:30:22","2017-05-25 08:08:14","2017-05-26 02:30:22","2017-06-02 10:41:08","2017-06-09 18:12:37","2017-06-19 00:00:00",Thursday,May,2017,May-2017,delivered,5c023462e58e2ae6d5d23ee03de1563c-1
88,60671dbc6a3437884fe12844687b2049,1,8e79a7fcab919d35511f0c0fa5de5097,ba197c8e73ea6ad47bc05321325331de,76420,niquelandia,GO,c43ab4269cbf91b373263db4c2973cad,cool_stuff,59,734,4,650,33,18,27,48436dade18ac8b2bce089ec2a041202,"volta redonda",SP,27277,credit_card,1,3,48.9,17.92,133.64,"2017-08-18 13:05:16","2017-08-14 12:22:14","2017-08-14 13:05:16","2017-08-15 19:26:45","2017-08-30 17:07:13","2017-09-14 00:00:00",Monday,August,2017,August-2017,delivered,60671dbc6a3437884fe12844687b2049-1
89,60671dbc6a3437884fe12844687b2049,2,8e79a7fcab919d35511f0c0fa5de5097,ba197c8e73ea6ad47bc05321325331de,76420,niquelandia,GO,c43ab4269cbf91b373263db4c2973cad,cool_stuff,59,734,4,650,33,18,27,48436dade18ac8b2bce089ec2a041202,"volta redonda",SP,27277,credit_card,1,3,48.9,17.92,133.64,"2017-08-18 13:05:16","2017-08-14 12:22:14","2017-08-14 13:05:16","2017-08-15 19:26:45","2017-08-30 17:07:13","2017-09-14 00:00:00",Monday,August,2017,August-2017,delivered,60671dbc6a3437884fe12844687b2049-2
90,64a84bc3bb67d3a25cbc2d744eb2968c,1,ea1f7bb81ed4f141540bf434ef141f42,d3d8e9c6c8f1be8d154e329e99eaf8f7,21020,"rio de janeiro",RJ,c43ab4269cbf91b373263db4c2973cad,cool_stuff,59,734,4,650,33,18,27,48436dade18ac8b2bce089ec2a041202,"volta redonda",SP,27277,credit_card,1,1,45.9,13.23,59.13,"2017-05-22 14:05:23","2017-05-16 13:56:23","2017-05-16 14:05:23","2017-05-19 13:40:52","2017-05-23 11:13:52","2017-06-05 00:00:00",Tuesday,May,2017,May-2017,delivered,64a84bc3bb67d3a25cbc2d744eb2968c-1
91,71e6174ecee5b2562945b98c5fa17cd4,1,1421cb63f0a9dedc0c36b0b96bb60ec5,e306c019a262500b02f86129b8d5954f,14500,ituverava,SP,c43ab4269cbf91b373263db4c2973cad,cool_stuff,59,734,4,650,33,18,27,48436dade18ac8b2bce089ec2a041202,"volta redonda",SP,27277,credit_card,1,2,45.9,15.56,61.46,"2017-03-28 14:57:30","2017-03-22 14:57:30","2017-03-22 14:57:30","2017-03-24 11:37:22","2017-03-31 16:14:43","2017-04-12 00:00:00",Wednesday,March,2017,March-2017,delivered,71e6174ecee5b2562945b98c5fa17cd4-1
92,76431a049e67e903e616499cb2b32f0c,1,b999716961df05075a380f01c338cd83,af221994a2abf3c9a7223b782b210641,13145,paulinia,SP,c43ab4269cbf91b373263db4c2973cad,cool_stuff,59,734,4,650,33,18,27,48436dade18ac8b2bce089ec2a041202,"volta redonda",SP,27277,boleto,1,1,51.9,16.12,68.02,"2017-09-08 04:35:39","2017-08-31 13:57:57","2017-09-01 04:35:39","2017-09-06 16:47:32","2017-09-13 17:39:39","2017-09-21 00:00:00",Thursday,August,2017,August-2017,delivered,76431a049e67e903e616499cb2b32f0c-1
93,7d98d1e2ee124ce999d8de65a391b73e,1,666b7bb54abadd1d317677a03e666c22,9a7f008e7c9c792d655b815d5596ea51,27197,pinheiral,RJ,c43ab4269cbf91b373263db4c2973cad,cool_stuff,59,734,4,650,33,18,27,48436dade18ac8b2bce089ec2a041202,"volta redonda",SP,27277,boleto,1,1,51.9,13.24,130.28,"2017-09-08 02:30:18","2017-08-31 09:45:20","2017-09-01 02:30:18","2017-09-06 16:47:32","2017-09-11 20:12:19","2017-09-19 00:00:00",Thursday,August,2017,August-2017,delivered,7d98d1e2ee124ce999d8de65a391b73e-1
94,7d98d1e2ee124ce999d8de65a391b73e,2,666b7bb54abadd1d317677a03e666c22,9a7f008e7c9c792d655b815d5596ea51,27197,pinheiral,RJ,c43ab4269cbf91b373263db4c2973cad,cool_stuff,59,734,4,650,33,18,27,48436dade18ac8b2bce089ec2a041202,"volta redonda",SP,27277,boleto,1,1,51.9,13.24,130.28,"2017-09-08 02:30:18","2017-08-31 09:45:20","2017-09-01 02:30:18","2017-09-06 16:47:32","2017-09-11 20:12:19","2017-09-19 00:00:00",Thursday,August,2017,August-2017,delivered,7d98d1e2ee124ce999d8de65a391b73e-2
95,8647ff7e5f9536a33f5e6fd7f2c08d2a,2,f277efbc37718499302b3e189bde8e35,7c64114d404c93f2c4305a9f2e7dc3eb,46430,guanambi,BA,c43ab4269cbf91b373263db4c2973cad,cool_stuff,59,734,4,650,33,18,27,48436dade18ac8b2bce089ec2a041202,"volta redonda",SP,27277,boleto,1,1,46.9,30.25,145.57,"2017-07-10 04:05:27","2017-07-02 15:00:51","2017-07-04 04:05:27","2017-07-05 12:00:33","2017-07-12 16:12:36","2017-07-31 00:00:00",Sunday,July,2017,July-2017,delivered,8647ff7e5f9536a33f5e6fd7f2c08d2a-2
96,8647ff7e5f9536a33f5e6fd7f2c08d2a,1,f277efbc37718499302b3e189bde8e35,7c64114d404c93f2c4305a9f2e7dc3eb,46430,guanambi,BA,d65b6607952f9e0d705b1cbdc92ac027,cool_stuff,57,768,4,500,27,10,15,48436dade18ac8b2bce089ec2a041202,"volta redonda",SP,27277,boleto,1,1,44.9,23.52,145.57,"2017-07-10 04:05:27","2017-07-02 15:00:51","2017-07-04 04:05:27","2017-07-05 12:00:33","2017-07-12 16:12:36","2017-07-31 00:00:00",Sunday,July,2017,July-2017,delivered,8647ff7e5f9536a33f5e6fd7f2c08d2a-1
97,90858cf145c3bfaa25dca2f279bf8ac2,1,e44f15aad2720323261079b0290f4248,c6133cd953fb7d6c7c74e251cca5201d,17110,bauru,SP,c43ab4269cbf91b373263db4c2973cad,cool_stuff,59,734,4,650,33,18,27,48436dade18ac8b2bce089ec2a041202,"volta redonda",SP,27277,credit_card,1,3,45.9,16.11,62.01,"2017-06-28 20:55:15","2017-06-22 20:42:30","2017-06-22 20:55:15","2017-06-27 15:41:52","2017-07-05 07:45:43","2017-07-14 00:00:00",Thursday,June,2017,June-2017,delivered,90858cf145c3bfaa25dca2f279bf8ac2-1
98,98b1e2ab7ac5c2be52f3e1d74ce5b18e,1,d62aa5699e77744118db71d3f9228dbc,b91dd4d025683fea95cb78783d6557a7,8210,"sao paulo",SP,c43ab4269cbf91b373263db4c2973cad,cool_stuff,59,734,4,650,33,18,27,48436dade18ac8b2bce089ec2a041202,"volta redonda",SP,27277,debit_card,1,1,51.9,16.12,68.02,"2017-10-19 19:49:25","2017-10-13 17:37:07","2017-10-13 18:49:25","2017-10-18 18:55:48","2017-10-23 20:20:02","2017-11-01 00:00:00",Friday,October,2017,October-2017,delivered,98b1e2ab7ac5c2be52f3e1d74ce5b18e-1
99,a2f7b7dd8e50a59d16010e3d5a52b2cd,1,bb16c074df4c0c4551cadcaa2eabcece,dfd745964828b2a884c373b7d48253de,36542,"bras pires",MG,c43ab4269cbf91b373263db4c2973cad,cool_stuff,59,734,4,650,33,18,27,48436dade18ac8b2bce089ec2a041202,"volta redonda",SP,27277,boleto,1,1,51.9,16.12,68.02,"2017-10-18 04:26:51","2017-10-09 22:59:50","2017-10-11 03:26:51","2017-10-19 14:12:19","2017-10-25 19:37:54","2017-11-01 00:00:00",Monday,October,2017,October-2017,delivered,a2f7b7dd8e50a59d16010e3d5a52b2cd-1
100,a3a1b4761bb6da969fa862b89382e855,1,178a39120267757ad51cd4c00165eec2,9b97bcdad0eec4b20489975f24b822df,89221,joinville,SC,c43ab4269cbf91b373263db4c2973cad,cool_stuff,59,734,4,650,33,18,27,48436dade18ac8b2bce089ec2a041202,"volta redonda",SP,27277,credit_card,1,2,45.9,17.92,63.82,"2017-06-02 13:10:22","2017-05-29 12:58:54","2017-05-29 13:10:22","2017-06-02 09:38:13","2017-06-12 14:29:38","2017-06-23 00:00:00",Monday,May,2017,May-2017,delivered,a3a1b4761bb6da969fa862b89382e855-1
101,ab4db5117e6804bcb57deaafd44cf4c3,1,c7a82da94b1093bc1774b31ff1bf3481,ba15918411dd21ad6ec1a97aa9f52fe4,65180,"humberto de campos",MA,c43ab4269cbf91b373263db4c2973cad,cool_stuff,59,734,4,650,33,18,27,48436dade18ac8b2bce089ec2a041202,"volta redonda",SP,27277,credit_card,1,3,45.9,35.67,81.57,"2017-06-20 15:10:11","2017-06-14 14:59:33","2017-06-14 15:10:11","2017-06-19 16:06:39","2017-07-04 07:21:46","2017-07-19 00:00:00",Wednesday,June,2017,June-2017,delivered,ab4db5117e6804bcb57deaafd44cf4c3-1
102,acd7029e70d5e80091c71c9be6643758,1,b03ee9f793c8f31660394513b415e602,95b0c515f4728a152b488e6bb002c6a1,22785,"rio de janeiro",RJ,c43ab4269cbf91b373263db4c2973cad,cool_stuff,59,734,4,650,33,18,27,48436dade18ac8b2bce089ec2a041202,"volta redonda",SP,27277,boleto,1,1,48.9,9.94,58.84,"2017-08-08 03:04:48","2017-08-01 15:17:33","2017-08-02 03:04:48","2017-08-07 18:42:55","2017-09-13 15:07:38","2017-08-16 00:00:00",Tuesday,August,2017,August-2017,delivered,acd7029e70d5e80091c71c9be6643758-1
103,b862a1e68c1c8f2061c407aa9320c86e,1,26ff2ad5fc82c54dc0784ff1819f82a0,3830512a5415f208e378c6728726ea3d,27521,resende,RJ,c43ab4269cbf91b373263db4c2973cad,cool_stuff,59,734,4,650,33,18,27,48436dade18ac8b2bce089ec2a041202,"volta redonda",SP,27277,credit_card,1,2,45.9,9.94,55.84,"2017-06-19 15:25:19","2017-06-13 15:17:06","2017-06-13 15:25:19","2017-06-14 14:16:56","2017-06-16 18:33:43","2017-06-27 00:00:00",Tuesday,June,2017,June-2017,delivered,b862a1e68c1c8f2061c407aa9320c86e-1
104,d35cead7fec778d8d6d84650399972ed,1,0aa6cab885100eaf269905dc7e8f5b93,1f913844457627bf215281a9214393be,8830,"mogi das cruzes",SP,c43ab4269cbf91b373263db4c2973cad,cool_stuff,59,734,4,650,33,18,27,48436dade18ac8b2bce089ec2a041202,"volta redonda",SP,27277,credit_card,1,2,45.9,16.11,62.01,"2017-05-18 19:02:31","2017-05-13 18:49:33","2017-05-13 19:02:31","2017-05-18 11:17:47","2017-05-24 17:18:07","2017-06-02 00:00:00",Saturday,May,2017,May-2017,delivered,d35cead7fec778d8d6d84650399972ed-1
105,ddbdd2d1389314951bcd19560cac6ceb,1,8a11dfeac0d3ef8f1e6667d99da7189b,485761a38bba1d0855f381aa21b0123e,8061,"sao paulo",SP,c43ab4269cbf91b373263db4c2973cad,cool_stuff,59,734,4,650,33,18,27,48436dade18ac8b2bce089ec2a041202,"volta redonda",SP,27277,voucher,1,1,48.9,16.11,65.01,"2017-08-11 15:25:16","2017-08-05 14:08:13","2017-08-07 15:25:16","2017-08-08 15:22:36","2017-08-16 18:42:30","2017-08-29 00:00:00",Saturday,August,2017,August-2017,delivered,ddbdd2d1389314951bcd19560cac6ceb-1
106,e8782ab91b5bd339a3250f9564b4b168,1,1154c11fd11d89d487e1ec3f6f7befc1,4dd1caf59616f70584f8759b1f5e0c6d,55170,"brejo da madre de deus",PE,c43ab4269cbf91b373263db4c2973cad,cool_stuff,59,734,4,650,33,18,27,48436dade18ac8b2bce089ec2a041202,"volta redonda",SP,27277,credit_card,1,2,45.9,22.28,68.18,"2017-05-05 08:35:19","2017-04-30 08:23:52","2017-04-30 08:35:19","2017-05-03 11:38:34","2017-05-15 05:00:00","2017-06-02 00:00:00",Sunday,April,2017,April-2017,delivered,e8782ab91b5bd339a3250f9564b4b168-1
107,1db5f7be6c0e5b942a24957fae155f28,1,855fd5747207a6fde9c90bdc1bde58f6,0252e35d8aa0b7b19eb4fb96783bafca,25050,"duque de caxias",RJ,7f1a77bec0639e473392e91a504272a5,cool_stuff,57,605,4,575,30,11,17,48436dade18ac8b2bce089ec2a041202,"volta redonda",SP,27277,boleto,1,1,55.9,13.27,69.17,"2017-06-15 02:30:28","2017-06-08 08:58:53","2017-06-09 02:30:28","2017-06-12 14:54:35","2017-06-14 14:12:19","2017-06-29 00:00:00",Thursday,June,2017,June-2017,delivered,1db5f7be6c0e5b942a24957fae155f28-1
108,36e954e851bc552fe31416b9cb10afd9,1,b9cef3a1417192dc00192bb252d3fcab,1874e58d6f01cf98c91368ca770b608e,39598,cristalia,MG,7f1a77bec0639e473392e91a504272a5,cool_stuff,57,605,4,575,30,11,17,48436dade18ac8b2bce089ec2a041202,"volta redonda",SP,27277,credit_card,1,4,58.9,17.66,76.56,"2017-10-10 14:56:15","2017-10-04 14:43:07","2017-10-04 14:56:15","2017-10-09 17:57:55","2017-10-18 18:47:02","2017-11-01 00:00:00",Wednesday,October,2017,October-2017,delivered,36e954e851bc552fe31416b9cb10afd9-1
109,3735a11cbccd8916dbc9ccf5f671cc2c,1,47132669a97ed8d24702c0f8a51a91bf,78688a96aec00274a6fb74f373c75a69,35680,itauna,MG,7f1a77bec0639e473392e91a504272a5,cool_stuff,57,605,4,575,30,11,17,48436dade18ac8b2bce089ec2a041202,"volta redonda",SP,27277,credit_card,1,5,58.9,24.33,190.99,"2017-08-31 07:55:17","2017-08-27 07:43:57","2017-08-27 07:55:17","2017-08-30 20:46:48","2017-09-01 18:32:17","2017-09-19 00:00:00",Sunday,August,2017,August-2017,delivered,3735a11cbccd8916dbc9ccf5f671cc2c-1
110,3735a11cbccd8916dbc9ccf5f671cc2c,2,47132669a97ed8d24702c0f8a51a91bf,78688a96aec00274a6fb74f373c75a69,35680,itauna,MG,34dabb8af33b3756cf72df05fb327011,tablets_impressao_imagem,56,512,1,300,26,10,26,0db783cfcd3b73998abc6e10e59a102f,santos,SP,11010,credit_card,1,5,99,8.76,190.99,"2017-08-31 07:55:17","2017-08-27 07:43:57","2017-08-27 07:55:17","2017-08-30 20:46:48","2017-09-01 18:32:17","2017-09-19 00:00:00",Sunday,August,2017,August-2017,delivered,3735a11cbccd8916dbc9ccf5f671cc2c-2
111,52cf629e5ef49959ced57da932b097e1,1,d5a30795a1652243f4243f3435b8331a,f8561ff1b06bbc1525d246a8e46b7250,4863,"sao paulo",SP,7f1a77bec0639e473392e91a504272a5,cool_stuff,57,605,4,575,30,11,17,48436dade18ac8b2bce089ec2a041202,"volta redonda",SP,27277,credit_card,1,2,55.9,16.15,72.05,"2017-06-23 00:50:22","2017-06-18 23:53:35","2017-06-19 00:50:22","2017-06-19 16:34:04","2017-06-29 14:55:57","2017-07-11 00:00:00",Sunday,June,2017,June-2017,delivered,52cf629e5ef49959ced57da932b097e1-1
112,5caafce59fc6edde8a3ebb211bc3d980,1,fddc93eb85dd694ba413530f84b399a1,a0746c4b9b28979012e88048753f0b74,89220,joinville,SC,7f1a77bec0639e473392e91a504272a5,cool_stuff,57,605,4,575,30,11,17,48436dade18ac8b2bce089ec2a041202,"volta redonda",SP,27277,boleto,1,1,55.9,17.96,73.86,"2017-05-18 02:55:51","2017-05-10 14:02:15","2017-05-12 02:55:51","2017-05-18 11:17:47","2017-05-25 09:29:51","2017-06-01 00:00:00",Wednesday,May,2017,May-2017,delivered,5caafce59fc6edde8a3ebb211bc3d980-1
113,7c3e480eb90c173aae4ffde40bbaec26,1,880b4294c02c693bb9882858758995d5,47c1a3033b8b77b3ab6e109eb4d5fdf3,6624,jandira,SP,7f1a77bec0639e473392e91a504272a5,cool_stuff,57,605,4,575,30,11,17,48436dade18ac8b2bce089ec2a041202,"volta redonda",SP,27277,boleto,1,1,58.9,21.32,142.57,"2017-08-29 02:55:54","2017-08-22 10:14:07","2017-08-23 02:55:54","2017-08-25 20:41:57","2017-08-29 21:58:02","2017-09-14 00:00:00",Tuesday,August,2017,August-2017,delivered,7c3e480eb90c173aae4ffde40bbaec26-1
114,7c3e480eb90c173aae4ffde40bbaec26,2,880b4294c02c693bb9882858758995d5,47c1a3033b8b77b3ab6e109eb4d5fdf3,6624,jandira,SP,e19ed24240b0a59787d78d68f6dded7b,cool_stuff,57,946,3,400,26,11,12,48436dade18ac8b2bce089ec2a041202,"volta redonda",SP,27277,boleto,1,1,49.9,12.45,142.57,"2017-08-29 02:55:54","2017-08-22 10:14:07","2017-08-23 02:55:54","2017-08-25 20:41:57","2017-08-29 21:58:02","2017-09-14 00:00:00",Tuesday,August,2017,August-2017,delivered,7c3e480eb90c173aae4ffde40bbaec26-2
115,a3d2d7bd607f48e67fa90453814180a7,1,8734fcb4937218b2065dd7a57a70eff7,d6c445d0d835aad8c503aa9a0b5805bd,93052,"sao leopoldo",RS,7f1a77bec0639e473392e91a504272a5,cool_stuff,57,605,4,575,30,11,17,48436dade18ac8b2bce089ec2a041202,"volta redonda",SP,27277,credit_card,1,2,58.9,19.65,78.55,"2017-08-09 21:50:18","2017-08-04 21:38:23","2017-08-04 21:50:18","2017-08-07 20:35:17","2017-08-16 21:36:35","2017-09-01 00:00:00",Friday,August,2017,August-2017,delivered,a3d2d7bd607f48e67fa90453814180a7-1
116,baa60bd5c28b34fbce8e0ceb1e43e154,1,8fd0f22cca078db07247ba138cdd1ab7,d661703d12e9503bc9b4606455954677,23097,"rio de janeiro",RJ,7f1a77bec0639e473392e91a504272a5,cool_stuff,57,605,4,575,30,11,17,48436dade18ac8b2bce089ec2a041202,"volta redonda",SP,27277,credit_card,1,2,55.9,13.27,69.17,"2017-06-08 09:50:12","2017-06-02 09:40:36","2017-06-02 09:50:12","2017-06-07 13:09:08","2017-06-08 14:42:15","2017-06-23 00:00:00",Friday,June,2017,June-2017,delivered,baa60bd5c28b34fbce8e0ceb1e43e154-1
117,bddeec8b20313e26adb47e0293e54a7d,1,c28158c6e8952017875396edd0720724,cd62ced582fb1a4205ec67833cd42806,20510,"rio de janeiro",RJ,7f1a77bec0639e473392e91a504272a5,cool_stuff,57,605,4,575,30,11,17,48436dade18ac8b2bce089ec2a041202,"volta redonda",SP,27277,credit_card,1,1,55.9,12.48,68.38,"2017-07-18 15:25:17","2017-07-12 15:12:09","2017-07-12 15:25:17","2017-07-14 16:23:42","2017-07-17 22:54:45","2017-07-27 00:00:00",Wednesday,July,2017,July-2017,delivered,bddeec8b20313e26adb47e0293e54a7d-1
118,2e24930adf68f4ce65ad35e0f23f08ee,1,dccf3db0a9cf098d12b4c4addd47de01,5319caaec279e6335b7c7e872cb0972d,68515,parauapebas,PA,9165e7a5f9ef266f66ca19a816cdc657,cool_stuff,60,585,2,2300,53,40,22,48436dade18ac8b2bce089ec2a041202,"volta redonda",SP,27277,credit_card,1,3,132.9,53.29,186.19,"2017-09-14 13:50:08","2017-09-10 13:35:37","2017-09-10 13:50:08","2017-09-18 18:51:57","2017-10-13 18:30:02","2017-10-11 00:00:00",Sunday,September,2017,September-2017,delivered,2e24930adf68f4ce65ad35e0f23f08ee-1
119,72ec38baa39449f9ab884a84c5c8f4ef,1,c29938a93f8ece506055a0d148460e3b,7804bb80e888801c61290f838f457669,36500,uba,MG,9165e7a5f9ef266f66ca19a816cdc657,cool_stuff,60,585,2,2300,53,40,22,48436dade18ac8b2bce089ec2a041202,"volta redonda",SP,27277,boleto,1,1,132.9,17.24,150.14,"2017-10-05 02:14:40","2017-09-27 16:03:02","2017-09-29 02:14:40","2017-10-04 13:45:32","2017-11-10 19:03:45","2017-10-24 00:00:00",Wednesday,September,2017,September-2017,delivered,72ec38baa39449f9ab884a84c5c8f4ef-1
120,7b25b2356eef14019a831a9c9636c146,1,4e37f00d687d9dbb17009dea9767b1e6,2c764c0bf39fab6c7681ae5f92b99ccf,99950,tapejara,RS,9165e7a5f9ef266f66ca19a816cdc657,cool_stuff,60,585,2,2300,53,40,22,48436dade18ac8b2bce089ec2a041202,"volta redonda",SP,27277,credit_card,1,10,125.9,23.75,149.65,"2017-08-16 23:25:47","2017-08-12 23:12:48","2017-08-12 23:25:47","2017-08-15 19:26:45","2017-08-21 19:57:21","2017-09-12 00:00:00",Saturday,August,2017,August-2017,delivered,7b25b2356eef14019a831a9c9636c146-1
121,889e1d99762dd368ffbc599fca39bb91,1,a6213be5160f76ac6fa665067ecc8a82,06affe57122d4135e624fa1886f4ff37,29680,"joao neiva",ES,9165e7a5f9ef266f66ca19a816cdc657,cool_stuff,60,585,2,2300,53,40,22,48436dade18ac8b2bce089ec2a041202,"volta redonda",SP,27277,credit_card,1,5,132.9,21.42,154.32,"2017-09-14 09:03:33","2017-09-08 08:49:01","2017-09-08 09:03:33","2017-09-18 20:02:49","2017-09-25 17:46:29","2017-10-03 00:00:00",Friday,September,2017,September-2017,delivered,889e1d99762dd368ffbc599fca39bb91-1
122,c092e9c7bbaf416a8c58147e55fe03fb,1,5c4d4da9f70733a33d73849986f3a6ad,c0a7d0334d2894554a227c665b0b3506,38040,uberaba,MG,9165e7a5f9ef266f66ca19a816cdc657,cool_stuff,60,585,2,2300,53,40,22,48436dade18ac8b2bce089ec2a041202,"volta redonda",SP,27277,credit_card,1,10,132.9,21.42,154.32,"2017-11-16 23:26:47","2017-11-09 23:10:28","2017-11-09 23:26:47","2017-11-13 18:41:10","2017-11-22 16:48:21","2017-12-05 00:00:00",Thursday,November,2017,November-2017,delivered,c092e9c7bbaf416a8c58147e55fe03fb-1
123,d6f415ebc86371ee7aa87ea1b73ea9bc,1,e9c78e0ef5bf78d6719540b3b3df885e,84d7806c2f631afc4a50a9d81844c4ec,86800,apucarana,PR,9165e7a5f9ef266f66ca19a816cdc657,cool_stuff,60,585,2,2300,53,40,22,48436dade18ac8b2bce089ec2a041202,"volta redonda",SP,27277,credit_card,1,3,128.9,21.39,150.29,"2017-08-10 23:32:37","2017-08-06 23:10:15","2017-08-07 00:02:55","2017-08-08 19:49:44","2017-08-18 16:45:52","2017-08-31 00:00:00",Sunday,August,2017,August-2017,delivered,d6f415ebc86371ee7aa87ea1b73ea9bc-1
124,e05ff0b1f94aa4420894333587a2ff1b,1,1160a851f085cd83176e0e32dcbe2687,b6fa5547432b36b4b9b885f9395a744c,12010,taubate,SP,9165e7a5f9ef266f66ca19a816cdc657,cool_stuff,60,585,2,2300,53,40,22,48436dade18ac8b2bce089ec2a041202,"volta redonda",SP,27277,credit_card,1,3,128.9,20,148.9,"2018-03-01 18:47:21","2018-02-24 18:25:25","2018-02-24 18:47:21","2018-02-27 17:48:57","2018-03-16 18:19:37","2018-03-27 00:00:00",Saturday,February,2018,February-2018,delivered,e05ff0b1f94aa4420894333587a2ff1b-1
125,fa68c8eaee429c95ac88e1034d583057,1,5a18e9547d424e7d7085c7065bb48686,c51b7c7e4d47f0c75c531ae14be3f7d6,26255,"nova iguacu",RJ,9165e7a5f9ef266f66ca19a816cdc657,cool_stuff,60,585,2,2300,53,40,22,48436dade18ac8b2bce089ec2a041202,"volta redonda",SP,27277,credit_card,1,7,132.9,14.33,147.23,"2017-09-08 10:25:16","2017-09-01 10:06:03","2017-09-01 10:25:16","2017-09-11 18:25:49","2017-09-12 20:27:23","2017-09-15 00:00:00",Friday,September,2017,September-2017,delivered,fa68c8eaee429c95ac88e1034d583057-1
126,58ad53486aa4d662036281295465d755,1,af35c1eb9f66ae71152e988e0f1bdae8,bb1d9cb6005629522055ccce642cfc73,6124,osasco,SP,d65b6607952f9e0d705b1cbdc92ac027,cool_stuff,57,768,4,500,27,10,15,48436dade18ac8b2bce089ec2a041202,"volta redonda",SP,27277,credit_card,1,6,44.9,16.11,61.01,"2017-08-14 22:30:19","2017-08-08 22:14:54","2017-08-08 22:30:19","2017-08-10 16:40:11","2017-08-15 19:41:24","2017-08-30 00:00:00",Tuesday,August,2017,August-2017,delivered,58ad53486aa4d662036281295465d755-1
127,61cfa60003f1d98a86cc3562f13b2ea0,1,8414a80d93d8f959167a33bf4f3e9a65,d645fa4a7f33bf4574b735cc198e0324,24944,marica,RJ,d65b6607952f9e0d705b1cbdc92ac027,cool_stuff,57,768,4,500,27,10,15,48436dade18ac8b2bce089ec2a041202,"volta redonda",SP,27277,voucher,1,1,44.9,9.94,54.84,"2017-08-15 16:05:21","2017-08-09 15:48:19","2017-08-09 16:05:21","2017-08-11 19:43:09","2017-08-16 19:35:02","2017-08-24 00:00:00",Wednesday,August,2017,August-2017,delivered,61cfa60003f1d98a86cc3562f13b2ea0-1
128,a2a7a8c26f134471a22568ddf011e175,1,8f4758b55faa41da554b30461fa84f3e,8f4a843ba725f85823d3c792e1ba6949,5551,"sao paulo",SP,d65b6607952f9e0d705b1cbdc92ac027,cool_stuff,57,768,4,500,27,10,15,48436dade18ac8b2bce089ec2a041202,"volta redonda",SP,27277,boleto,1,1,44.9,16.11,61.01,"2017-08-17 04:24:58","2017-08-09 21:02:12","2017-08-11 04:24:58","2017-08-11 19:43:07","2017-08-25 15:26:22","2017-08-31 00:00:00",Wednesday,August,2017,August-2017,delivered,a2a7a8c26f134471a22568ddf011e175-1
129,b16fc35ee8e5ad2889854407c7046d18,1,2eb54b8e77743e0741a56d5db935f28a,fb0fd859e1a4edb3a9dc6da415ab4ef8,27965,macae,RJ,d65b6607952f9e0d705b1cbdc92ac027,cool_stuff,57,768,4,500,27,10,15,48436dade18ac8b2bce089ec2a041202,"volta redonda",SP,27277,voucher,1,1,44.9,13.23,58.13,"2017-07-26 22:10:25","2017-07-20 21:57:57","2017-07-20 22:10:25","2017-07-21 17:15:57","2017-07-26 11:14:18","2017-08-09 00:00:00",Thursday,July,2017,July-2017,delivered,b16fc35ee8e5ad2889854407c7046d18-1
130,ba863950726dd067d21b2262ab48df78,1,74bd614c81cbbb1e75aad1b2dd120304,cc46237f7d268f31d98cf34e436d466c,12031,taubate,SP,d65b6607952f9e0d705b1cbdc92ac027,cool_stuff,57,768,4,500,27,10,15,48436dade18ac8b2bce089ec2a041202,"volta redonda",SP,27277,credit_card,1,1,46.9,13.23,60.13,"2017-10-26 14:49:15","2017-10-22 14:25:40","2017-10-22 14:49:15","2017-10-23 18:50:12","2017-10-27 21:23:49","2017-11-10 00:00:00",Sunday,October,2017,October-2017,delivered,ba863950726dd067d21b2262ab48df78-1
131,f8da7d096b125f74ad5b784140c294c7,1,f8f3a29c793887b5d14a19247cefc805,64f183ca4b492cd85ff720bf298f743d,39795,"sao sebastiao do maranhao",MG,d65b6607952f9e0d705b1cbdc92ac027,cool_stuff,57,768,4,500,27,10,15,48436dade18ac8b2bce089ec2a041202,"volta redonda",SP,27277,credit_card,1,3,46.9,16.11,63.01,"2017-10-20 18:45:43","2017-10-16 18:24:03","2017-10-16 18:45:43","2017-10-20 18:33:25","2017-10-30 18:53:47","2017-11-08 00:00:00",Monday,October,2017,October-2017,delivered,f8da7d096b125f74ad5b784140c294c7-1
132,38236191299d9d7335f0dfdd2186af7e,1,069c4ec640bf96e7ac25dabecfd6c0ab,ee11a54c1e72a5e2c5ee115df3a7068a,66060,belem,PA,1b11571a0535a643bb18db34b84b7334,cool_stuff,53,686,3,550,21,15,25,48436dade18ac8b2bce089ec2a041202,"volta redonda",SP,27277,credit_card,1,10,69.9,42.52,112.42,"2017-06-13 21:02:33","2017-06-07 20:51:35","2017-06-07 21:02:33","2017-06-12 16:07:37","2017-06-21 16:48:33","2017-07-12 00:00:00",Wednesday,June,2017,June-2017,delivered,38236191299d9d7335f0dfdd2186af7e-1
133,3bc9ec33a0837981e7f5e35876723afb,1,d575e11a6155f00e7dac21ee59463aa4,c7bfe64ba6a8b62b1ec8212438caaddf,91520,"porto alegre",RS,1b11571a0535a643bb18db34b84b7334,cool_stuff,53,686,3,550,21,15,25,48436dade18ac8b2bce089ec2a041202,"volta redonda",SP,27277,credit_card,1,3,69.9,17.92,175.64,"2017-04-12 11:02:56","2017-04-06 10:48:38","2017-04-06 11:02:56","2017-04-07 12:49:56","2017-04-17 13:08:14","2017-05-08 00:00:00",Thursday,April,2017,April-2017,delivered,3bc9ec33a0837981e7f5e35876723afb-1
134,3bc9ec33a0837981e7f5e35876723afb,2,d575e11a6155f00e7dac21ee59463aa4,c7bfe64ba6a8b62b1ec8212438caaddf,91520,"porto alegre",RS,1b11571a0535a643bb18db34b84b7334,cool_stuff,53,686,3,550,21,15,25,48436dade18ac8b2bce089ec2a041202,"volta redonda",SP,27277,credit_card,1,3,69.9,17.92,175.64,"2017-04-12 11:02:56","2017-04-06 10:48:38","2017-04-06 11:02:56","2017-04-07 12:49:56","2017-04-17 13:08:14","2017-05-08 00:00:00",Thursday,April,2017,April-2017,delivered,3bc9ec33a0837981e7f5e35876723afb-2
135,9b049a52ac663a7ddfa0302f5e230057,1,a79784beb25fbff75d1c62d68c1691aa,524840dafddf7865ecdfbc2b364a65f2,2273,"sao paulo",SP,1b11571a0535a643bb18db34b84b7334,cool_stuff,53,686,3,550,21,15,25,48436dade18ac8b2bce089ec2a041202,"volta redonda",SP,27277,credit_card,1,1,69.9,15.24,85.14,"2017-07-27 20:15:13","2017-07-21 20:00:27","2017-07-21 20:15:13","2017-07-24 16:02:40","2017-07-31 17:36:11","2017-08-14 00:00:00",Friday,July,2017,July-2017,delivered,9b049a52ac663a7ddfa0302f5e230057-1
136,cd3f1eb3138c86331f1d27332acdae59,1,11c66314e234e52a7dc67e9510ede3ae,bea9f04455856515b699767458ea88fc,85811,cascavel,PR,1b11571a0535a643bb18db34b84b7334,cool_stuff,53,686,3,550,21,15,25,48436dade18ac8b2bce089ec2a041202,"volta redonda",SP,27277,boleto,1,1,64.9,16.15,81.05,"2017-03-21 09:19:06","2017-03-15 09:19:06","2017-03-15 09:19:06","2017-03-20 16:38:03","2017-03-27 13:52:50","2017-04-07 00:00:00",Wednesday,March,2017,March-2017,delivered,cd3f1eb3138c86331f1d27332acdae59-1
137,cf7a335e516a91cbb3a5080561ca28be,1,a1bfe32cba9e76e58380f9609de10cfb,2a3c4f6de6d9bf02b87f994f7203c465,27535,resende,RJ,1b11571a0535a643bb18db34b84b7334,cool_stuff,53,686,3,550,21,15,25,48436dade18ac8b2bce089ec2a041202,"volta redonda",SP,27277,credit_card,1,3,69.9,9.27,79.17,"2017-09-28 14:10:11","2017-09-23 13:55:11","2017-09-23 14:10:11","2017-09-27 18:57:49","2017-09-29 18:50:00","2017-10-10 00:00:00",Saturday,September,2017,September-2017,delivered,cf7a335e516a91cbb3a5080561ca28be-1
138,de9b8b05fb249806b7dc8f5cd60eccad,1,edf1cfa56fe1eb3860d9c4bc3301d090,259e1f1ed29e4fac5933c9df8561081c,5138,"sao paulo",SP,1b11571a0535a643bb18db34b84b7334,cool_stuff,53,686,3,550,21,15,25,48436dade18ac8b2bce089ec2a041202,"volta redonda",SP,27277,credit_card,1,1,69.9,15.24,85.14,"2017-10-15 22:35:28","2017-10-08 21:18:09","2017-10-08 21:35:28","2017-10-13 16:13:52","2017-10-20 17:22:16","2017-11-01 00:00:00",Sunday,October,2017,October-2017,delivered,de9b8b05fb249806b7dc8f5cd60eccad-1
139,e6293b688f0d1387e634ae8841feca17,1,bbae997921c6e65421735700fe529155,e47c73d951eedaa5b1c89e6edcd27693,85770,realeza,PR,1b11571a0535a643bb18db34b84b7334,cool_stuff,53,686,3,550,21,15,25,48436dade18ac8b2bce089ec2a041202,"volta redonda",SP,27277,voucher,2,1,69.9,10.9,26.16,"2017-05-22 11:35:21","2017-05-16 11:27:08","2017-05-16 11:35:21","2017-05-19 13:40:55","2017-05-26 06:06:54","2017-06-09 00:00:00",Tuesday,May,2017,May-2017,delivered,e6293b688f0d1387e634ae8841feca17-1
140,e6293b688f0d1387e634ae8841feca17,1,bbae997921c6e65421735700fe529155,e47c73d951eedaa5b1c89e6edcd27693,85770,realeza,PR,1b11571a0535a643bb18db34b84b7334,cool_stuff,53,686,3,550,21,15,25,48436dade18ac8b2bce089ec2a041202,"volta redonda",SP,27277,credit_card,1,10,69.9,10.9,125.08,"2017-05-22 11:35:21","2017-05-16 11:27:08","2017-05-16 11:35:21","2017-05-19 13:40:55","2017-05-26 06:06:54","2017-06-09 00:00:00",Tuesday,May,2017,May-2017,delivered,e6293b688f0d1387e634ae8841feca17-1
141,e6293b688f0d1387e634ae8841feca17,2,bbae997921c6e65421735700fe529155,e47c73d951eedaa5b1c89e6edcd27693,85770,realeza,PR,db12039c7ff4e850d48e0312fa9b3473,cool_stuff,23,652,2,575,26,20,32,46dc3b2cc0980fb8ec44634e21d2718e,"rio de janeiro",RJ,22240,voucher,2,1,50.99,19.45,26.16,"2017-05-22 11:35:21","2017-05-16 11:27:08","2017-05-16 11:35:21","2017-05-19 13:40:55","2017-05-26 06:06:54","2017-06-09 00:00:00",Tuesday,May,2017,May-2017,delivered,e6293b688f0d1387e634ae8841feca17-2
142,e6293b688f0d1387e634ae8841feca17,2,bbae997921c6e65421735700fe529155,e47c73d951eedaa5b1c89e6edcd27693,85770,realeza,PR,db12039c7ff4e850d48e0312fa9b3473,cool_stuff,23,652,2,575,26,20,32,46dc3b2cc0980fb8ec44634e21d2718e,"rio de janeiro",RJ,22240,credit_card,1,10,50.99,19.45,125.08,"2017-05-22 11:35:21","2017-05-16 11:27:08","2017-05-16 11:35:21","2017-05-19 13:40:55","2017-05-26 06:06:54","2017-06-09 00:00:00",Tuesday,May,2017,May-2017,delivered,e6293b688f0d1387e634ae8841feca17-2
143,41223ff2c9f99053ad5379603589764b,1,6bef722b6f3ec6e2a8b802714ebdf200,7c661ab6086601aeda2f6e43c7c2988c,31270,"belo horizonte",MG,575c38b4c88fc7b35ef22fc8312bfe1b,cool_stuff,57,992,3,1200,44,20,20,48436dade18ac8b2bce089ec2a041202,"volta redonda",SP,27277,credit_card,1,2,138.9,17.71,156.61,"2017-05-09 14:02:36","2017-05-03 13:34:47","2017-05-03 14:02:36","2017-05-05 14:43:59","2017-05-12 13:41:50","2017-05-26 00:00:00",Wednesday,May,2017,May-2017,delivered,41223ff2c9f99053ad5379603589764b-1
144,5b685c100fca33dd8aabfe1e6fb0d62a,1,23c60a0f388a1d3c11354d5b31e09993,6a6d558ce934dba63365e8ef2291b462,15300,"general salgado",SP,575c38b4c88fc7b35ef22fc8312bfe1b,cool_stuff,57,992,3,1200,44,20,20,48436dade18ac8b2bce089ec2a041202,"volta redonda",SP,27277,credit_card,1,8,138.9,17.71,156.61,"2017-04-24 20:02:37","2017-04-17 19:27:25","2017-04-17 20:02:37","2017-04-24 10:37:30","2017-05-02 16:00:15","2017-05-10 00:00:00",Monday,April,2017,April-2017,delivered,5b685c100fca33dd8aabfe1e6fb0d62a-1
145,68db1e9c4b7bb26ce60fc4749d8b904d,1,2aba5a3c63d560154bc75ce4f52ee553,e8bd9ab323e4e679a5e1208a71cf434e,15530,cosmorama,SP,3411fcf3ea2ecbf29a0b5ccb867c44ce,cool_stuff,49,813,3,1008,40,16,39,48436dade18ac8b2bce089ec2a041202,"volta redonda",SP,27277,credit_card,1,3,139.9,16.19,156.09,"2017-03-23 16:42:47","2017-03-18 16:42:47","2017-03-18 16:42:47","2017-03-20 09:28:42","2017-03-24 14:13:20","2017-04-10 00:00:00",Saturday,March,2017,March-2017,delivered,68db1e9c4b7bb26ce60fc4749d8b904d-1
146,79b57d07c97ba24547cc8ec969785e64,1,8e9920ee9bf66ba4cf4107cfdfa61c40,5dd53211751517b8795ffd30fb47ce00,9541,"sao caetano do sul",SP,5e864d9858dc9a7b55f937ed8998ffe8,brinquedos,55,1035,2,1100,53,9,32,48436dade18ac8b2bce089ec2a041202,"volta redonda",SP,27277,credit_card,1,5,259.4,19.07,278.47,"2017-10-17 20:14:11","2017-10-10 18:57:45","2017-10-10 19:14:11","2017-10-17 19:13:06","2017-10-20 15:55:09","2017-10-30 00:00:00",Tuesday,October,2017,October-2017,delivered,79b57d07c97ba24547cc8ec969785e64-1
147,b3840eac3cf88799d05e845cf9b8587b,1,477f2ebc174ae6d21af93bfce1d432e7,9c9ac56ba685050163c38688a26ba66b,63340,ipaumirim,CE,5e864d9858dc9a7b55f937ed8998ffe8,brinquedos,55,1035,2,1100,53,9,32,48436dade18ac8b2bce089ec2a041202,"volta redonda",SP,27277,credit_card,1,10,269.9,37.21,307.11,"2017-05-30 15:55:10","2017-05-24 15:41:44","2017-05-24 15:55:10","2017-05-30 14:44:18","2017-06-16 06:47:59","2017-06-28 00:00:00",Wednesday,May,2017,May-2017,delivered,b3840eac3cf88799d05e845cf9b8587b-1
148,847aa72b1ca97537af9c72ce7e99bf94,1,f0acd4906098739719f7507162c85942,99d5d413cb5c987d03bfceba3e6728cd,23092,"rio de janeiro",RJ,517d4955ffcf9fbd2bb0beb193c81a42,cool_stuff,54,871,6,900,45,15,16,48436dade18ac8b2bce089ec2a041202,"volta redonda",SP,27277,credit_card,1,3,132.08,10.24,142.32,"2018-08-22 21:30:14","2018-08-18 21:19:10","2018-08-18 21:30:14","2018-08-20 14:13:00","2018-08-23 01:03:47","2018-08-28 00:00:00",Saturday,August,2018,August-2018,delivered,847aa72b1ca97537af9c72ce7e99bf94-1
149,8ebae9815269538d42b9f5d1c1950ff1,1,bf9b3cb8ea02aeb16be6ff36ec6c42ae,4df3176200a9d6060995ba3e3c52fe76,78365,sapezal,MT,517d4955ffcf9fbd2bb0beb193c81a42,cool_stuff,54,871,6,900,45,15,16,48436dade18ac8b2bce089ec2a041202,"volta redonda",SP,27277,credit_card,1,2,118.9,25.03,143.93,"2017-05-04 09:42:40","2017-04-27 09:25:53","2017-04-27 09:42:40","2017-05-02 15:42:15","2017-05-16 16:47:43","2017-06-06 00:00:00",Thursday,April,2017,April-2017,delivered,8ebae9815269538d42b9f5d1c1950ff1-1
150,a8f8aa4f2a60b06f49e39b10fb1972c5,1,3002bbb1389e209104f5ab9d42d8b0e2,f7a1492f25996f62600008ae50e7a50e,18105,sorocaba,SP,517d4955ffcf9fbd2bb0beb193c81a42,cool_stuff,54,871,6,900,45,15,16,48436dade18ac8b2bce089ec2a041202,"volta redonda",SP,27277,credit_card,1,3,118.9,18.08,136.98,"2017-06-04 21:05:21","2017-05-29 20:54:28","2017-05-29 21:05:21","2017-06-02 10:59:16","2017-06-07 15:33:38","2017-06-21 00:00:00",Monday,May,2017,May-2017,delivered,a8f8aa4f2a60b06f49e39b10fb1972c5-1
151,b0f4100fd9f021ab148a7f95815fa2fc,1,4498f5e3202243c58ae58247497599a5,7d5599666ef8e7e2fab7c3280e035705,46100,brumado,BA,517d4955ffcf9fbd2bb0beb193c81a42,cool_stuff,54,871,6,900,45,15,16,48436dade18ac8b2bce089ec2a041202,"volta redonda",SP,27277,boleto,1,1,129.9,29.31,477.63,"2017-09-19 03:24:54","2017-09-12 16:18:47","2017-09-13 03:24:54","2017-09-19 18:48:03","2017-09-28 15:13:46","2017-10-04 00:00:00",Tuesday,September,2017,September-2017,delivered,b0f4100fd9f021ab148a7f95815fa2fc-1
152,b0f4100fd9f021ab148a7f95815fa2fc,2,4498f5e3202243c58ae58247497599a5,7d5599666ef8e7e2fab7c3280e035705,46100,brumado,BA,517d4955ffcf9fbd2bb0beb193c81a42,cool_stuff,54,871,6,900,45,15,16,48436dade18ac8b2bce089ec2a041202,"volta redonda",SP,27277,boleto,1,1,129.9,29.31,477.63,"2017-09-19 03:24:54","2017-09-12 16:18:47","2017-09-13 03:24:54","2017-09-19 18:48:03","2017-09-28 15:13:46","2017-10-04 00:00:00",Tuesday,September,2017,September-2017,delivered,b0f4100fd9f021ab148a7f95815fa2fc-2
153,b0f4100fd9f021ab148a7f95815fa2fc,3,4498f5e3202243c58ae58247497599a5,7d5599666ef8e7e2fab7c3280e035705,46100,brumado,BA,517d4955ffcf9fbd2bb0beb193c81a42,cool_stuff,54,871,6,900,45,15,16,48436dade18ac8b2bce089ec2a041202,"volta redonda",SP,27277,boleto,1,1,129.9,29.31,477.63,"2017-09-19 03:24:54","2017-09-12 16:18:47","2017-09-13 03:24:54","2017-09-19 18:48:03","2017-09-28 15:13:46","2017-10-04 00:00:00",Tuesday,September,2017,September-2017,delivered,b0f4100fd9f021ab148a7f95815fa2fc-3
154,d4d7c1beb2c6dc87bb984a3179558ac4,1,e47110abdbd56729270e9c2a8c552a72,4f09f32414a1fb26c34acc8b6397bfaa,78635,"agua boa",MT,517d4955ffcf9fbd2bb0beb193c81a42,cool_stuff,54,871,6,900,45,15,16,48436dade18ac8b2bce089ec2a041202,"volta redonda",SP,27277,credit_card,1,5,118.9,24.55,286.9,"2017-05-10 21:10:13","2017-05-05 20:59:41","2017-05-05 21:10:13","2017-05-09 12:12:09","2017-05-18 09:46:39","2017-06-07 00:00:00",Friday,May,2017,May-2017,delivered,d4d7c1beb2c6dc87bb984a3179558ac4-1
155,d4d7c1beb2c6dc87bb984a3179558ac4,2,e47110abdbd56729270e9c2a8c552a72,4f09f32414a1fb26c34acc8b6397bfaa,78635,"agua boa",MT,517d4955ffcf9fbd2bb0beb193c81a42,cool_stuff,54,871,6,900,45,15,16,48436dade18ac8b2bce089ec2a041202,"volta redonda",SP,27277,credit_card,1,5,118.9,24.55,286.9,"2017-05-10 21:10:13","2017-05-05 20:59:41","2017-05-05 21:10:13","2017-05-09 12:12:09","2017-05-18 09:46:39","2017-06-07 00:00:00",Friday,May,2017,May-2017,delivered,d4d7c1beb2c6dc87bb984a3179558ac4-2
156,9e89b029e7fb38004f9e2d3b4055610e,1,ee14f905f8bfaf6d2f0653202d13bb43,6d74740d498504341df1e7f104daebf0,48280,"mata de sao joao",BA,fc0234a0ca2e8c140d56247254f8e618,cool_stuff,59,923,3,1000,40,15,16,48436dade18ac8b2bce089ec2a041202,"volta redonda",SP,27277,credit_card,1,3,119.9,29.24,149.14,"2017-07-17 17:45:34","2017-07-11 17:30:25","2017-07-11 17:45:34","2017-07-17 18:33:27","2017-07-31 18:27:49","2017-08-08 00:00:00",Tuesday,July,2017,July-2017,delivered,9e89b029e7fb38004f9e2d3b4055610e-1
157,a620d8cdb285c288f16b94cb365172a1,1,4c29da720594564093d90ef9c34144eb,694b741591e0720653002322d967613b,28035,"campos dos goytacazes",RJ,9386012b71cfdcc82a3fe58df7e8c0c5,cool_stuff,59,599,2,3350,45,25,18,48436dade18ac8b2bce089ec2a041202,"volta redonda",SP,27277,boleto,1,1,124.9,14.46,139.36,"2017-08-15 02:55:57","2017-08-08 09:55:41","2017-08-09 02:55:57","2017-08-10 16:40:10","2017-08-14 17:47:27","2017-08-28 00:00:00",Tuesday,August,2017,August-2017,delivered,a620d8cdb285c288f16b94cb365172a1-1
158,e98de168acf11b1a80cea2ad5e8a5c61,1,fa5aaf3631ab1075fcdb95fa8e10cad5,ec0f5b4fe392d71f361112c1b508b707,58428,"campina grande",PB,3787e7ea150c3a54578d3f58b133f9bf,cool_stuff,59,946,5,900,40,17,18,48436dade18ac8b2bce089ec2a041202,"volta redonda",SP,27277,credit_card,1,4,118.9,38.38,157.28,"2017-07-12 16:45:11","2017-07-06 16:33:09","2017-07-06 16:45:11","2017-07-12 19:27:56","2017-07-24 20:11:53","2017-08-07 00:00:00",Thursday,July,2017,July-2017,delivered,e98de168acf11b1a80cea2ad5e8a5c61-1
159,00018f77f2f0320c557190d7a144bdd3,1,f6dd3ec061db4e3987629fe6b26e5cce,eb28e67c4c0b83846050ddfb8a35d051,15775,"santa fe do sul",SP,e5f2d52b802189ee658865ca93d83a8f,pet_shop,56,239,2,30000,50,30,40,dd7ddc04e1b6c2c614352b383efe2d36,"sao paulo",SP,3471,credit_card,1,3,239.9,19.93,259.83,"2017-05-03 11:05:13","2017-04-26 10:53:06","2017-04-26 11:05:13","2017-05-04 14:35:00","2017-05-12 16:04:24","2017-05-15 00:00:00",Wednesday,April,2017,April-2017,delivered,00018f77f2f0320c557190d7a144bdd3-1
160,023669233121f0fb7899e5be2b22885f,2,22c15b46adce8afdd7d58e6582752263,1501fb94311512e6b98462d159e05a23,3673,"sao paulo",SP,4dba4de4cd67ba2191c34468ac2ca841,pet_shop,64,600,6,13250,55,36,40,dd7ddc04e1b6c2c614352b383efe2d36,"sao paulo",SP,3471,boleto,1,1,38.9,16.56,318.36,"2018-04-23 04:54:27","2018-04-16 13:14:09","2018-04-17 04:54:27","2018-04-18 20:23:49","2018-04-19 16:37:46","2018-05-02 00:00:00",Monday,April,2018,April-2018,delivered,023669233121f0fb7899e5be2b22885f-2
161,023669233121f0fb7899e5be2b22885f,1,22c15b46adce8afdd7d58e6582752263,1501fb94311512e6b98462d159e05a23,3673,"sao paulo",SP,6b6b162b177d0f36987993aecbe1c65f,pet_shop,36,876,1,20450,35,35,35,070d165398b553f3b4b851c216b8a358,"sao paulo",SP,3916,boleto,1,1,109.99,23.25,318.36,"2018-04-23 04:54:27","2018-04-16 13:14:09","2018-04-17 04:54:27","2018-04-18 20:23:49","2018-04-19 16:37:46","2018-05-02 00:00:00",Monday,April,2018,April-2018,delivered,023669233121f0fb7899e5be2b22885f-1
162,023669233121f0fb7899e5be2b22885f,3,22c15b46adce8afdd7d58e6582752263,1501fb94311512e6b98462d159e05a23,3673,"sao paulo",SP,784c94d1803e49492d2758907914b26c,pet_shop,55,852,1,20800,40,40,45,070d165398b553f3b4b851c216b8a358,"sao paulo",SP,3916,boleto,1,1,109.9,19.76,318.36,"2018-04-23 04:54:27","2018-04-16 13:14:09","2018-04-17 04:54:27","2018-04-18 20:23:49","2018-04-19 16:37:46","2018-05-02 00:00:00",Monday,April,2018,April-2018,delivered,023669233121f0fb7899e5be2b22885f-3
163,0265de29d2bf47d85101018e7f7d4ff6,1,adf1ecaca5e192f1356ed0760e5432ae,3afe3f02d75b3d8d823d14959002987f,65919,imperatriz,MA,10876ffa7227a74d878729d3f6bea35d,pet_shop,46,474,10,2500,45,15,28,dd7ddc04e1b6c2c614352b383efe2d36,"sao paulo",SP,3471,credit_card,1,4,45.9,31.95,77.85,"2017-05-05 07:55:11","2017-04-30 07:43:30","2017-04-30 07:55:11","2017-05-10 18:41:46","2017-05-18 08:19:06","2017-06-06 00:00:00",Sunday,April,2017,April-2017,delivered,0265de29d2bf47d85101018e7f7d4ff6-1
164,1ca552f5ea38aeab2f2c52a03fa32942,1,e423c0347c0e52135f96459b6fcffc61,78e97085c6d64dac248fd343b536ce28,13484,limeira,SP,10876ffa7227a74d878729d3f6bea35d,pet_shop,46,474,10,2500,45,15,28,dd7ddc04e1b6c2c614352b383efe2d36,"sao paulo",SP,3471,voucher,1,1,49.9,13.08,62.98,"2017-10-18 09:28:19","2017-10-11 08:17:44","2017-10-11 08:28:19","2017-10-19 18:15:21","2017-10-20 18:05:21","2017-10-24 00:00:00",Wednesday,October,2017,October-2017,delivered,1ca552f5ea38aeab2f2c52a03fa32942-1
165,b7dc42271c71663ceed71350d60a5559,1,533a3d75aeb7abdd7d803dd264c9851e,0af92d2ac166e21f4c91e660504a5d47,74360,goiania,GO,10876ffa7227a74d878729d3f6bea35d,pet_shop,46,474,10,2500,45,15,28,dd7ddc04e1b6c2c614352b383efe2d36,"sao paulo",SP,3471,credit_card,1,3,45.9,19.84,65.74,"2017-07-18 13:15:25","2017-07-12 13:00:15","2017-07-12 13:15:25","2017-07-18 21:52:16","2017-07-26 01:06:29","2017-08-09 00:00:00",Wednesday,July,2017,July-2017,delivered,b7dc42271c71663ceed71350d60a5559-1
166,0580cfd05da4901cede805697f39a632,1,827a42e41fca052da4378e08dde4d5a9,bc5d56db41d085a187b0e6e1dfbfbb4d,9190,"santo andre",SP,3dd3a67f72798f25cdd5d98553553d85,pet_shop,63,935,8,16850,60,40,42,dd7ddc04e1b6c2c614352b383efe2d36,"sao paulo",SP,3471,credit_card,1,1,59.9,34.19,24.9,"2018-03-15 16:48:10","2018-03-10 16:31:22","2018-03-10 16:48:10","2018-03-13 20:17:29","2018-03-16 22:24:49","2018-03-22 00:00:00",Saturday,March,2018,March-2018,delivered,0580cfd05da4901cede805697f39a632-1
167,0580cfd05da4901cede805697f39a632,1,827a42e41fca052da4378e08dde4d5a9,bc5d56db41d085a187b0e6e1dfbfbb4d,9190,"santo andre",SP,3dd3a67f72798f25cdd5d98553553d85,pet_shop,63,935,8,16850,60,40,42,dd7ddc04e1b6c2c614352b383efe2d36,"sao paulo",SP,3471,voucher,2,1,59.9,34.19,69.19,"2018-03-15 16:48:10","2018-03-10 16:31:22","2018-03-10 16:48:10","2018-03-13 20:17:29","2018-03-16 22:24:49","2018-03-22 00:00:00",Saturday,March,2018,March-2018,delivered,0580cfd05da4901cede805697f39a632-1
168,087b902fe8df6660b295f28f1d8f7c30,1,79d0540451c56f00f1d0d34f131d4a22,6923204be0531deec064abd1c225b96c,11320,"sao vicente",SP,cf5407ad3a5c603fa46d5c2613661a09,pet_shop,49,410,2,8750,45,28,45,dd7ddc04e1b6c2c614352b383efe2d36,"sao paulo",SP,3471,credit_card,1,1,29.9,11.15,41.05,"2018-03-16 19:28:36","2018-03-08 18:50:11","2018-03-08 19:28:36","2018-03-10 12:04:59","2018-03-18 18:52:38","2018-03-22 00:00:00",Thursday,March,2018,March-2018,delivered,087b902fe8df6660b295f28f1d8f7c30-1
169,52b226b1528922785f17fc4dadbe7110,1,5d223584b58b69a22b86aacdf4d12b01,5b5c88892e1bf3030b8f488500788a41,11750,peruibe,SP,cf5407ad3a5c603fa46d5c2613661a09,pet_shop,49,410,2,8750,45,28,45,dd7ddc04e1b6c2c614352b383efe2d36,"sao paulo",SP,3471,credit_card,1,1,29.9,14.44,44.34,"2018-03-20 14:15:42","2018-03-12 13:50:41","2018-03-12 14:15:42","2018-03-13 20:33:05","2018-03-21 22:57:43","2018-04-02 00:00:00",Monday,March,2018,March-2018,delivered,52b226b1528922785f17fc4dadbe7110-1
170,5ac4eee743a86a4f0d1b7ee150d1bb34,1,bc64e5a7d927cba23c4b58e8c417c2f9,6ba1e330c45ba596ef371ce2092c6dbd,37300,andrelandia,MG,cf5407ad3a5c603fa46d5c2613661a09,pet_shop,49,410,2,8750,45,28,45,dd7ddc04e1b6c2c614352b383efe2d36,"sao paulo",SP,3471,credit_card,1,1,29.9,17.6,47.5,"2017-12-04 00:31:20","2017-11-26 00:10:06","2017-11-26 00:32:47","2017-11-29 23:24:46","2017-12-27 11:47:59","2017-12-22 00:00:00",Sunday,November,2017,November-2017,delivered,5ac4eee743a86a4f0d1b7ee150d1bb34-1
171,6a3c03b4d8dd9b6cf04b7c09c5cf6627,1,a31ddccc8903093ba9f48791e0733d7b,90693e7acfb7f48d03fe61e2a0002543,20230,"rio de janeiro",RJ,cf5407ad3a5c603fa46d5c2613661a09,pet_shop,49,410,2,8750,45,28,45,dd7ddc04e1b6c2c614352b383efe2d36,"sao paulo",SP,3471,credit_card,1,1,29.9,16.6,46.5,"2017-12-13 11:03:43","2017-12-05 08:48:23","2017-12-05 11:03:43","2017-12-19 22:28:38","2018-01-10 19:57:08","2018-01-02 00:00:00",Tuesday,December,2017,December-2017,delivered,6a3c03b4d8dd9b6cf04b7c09c5cf6627-1
172,724b19e5eca8ec552146bf7904b4cbeb,1,9e0773fb262bb0872dddbb606ccf3fb7,49a19cc71af5703aa8e8bc87349e4c40,68908,macapa,AP,cf5407ad3a5c603fa46d5c2613661a09,pet_shop,49,410,2,8750,45,28,45,dd7ddc04e1b6c2c614352b383efe2d36,"sao paulo",SP,3471,boleto,1,1,29.9,14,87.8,"2017-08-17 03:04:27","2017-08-08 09:02:22","2017-08-09 03:04:27","2017-08-21 22:41:11","2017-09-04 20:07:59","2017-09-26 00:00:00",Tuesday,August,2017,August-2017,delivered,724b19e5eca8ec552146bf7904b4cbeb-1
173,724b19e5eca8ec552146bf7904b4cbeb,2,9e0773fb262bb0872dddbb606ccf3fb7,49a19cc71af5703aa8e8bc87349e4c40,68908,macapa,AP,cf5407ad3a5c603fa46d5c2613661a09,pet_shop,49,410,2,8750,45,28,45,dd7ddc04e1b6c2c614352b383efe2d36,"sao paulo",SP,3471,boleto,1,1,29.9,14,87.8,"2017-08-17 03:04:27","2017-08-08 09:02:22","2017-08-09 03:04:27","2017-08-21 22:41:11","2017-09-04 20:07:59","2017-09-26 00:00:00",Tuesday,August,2017,August-2017,delivered,724b19e5eca8ec552146bf7904b4cbeb-2
174,75518a45c276d9863de563ed245edfc5,1,adbdc433363a070117d747d4dc3524b8,704b53a72357a01177405a3192072aa7,5036,"sao paulo",SP,cf5407ad3a5c603fa46d5c2613661a09,pet_shop,49,410,2,8750,45,28,45,dd7ddc04e1b6c2c614352b383efe2d36,"sao paulo",SP,3471,boleto,1,1,34.9,18.41,53.31,"2018-07-26 03:35:13","2018-07-10 18:13:28","2018-07-12 03:35:13","2018-07-27 13:44:00","2018-07-30 18:42:13","2018-08-01 00:00:00",Tuesday,July,2018,July-2018,delivered,75518a45c276d9863de563ed245edfc5-1
175,93fac531a5d1aa75846d96103217e85b,1,411e55a7552f5194f492ee0c4d62c0f7,995facb032e4446a511762f5f842eb11,35650,pitangui,MG,cf5407ad3a5c603fa46d5c2613661a09,pet_shop,49,410,2,8750,45,28,45,dd7ddc04e1b6c2c614352b383efe2d36,"sao paulo",SP,3471,boleto,1,1,29.9,17.6,47.5,"2017-10-17 03:25:16","2017-10-05 06:36:34","2017-10-06 02:25:16","2017-10-13 20:18:53","2017-10-18 21:02:59","2017-11-07 00:00:00",Thursday,October,2017,October-2017,delivered,93fac531a5d1aa75846d96103217e85b-1
176,a24330f9f979dd041f57f4c8f937c9ad,1,d32b227858607cb7294b71f92a52da93,93b62b6a37d644c4556694f8031f0acc,28944,"sao pedro da aldeia",RJ,cf5407ad3a5c603fa46d5c2613661a09,pet_shop,49,410,2,8750,45,28,45,dd7ddc04e1b6c2c614352b383efe2d36,"sao paulo",SP,3471,boleto,1,1,29.9,17.6,47.5,"2017-11-09 04:15:18","2017-10-28 12:47:17","2017-10-31 04:15:18","2017-11-10 00:38:34","2017-12-02 12:35:00","2017-11-27 00:00:00",Saturday,October,2017,October-2017,delivered,a24330f9f979dd041f57f4c8f937c9ad-1
177,0ddd5a236d9e9023c6b2dc4e0ae35efe,1,141f5670b7004a1251c9d0b45688fbfb,917d32872d3c7bbe96ed074c67c30f28,14025,"ribeirao preto",SP,e1da6ab77f4859eb17950e5df1c0f815,pet_shop,56,724,2,7050,50,21,21,dd7ddc04e1b6c2c614352b383efe2d36,"sao paulo",SP,3471,boleto,1,1,49.9,17.26,134.32,"2018-04-05 03:48:50","2018-03-25 11:51:33","2018-03-27 03:48:50","2018-03-29 21:38:31","2018-04-05 16:06:54","2018-04-17 00:00:00",Sunday,March,2018,March-2018,delivered,0ddd5a236d9e9023c6b2dc4e0ae35efe-1
178,0ddd5a236d9e9023c6b2dc4e0ae35efe,2,141f5670b7004a1251c9d0b45688fbfb,917d32872d3c7bbe96ed074c67c30f28,14025,"ribeirao preto",SP,e1da6ab77f4859eb17950e5df1c0f815,pet_shop,56,724,2,7050,50,21,21,dd7ddc04e1b6c2c614352b383efe2d36,"sao paulo",SP,3471,boleto,1,1,49.9,17.26,134.32,"2018-04-05 03:48:50","2018-03-25 11:51:33","2018-03-27 03:48:50","2018-03-29 21:38:31","2018-04-05 16:06:54","2018-04-17 00:00:00",Sunday,March,2018,March-2018,delivered,0ddd5a236d9e9023c6b2dc4e0ae35efe-2
179,0ec20050bc3b82afe83aa803bff7ff04,1,d70bca474f0e8b7140711283a2c9fe4b,91abcfdbb59010e2836be302cea49bb9,1331,"sao paulo",SP,e1da6ab77f4859eb17950e5df1c0f815,pet_shop,56,724,2,7050,50,21,21,dd7ddc04e1b6c2c614352b383efe2d36,"sao paulo",SP,3471,credit_card,1,1,49.9,12.43,62.33,"2018-04-27 19:30:29","2018-04-18 19:17:18","2018-04-18 19:30:29","2018-04-26 15:50:00","2018-04-27 15:23:37","2018-05-10 00:00:00",Wednesday,April,2018,April-2018,delivered,0ec20050bc3b82afe83aa803bff7ff04-1
180,1432d48030ced821a4afaabcfc2a8b0f,1,6a909b62463d9c6cc4126cea7af3ad59,7b06aa5473c44b8e05b9eeaea702f1a2,4026,"sao paulo",SP,e1da6ab77f4859eb17950e5df1c0f815,pet_shop,56,724,2,7050,50,21,21,dd7ddc04e1b6c2c614352b383efe2d36,"sao paulo",SP,3471,credit_card,1,3,49.9,14.62,64.52,"2018-06-18 20:52:12","2018-06-05 20:26:51","2018-06-05 20:52:12","2018-06-08 16:20:00","2018-06-11 16:48:40","2018-07-05 00:00:00",Tuesday,June,2018,June-2018,delivered,1432d48030ced821a4afaabcfc2a8b0f-1
181,19838cf50dea89006e54a386a31287b2,1,0c97980a30d97a6bfda61a4f10264bc7,e550a3e35434ae49ef5fc19b03038f39,11441,guaruja,SP,e1da6ab77f4859eb17950e5df1c0f815,pet_shop,56,724,2,7050,50,21,21,dd7ddc04e1b6c2c614352b383efe2d36,"sao paulo",SP,3471,debit_card,1,1,49.9,12.43,62.33,"2018-04-27 13:10:41","2018-04-18 12:53:27","2018-04-18 13:10:41","2018-04-26 15:50:00","2018-04-28 14:28:50","2018-05-09 00:00:00",Wednesday,April,2018,April-2018,delivered,19838cf50dea89006e54a386a31287b2-1
182,1a1ddb5980f9699031296734e1b01187,1,9844c04cb1fe2692c7346016ef7b3254,44def23f0c27fbe3dd30a79b3ccdb55b,2614,"sao paulo",SP,e1da6ab77f4859eb17950e5df1c0f815,pet_shop,56,724,2,7050,50,21,21,dd7ddc04e1b6c2c614352b383efe2d36,"sao paulo",SP,3471,boleto,1,1,49.9,14.74,64.64,"2018-07-13 04:35:15","2018-06-29 19:26:47","2018-06-30 04:35:15","2018-07-11 14:39:00","2018-07-14 11:32:06","2018-07-25 00:00:00",Friday,June,2018,June-2018,delivered,1a1ddb5980f9699031296734e1b01187-1
183,3190cee126ad6894778d3f21c28b0a55,1,f1d1239bf0cad23368e7729702967983,2e9baa1b5454091a7581b9c4d6e615bd,9972,diadema,SP,e1da6ab77f4859eb17950e5df1c0f815,pet_shop,56,724,2,7050,50,21,21,dd7ddc04e1b6c2c614352b383efe2d36,"sao paulo",SP,3471,credit_card,1,2,45.9,11.73,115.26,"2017-10-25 11:49:37","2017-10-16 11:34:00","2017-10-16 11:49:37","2017-10-17 22:52:56","2017-10-23 19:52:17","2017-10-31 00:00:00",Monday,October,2017,October-2017,delivered,3190cee126ad6894778d3f21c28b0a55-1
184,3190cee126ad6894778d3f21c28b0a55,2,f1d1239bf0cad23368e7729702967983,2e9baa1b5454091a7581b9c4d6e615bd,9972,diadema,SP,e1da6ab77f4859eb17950e5df1c0f815,pet_shop,56,724,2,7050,50,21,21,dd7ddc04e1b6c2c614352b383efe2d36,"sao paulo",SP,3471,credit_card,1,2,45.9,11.73,115.26,"2017-10-25 11:49:37","2017-10-16 11:34:00","2017-10-16 11:49:37","2017-10-17 22:52:56","2017-10-23 19:52:17","2017-10-31 00:00:00",Monday,October,2017,October-2017,delivered,3190cee126ad6894778d3f21c28b0a55-2
185,4eb3e11c28260d8a8524f0513b0ce771,1,959f76d6d4c26184cb83d2d2e85b9d53,470512c1c53efe65adedacad47124a0e,2013,"sao paulo",SP,e1da6ab77f4859eb17950e5df1c0f815,pet_shop,56,724,2,7050,50,21,21,dd7ddc04e1b6c2c614352b383efe2d36,"sao paulo",SP,3471,credit_card,1,1,49.9,12.43,62.33,"2018-04-10 14:47:21","2018-03-31 14:24:53","2018-03-31 14:47:21","2018-04-05 17:17:38","2018-04-07 00:40:49","2018-04-17 00:00:00",Saturday,March,2018,March-2018,delivered,4eb3e11c28260d8a8524f0513b0ce771-1
186,50a27906921dc9ef4b7afa6cdb04649b,1,36fb830261b73dccda10d2199a523d58,18186af785c301b05127a291eac901e1,70775,brasilia,DF,e1da6ab77f4859eb17950e5df1c0f815,pet_shop,56,724,2,7050,50,21,21,dd7ddc04e1b6c2c614352b383efe2d36,"sao paulo",SP,3471,credit_card,1,4,49.9,24.98,74.88,"2018-06-27 18:57:49","2018-06-14 18:29:40","2018-06-14 18:57:49","2018-06-26 13:47:00","2018-07-03 05:17:37","2018-07-19 00:00:00",Thursday,June,2018,June-2018,delivered,50a27906921dc9ef4b7afa6cdb04649b-1
187,6ceec659ff4d6720d0296d133cb49745,1,1ffd4ed29264828d00542426f5285dac,fb39f19e07718c98dcc19dd8775216aa,89600,joacaba,SC,e1da6ab77f4859eb17950e5df1c0f815,pet_shop,56,724,2,7050,50,21,21,dd7ddc04e1b6c2c614352b383efe2d36,"sao paulo",SP,3471,credit_card,1,6,45.9,20.84,66.74,"2017-12-05 01:14:01","2017-11-24 22:11:55","2017-11-25 01:14:01","2017-11-30 20:21:50","2017-12-20 20:32:53","2017-12-27 00:00:00",Friday,November,2017,November-2017,delivered,6ceec659ff4d6720d0296d133cb49745-1
188,6f21315112f543e3009995c7d0391473,1,070bca17bc76a393ba985b11b2f9deda,7942503b866fda5908a460d4c80ede0f,83260,matinhos,PR,e1da6ab77f4859eb17950e5df1c0f815,pet_shop,56,724,2,7050,50,21,21,dd7ddc04e1b6c2c614352b383efe2d36,"sao paulo",SP,3471,credit_card,1,2,49.9,26.43,152.66,"2018-05-03 13:30:46","2018-04-23 12:47:50","2018-04-24 17:37:20","2018-05-02 13:23:00","2018-05-08 14:55:35","2018-05-24 00:00:00",Monday,April,2018,April-2018,delivered,6f21315112f543e3009995c7d0391473-1
189,6f21315112f543e3009995c7d0391473,2,070bca17bc76a393ba985b11b2f9deda,7942503b866fda5908a460d4c80ede0f,83260,matinhos,PR,e1da6ab77f4859eb17950e5df1c0f815,pet_shop,56,724,2,7050,50,21,21,dd7ddc04e1b6c2c614352b383efe2d36,"sao paulo",SP,3471,credit_card,1,2,49.9,26.43,152.66,"2018-05-03 13:30:46","2018-04-23 12:47:50","2018-04-24 17:37:20","2018-05-02 13:23:00","2018-05-08 14:55:35","2018-05-24 00:00:00",Monday,April,2018,April-2018,delivered,6f21315112f543e3009995c7d0391473-2
190,7856ac3dde097902ad5fc94c787045c5,1,cab529ea499b05123eeaf6901f7be818,7d0b9f174ed5e7334a04cc042152a6fe,14403,franca,SP,e1da6ab77f4859eb17950e5df1c0f815,pet_shop,56,724,2,7050,50,21,21,dd7ddc04e1b6c2c614352b383efe2d36,"sao paulo",SP,3471,credit_card,1,1,45.9,17.26,1.43,"2018-03-20 00:48:23","2018-03-11 00:31:21","2018-03-11 00:48:23","2018-03-15 22:22:20","2018-04-03 00:58:30","2018-04-03 00:00:00",Sunday,March,2018,March-2018,delivered,7856ac3dde097902ad5fc94c787045c5-1
191,7856ac3dde097902ad5fc94c787045c5,1,cab529ea499b05123eeaf6901f7be818,7d0b9f174ed5e7334a04cc042152a6fe,14403,franca,SP,e1da6ab77f4859eb17950e5df1c0f815,pet_shop,56,724,2,7050,50,21,21,dd7ddc04e1b6c2c614352b383efe2d36,"sao paulo",SP,3471,voucher,2,1,45.9,17.26,20.58,"2018-03-20 00:48:23","2018-03-11 00:31:21","2018-03-11 00:48:23","2018-03-15 22:22:20","2018-04-03 00:58:30","2018-04-03 00:00:00",Sunday,March,2018,March-2018,delivered,7856ac3dde097902ad5fc94c787045c5-1
192,7856ac3dde097902ad5fc94c787045c5,1,cab529ea499b05123eeaf6901f7be818,7d0b9f174ed5e7334a04cc042152a6fe,14403,franca,SP,e1da6ab77f4859eb17950e5df1c0f815,pet_shop,56,724,2,7050,50,21,21,dd7ddc04e1b6c2c614352b383efe2d36,"sao paulo",SP,3471,voucher,3,1,45.9,17.26,41.15,"2018-03-20 00:48:23","2018-03-11 00:31:21","2018-03-11 00:48:23","2018-03-15 22:22:20","2018-04-03 00:58:30","2018-04-03 00:00:00",Sunday,March,2018,March-2018,delivered,7856ac3dde097902ad5fc94c787045c5-1
193,86a2b80cb9bd413ee74fefc7d9388fbf,1,ad94048ef88a457ebaa1fef9f56102bd,e3950be1319f854e472db27fa9875fc9,18044,sorocaba,SP,e1da6ab77f4859eb17950e5df1c0f815,pet_shop,56,724,2,7050,50,21,21,dd7ddc04e1b6c2c614352b383efe2d36,"sao paulo",SP,3471,credit_card,1,1,49.9,12.43,62.33,"2018-04-23 11:35:16","2018-04-12 10:02:55","2018-04-12 11:35:16","2018-04-18 20:16:28","2018-04-20 21:06:54","2018-05-04 00:00:00",Thursday,April,2018,April-2018,delivered,86a2b80cb9bd413ee74fefc7d9388fbf-1
194,8b22958a1b6c74b753579682cc05bf21,1,1d7e8ca9d132fb1570d6290fd89cfb72,af697fd28daee4b7c6c4e65c9b87394a,85902,toledo,PR,e1da6ab77f4859eb17950e5df1c0f815,pet_shop,56,724,2,7050,50,21,21,dd7ddc04e1b6c2c614352b383efe2d36,"sao paulo",SP,3471,credit_card,1,1,49.9,26.43,152.66,"2018-04-03 15:55:23","2018-03-25 15:47:42","2018-03-25 15:55:23","2018-03-30 02:50:54","2018-04-10 23:56:33","2018-04-19 00:00:00",Sunday,March,2018,March-2018,delivered,8b22958a1b6c74b753579682cc05bf21-1
195,8b22958a1b6c74b753579682cc05bf21,2,1d7e8ca9d132fb1570d6290fd89cfb72,af697fd28daee4b7c6c4e65c9b87394a,85902,toledo,PR,e1da6ab77f4859eb17950e5df1c0f815,pet_shop,56,724,2,7050,50,21,21,dd7ddc04e1b6c2c614352b383efe2d36,"sao paulo",SP,3471,credit_card,1,1,49.9,26.43,152.66,"2018-04-03 15:55:23","2018-03-25 15:47:42","2018-03-25 15:55:23","2018-03-30 02:50:54","2018-04-10 23:56:33","2018-04-19 00:00:00",Sunday,March,2018,March-2018,delivered,8b22958a1b6c74b753579682cc05bf21-2
196,97c3cd61d2a79ec31e314ef61b817895,1,e8efbea0bb2c1f6fa1f9974e53dcb370,1791d6a30fb776207b1dfe8b6a10bdec,14790,guaira,SP,e1da6ab77f4859eb17950e5df1c0f815,pet_shop,56,724,2,7050,50,21,21,dd7ddc04e1b6c2c614352b383efe2d36,"sao paulo",SP,3471,boleto,1,1,49.9,17.26,268.64,"2018-04-05 03:48:21","2018-03-25 15:50:23","2018-03-27 03:48:21","2018-03-29 21:38:31","2018-04-07 15:28:25","2018-04-17 00:00:00",Sunday,March,2018,March-2018,delivered,97c3cd61d2a79ec31e314ef61b817895-1
197,97c3cd61d2a79ec31e314ef61b817895,2,e8efbea0bb2c1f6fa1f9974e53dcb370,1791d6a30fb776207b1dfe8b6a10bdec,14790,guaira,SP,e1da6ab77f4859eb17950e5df1c0f815,pet_shop,56,724,2,7050,50,21,21,dd7ddc04e1b6c2c614352b383efe2d36,"sao paulo",SP,3471,boleto,1,1,49.9,17.26,268.64,"2018-04-05 03:48:21","2018-03-25 15:50:23","2018-03-27 03:48:21","2018-03-29 21:38:31","2018-04-07 15:28:25","2018-04-17 00:00:00",Sunday,March,2018,March-2018,delivered,97c3cd61d2a79ec31e314ef61b817895-2
198,97c3cd61d2a79ec31e314ef61b817895,3,e8efbea0bb2c1f6fa1f9974e53dcb370,1791d6a30fb776207b1dfe8b6a10bdec,14790,guaira,SP,e1da6ab77f4859eb17950e5df1c0f815,pet_shop,56,724,2,7050,50,21,21,dd7ddc04e1b6c2c614352b383efe2d36,"sao paulo",SP,3471,boleto,1,1,49.9,17.26,268.64,"2018-04-05 03:48:21","2018-03-25 15:50:23","2018-03-27 03:48:21","2018-03-29 21:38:31","2018-04-07 15:28:25","2018-04-17 00:00:00",Sunday,March,2018,March-2018,delivered,97c3cd61d2a79ec31e314ef61b817895-3
199,97c3cd61d2a79ec31e314ef61b817895,4,e8efbea0bb2c1f6fa1f9974e53dcb370,1791d6a30fb776207b1dfe8b6a10bdec,14790,guaira,SP,e1da6ab77f4859eb17950e5df1c0f815,pet_shop,56,724,2,7050,50,21,21,dd7ddc04e1b6c2c614352b383efe2d36,"sao paulo",SP,3471,boleto,1,1,49.9,17.26,268.64,"2018-04-05 03:48:21","2018-03-25 15:50:23","2018-03-27 03:48:21","2018-03-29 21:38:31","2018-04-07 15:28:25","2018-04-17 00:00:00",Sunday,March,2018,March-2018,delivered,97c3cd61d2a79ec31e314ef61b817895-4
200,a914054902523db41cb44dd114ef17ae,1,e9897d7b26b4ceaa2b3f07a0e4cddd98,c88a78ffee02f40ceeb314786550b716,74920,"aparecida de goiania",GO,e1da6ab77f4859eb17950e5df1c0f815,pet_shop,56,724,2,7050,50,21,21,dd7ddc04e1b6c2c614352b383efe2d36,"sao paulo",SP,3471,credit_card,1,1,49.9,27.33,77.23,"2018-07-26 17:50:15","2018-07-11 17:42:36","2018-07-11 17:50:15","2018-07-27 13:42:00","2018-08-07 22:33:48","2018-08-08 00:00:00",Wednesday,July,2018,July-2018,delivered,a914054902523db41cb44dd114ef17ae-1
201,aaa4edcd1e7753b97a9216234d93e1bc,1,60cb365d3ede11cd97f1d411b0c609cf,8dde2ebb32007502979459f746fb1698,88330,"balneario camboriu",SC,e1da6ab77f4859eb17950e5df1c0f815,pet_shop,56,724,2,7050,50,21,21,dd7ddc04e1b6c2c614352b383efe2d36,"sao paulo",SP,3471,credit_card,1,1,49.9,35.7,85.6,"2018-07-04 17:21:27","2018-06-20 16:55:30","2018-06-20 17:21:27","2018-07-05 13:58:00","2018-07-10 14:16:38","2018-07-26 00:00:00",Wednesday,June,2018,June-2018,delivered,aaa4edcd1e7753b97a9216234d93e1bc-1
202,bc69ce22573ef61da22888eb42b976d1,1,20c93ce4bf340f35b3d27d2219cc5937,427be1ae47bac17e53cd13061534a4e0,18460,itarare,SP,e1da6ab77f4859eb17950e5df1c0f815,pet_shop,56,724,2,7050,50,21,21,dd7ddc04e1b6c2c614352b383efe2d36,"sao paulo",SP,3471,credit_card,1,2,45.9,17.26,126.32,"2018-03-21 11:49:02","2018-03-12 11:27:20","2018-03-12 11:49:02","2018-03-13 20:33:05","2018-03-28 18:40:58","2018-04-03 00:00:00",Monday,March,2018,March-2018,delivered,bc69ce22573ef61da22888eb42b976d1-1
203,bc69ce22573ef61da22888eb42b976d1,2,20c93ce4bf340f35b3d27d2219cc5937,427be1ae47bac17e53cd13061534a4e0,18460,itarare,SP,e1da6ab77f4859eb17950e5df1c0f815,pet_shop,56,724,2,7050,50,21,21,dd7ddc04e1b6c2c614352b383efe2d36,"sao paulo",SP,3471,credit_card,1,2,45.9,17.26,126.32,"2018-03-21 11:49:02","2018-03-12 11:27:20","2018-03-12 11:49:02","2018-03-13 20:33:05","2018-03-28 18:40:58","2018-04-03 00:00:00",Monday,March,2018,March-2018,delivered,bc69ce22573ef61da22888eb42b976d1-2
204,bc6e05c3335f87caadbcd6c80de46ad2,1,05e54a5f9eb2f443192d44067147a451,89d481231e8b8bb6e22dcb28d19e5378,50820,recife,PE,e1da6ab77f4859eb17950e5df1c0f815,pet_shop,56,724,2,7050,50,21,21,dd7ddc04e1b6c2c614352b383efe2d36,"sao paulo",SP,3471,credit_card,1,7,49.9,26.79,76.69,"2018-04-17 15:09:44","2018-04-04 01:24:09","2018-04-06 15:09:44","2018-04-10 21:41:31","2018-04-27 21:12:42","2018-05-09 00:00:00",Wednesday,April,2018,April-2018,delivered,bc6e05c3335f87caadbcd6c80de46ad2-1
205,cf1ff716be04ebeff7831c79c17f9151,1,3e0483e69ad990a67229dcaee3b37cf4,9a267bc97bca41367c6451fc3134c392,5056,"sao paulo",SP,e1da6ab77f4859eb17950e5df1c0f815,pet_shop,56,724,2,7050,50,21,21,dd7ddc04e1b6c2c614352b383efe2d36,"sao paulo",SP,3471,credit_card,1,1,45.9,13.08,58.98,"2017-12-07 18:57:02","2017-11-28 18:44:57","2017-11-28 18:57:02","2017-11-30 20:48:21","2017-12-03 13:24:11","2017-12-15 00:00:00",Tuesday,November,2017,November-2017,delivered,cf1ff716be04ebeff7831c79c17f9151-1
206,d613e5d350507dc43eed8de7ccffdf6a,1,4f06c14beb9f0bd010c8386b2bfa21ec,85f4bc5064f9c6956bde12417f0a6515,4113,"sao paulo",SP,e1da6ab77f4859eb17950e5df1c0f815,pet_shop,56,724,2,7050,50,21,21,dd7ddc04e1b6c2c614352b383efe2d36,"sao paulo",SP,3471,credit_card,1,2,49.9,14.74,129.28,"2018-08-07 17:20:33","2018-07-23 16:15:17","2018-07-23 17:20:33","2018-08-09 00:54:00","2018-08-09 13:32:05","2018-08-13 00:00:00",Monday,July,2018,July-2018,delivered,d613e5d350507dc43eed8de7ccffdf6a-1
207,d613e5d350507dc43eed8de7ccffdf6a,2,4f06c14beb9f0bd010c8386b2bfa21ec,85f4bc5064f9c6956bde12417f0a6515,4113,"sao paulo",SP,e1da6ab77f4859eb17950e5df1c0f815,pet_shop,56,724,2,7050,50,21,21,dd7ddc04e1b6c2c614352b383efe2d36,"sao paulo",SP,3471,credit_card,1,2,49.9,14.74,129.28,"2018-08-07 17:20:33","2018-07-23 16:15:17","2018-07-23 17:20:33","2018-08-09 00:54:00","2018-08-09 13:32:05","2018-08-13 00:00:00",Monday,July,2018,July-2018,delivered,d613e5d350507dc43eed8de7ccffdf6a-2
208,dde15a46cf328aee71d97753e04f16ea,1,feb77d070d4e5edfe705908e2608103d,84b3aa01eee4e13af3cc7523a19b64af,95040,"caxias do sul",RS,e1da6ab77f4859eb17950e5df1c0f815,pet_shop,56,724,2,7050,50,21,21,dd7ddc04e1b6c2c614352b383efe2d36,"sao paulo",SP,3471,boleto,1,1,49.9,26.43,76.33,"2018-03-29 03:48:45","2018-03-18 16:33:02","2018-03-20 03:48:45","2018-03-23 20:43:56","2018-04-18 21:41:01","2018-04-18 00:00:00",Sunday,March,2018,March-2018,delivered,dde15a46cf328aee71d97753e04f16ea-1
209,e42bf7067f681fd8fae881e02681808a,1,019874e4746e94aecaaa9494661b9f26,6b90870791b88e4300c3e15816b18660,35701,"sete lagoas",MG,e1da6ab77f4859eb17950e5df1c0f815,pet_shop,56,724,2,7050,50,21,21,dd7ddc04e1b6c2c614352b383efe2d36,"sao paulo",SP,3471,boleto,1,1,45.9,16.6,125,"2017-10-17 03:56:37","2017-10-03 19:02:17","2017-10-05 02:56:37","2017-10-11 21:12:57","2017-10-18 22:13:44","2017-11-01 00:00:00",Tuesday,October,2017,October-2017,delivered,e42bf7067f681fd8fae881e02681808a-1
210,e42bf7067f681fd8fae881e02681808a,2,019874e4746e94aecaaa9494661b9f26,6b90870791b88e4300c3e15816b18660,35701,"sete lagoas",MG,e1da6ab77f4859eb17950e5df1c0f815,pet_shop,56,724,2,7050,50,21,21,dd7ddc04e1b6c2c614352b383efe2d36,"sao paulo",SP,3471,boleto,1,1,45.9,16.6,125,"2017-10-17 03:56:37","2017-10-03 19:02:17","2017-10-05 02:56:37","2017-10-11 21:12:57","2017-10-18 22:13:44","2017-11-01 00:00:00",Tuesday,October,2017,October-2017,delivered,e42bf7067f681fd8fae881e02681808a-2
211,e55253f870ba00d40f6f01475ceecd3c,1,4673e1ebd04cf92efca5b5068c6b4b2d,cc3fa56799bf052b6f877995f7cc592e,8533,"ferraz de vasconcelos",SP,e1da6ab77f4859eb17950e5df1c0f815,pet_shop,56,724,2,7050,50,21,21,dd7ddc04e1b6c2c614352b383efe2d36,"sao paulo",SP,3471,boleto,1,1,49.9,12.43,124.66,"2018-03-27 02:55:22","2018-03-15 23:52:07","2018-03-17 02:55:22","2018-03-23 20:43:57","2018-03-28 00:49:49","2018-04-02 00:00:00",Thursday,March,2018,March-2018,delivered,e55253f870ba00d40f6f01475ceecd3c-1
212,e55253f870ba00d40f6f01475ceecd3c,2,4673e1ebd04cf92efca5b5068c6b4b2d,cc3fa56799bf052b6f877995f7cc592e,8533,"ferraz de vasconcelos",SP,e1da6ab77f4859eb17950e5df1c0f815,pet_shop,56,724,2,7050,50,21,21,dd7ddc04e1b6c2c614352b383efe2d36,"sao paulo",SP,3471,boleto,1,1,49.9,12.43,124.66,"2018-03-27 02:55:22","2018-03-15 23:52:07","2018-03-17 02:55:22","2018-03-23 20:43:57","2018-03-28 00:49:49","2018-04-02 00:00:00",Thursday,March,2018,March-2018,delivered,e55253f870ba00d40f6f01475ceecd3c-2
213,e681b9d741ce6a1913e86b6351105a55,1,f5d4222513466da6fe7d52a173a97b17,8f0997f7fe24ce1f63d872a95bcfc358,91410,"porto alegre",RS,e1da6ab77f4859eb17950e5df1c0f815,pet_shop,56,724,2,7050,50,21,21,dd7ddc04e1b6c2c614352b383efe2d36,"sao paulo",SP,3471,credit_card,1,3,49.9,24.7,149.2,"2018-08-06 20:04:14","2018-07-21 19:47:08","2018-07-21 20:04:14","2018-08-06 14:17:00","2018-08-10 18:05:47","2018-08-24 00:00:00",Saturday,July,2018,July-2018,delivered,e681b9d741ce6a1913e86b6351105a55-1
214,e681b9d741ce6a1913e86b6351105a55,2,f5d4222513466da6fe7d52a173a97b17,8f0997f7fe24ce1f63d872a95bcfc358,91410,"porto alegre",RS,e1da6ab77f4859eb17950e5df1c0f815,pet_shop,56,724,2,7050,50,21,21,dd7ddc04e1b6c2c614352b383efe2d36,"sao paulo",SP,3471,credit_card,1,3,49.9,24.7,149.2,"2018-08-06 20:04:14","2018-07-21 19:47:08","2018-07-21 20:04:14","2018-08-06 14:17:00","2018-08-10 18:05:47","2018-08-24 00:00:00",Saturday,July,2018,July-2018,delivered,e681b9d741ce6a1913e86b6351105a55-2
215,ec185ae9706f499c67d358109cd5dc5c,1,2ce569937fd15454ef0bef32cff41baa,27e0b8ed45ab825b8962fa612ea25637,13172,sumare,SP,e1da6ab77f4859eb17950e5df1c0f815,pet_shop,56,724,2,7050,50,21,21,dd7ddc04e1b6c2c614352b383efe2d36,"sao paulo",SP,3471,boleto,1,1,49.9,12.43,62.33,"2018-03-29 03:49:14","2018-03-18 22:21:48","2018-03-20 03:49:14","2018-03-28 21:22:48","2018-03-29 22:37:42","2018-04-04 00:00:00",Sunday,March,2018,March-2018,delivered,ec185ae9706f499c67d358109cd5dc5c-1
216,f4a347787e3d3c1d8d4bea25ed38d222,1,f9fac5d83d911cc24a60b4f7a33433ec,df02a4f7f01b9bb9ae11fcc020d78de0,5509,"sao paulo",SP,e1da6ab77f4859eb17950e5df1c0f815,pet_shop,56,724,2,7050,50,21,21,dd7ddc04e1b6c2c614352b383efe2d36,"sao paulo",SP,3471,credit_card,1,1,49.9,16.44,131.78,"2018-06-27 18:18:57","2018-06-14 18:05:57","2018-06-14 18:18:57","2018-06-15 15:41:00","2018-06-20 15:34:52","2018-07-12 00:00:00",Thursday,June,2018,June-2018,delivered,f4a347787e3d3c1d8d4bea25ed38d222-1
217,f4a347787e3d3c1d8d4bea25ed38d222,2,f9fac5d83d911cc24a60b4f7a33433ec,df02a4f7f01b9bb9ae11fcc020d78de0,5509,"sao paulo",SP,fb979d44fd4269b2ea30e300b66c89f3,pet_shop,49,294,2,1250,50,4,26,c5f7e746b7e6d07def6c0dae9903279b,curitiba,PR,81350,credit_card,1,1,49,16.44,131.78,"2018-06-20 18:18:57","2018-06-14 18:05:57","2018-06-14 18:18:57","2018-06-15 15:41:00","2018-06-20 15:34:52","2018-07-12 00:00:00",Thursday,June,2018,June-2018,delivered,f4a347787e3d3c1d8d4bea25ed38d222-2
218,f8443fdcccdae6a20d6371dd8a9e63b2,1,c2ad4e5180a7b403cd487e1146d85e1d,400cf532ea26ce3c6c44ddea44202ab6,8737,"mogi das cruzes",SP,e1da6ab77f4859eb17950e5df1c0f815,pet_shop,56,724,2,7050,50,21,21,dd7ddc04e1b6c2c614352b383efe2d36,"sao paulo",SP,3471,credit_card,1,1,45.9,11.73,57.63,"2017-09-05 13:25:13","2017-08-27 13:14:04","2017-08-27 13:25:13","2017-09-01 18:12:14","2017-09-02 14:14:43","2017-09-13 00:00:00",Sunday,August,2017,August-2017,delivered,f8443fdcccdae6a20d6371dd8a9e63b2-1
219,f95795398c6d7c5e32c51629aa345fdf,1,9a37a72e01b19af73e41b1491d8d9d8c,8aad7dcc119010c67a8da185ca85a38b,9240,"santo andre",SP,e1da6ab77f4859eb17950e5df1c0f815,pet_shop,56,724,2,7050,50,21,21,dd7ddc04e1b6c2c614352b383efe2d36,"sao paulo",SP,3471,boleto,1,1,45.9,13.08,117.96,"2017-12-12 04:39:03","2017-11-29 21:11:05","2017-12-01 11:31:52","2017-12-05 19:28:36","2017-12-13 17:28:27","2017-12-20 00:00:00",Wednesday,November,2017,November-2017,delivered,f95795398c6d7c5e32c51629aa345fdf-1
220,f95795398c6d7c5e32c51629aa345fdf,2,9a37a72e01b19af73e41b1491d8d9d8c,8aad7dcc119010c67a8da185ca85a38b,9240,"santo andre",SP,e1da6ab77f4859eb17950e5df1c0f815,pet_shop,56,724,2,7050,50,21,21,dd7ddc04e1b6c2c614352b383efe2d36,"sao paulo",SP,3471,boleto,1,1,45.9,13.08,117.96,"2017-12-12 04:39:03","2017-11-29 21:11:05","2017-12-01 11:31:52","2017-12-05 19:28:36","2017-12-13 17:28:27","2017-12-20 00:00:00",Wednesday,November,2017,November-2017,delivered,f95795398c6d7c5e32c51629aa345fdf-2
221,0fe75a9839e7296629a6d6924fdf3365,1,2ae6618a66d60952d41816641958650e,903c88e94d60602827df5cbdd8b2c60f,18950,ipaussu,SP,3f246bac2dc05206d0d5b6c637c7008f,pet_shop,56,486,1,26700,80,41,46,dd7ddc04e1b6c2c614352b383efe2d36,"sao paulo",SP,3471,credit_card,1,10,259.9,59.73,319.63,"2017-09-08 20:50:14","2017-09-03 20:34:23","2017-09-03 20:50:14","2017-09-11 21:29:51","2017-09-14 18:17:48","2017-09-21 00:00:00",Sunday,September,2017,September-2017,delivered,0fe75a9839e7296629a6d6924fdf3365-1
222,26d5ab0752e2de19eee25118f25ccb74,1,7b3a2b1682c37d9df9e836d397b963a1,3b6c7e28e2c01ce45156f875e88f6d02,11015,santos,SP,3f246bac2dc05206d0d5b6c637c7008f,pet_shop,56,486,1,26700,80,41,46,dd7ddc04e1b6c2c614352b383efe2d36,"sao paulo",SP,3471,credit_card,1,5,259.9,51.42,311.32,"2017-11-27 23:52:26","2017-11-21 23:41:35","2017-11-21 23:52:26","2017-11-27 22:15:31","2017-11-29 22:10:57","2017-12-01 00:00:00",Tuesday,November,2017,November-2017,delivered,26d5ab0752e2de19eee25118f25ccb74-1
223,13d37da7780bd1fb1eca0512a3e75f00,1,374f2849c1f5b32e29c9f7e2712c55fa,2f2cb44412b6fab757a8776fa3a3fe6a,24922,marica,RJ,d2922b1fb6b42799b0ce075cb0acc26b,pet_shop,33,649,1,1200,69,3,44,dd7ddc04e1b6c2c614352b383efe2d36,"sao paulo",SP,3471,voucher,2,1,29.9,16.6,20,"2017-12-11 11:03:31","2017-12-05 08:38:22","2017-12-05 11:03:31","2017-12-19 22:03:24","2018-01-11 00:20:20","2018-01-04 00:00:00",Tuesday,December,2017,December-2017,delivered,13d37da7780bd1fb1eca0512a3e75f00-1
224,13d37da7780bd1fb1eca0512a3e75f00,1,374f2849c1f5b32e29c9f7e2712c55fa,2f2cb44412b6fab757a8776fa3a3fe6a,24922,marica,RJ,d2922b1fb6b42799b0ce075cb0acc26b,pet_shop,33,649,1,1200,69,3,44,dd7ddc04e1b6c2c614352b383efe2d36,"sao paulo",SP,3471,voucher,3,1,29.9,16.6,20,"2017-12-11 11:03:31","2017-12-05 08:38:22","2017-12-05 11:03:31","2017-12-19 22:03:24","2018-01-11 00:20:20","2018-01-04 00:00:00",Tuesday,December,2017,December-2017,delivered,13d37da7780bd1fb1eca0512a3e75f00-1
225,13d37da7780bd1fb1eca0512a3e75f00,1,374f2849c1f5b32e29c9f7e2712c55fa,2f2cb44412b6fab757a8776fa3a3fe6a,24922,marica,RJ,d2922b1fb6b42799b0ce075cb0acc26b,pet_shop,33,649,1,1200,69,3,44,dd7ddc04e1b6c2c614352b383efe2d36,"sao paulo",SP,3471,credit_card,1,1,29.9,16.6,6.5,"2017-12-11 11:03:31","2017-12-05 08:38:22","2017-12-05 11:03:31","2017-12-19 22:03:24","2018-01-11 00:20:20","2018-01-04 00:00:00",Tuesday,December,2017,December-2017,delivered,13d37da7780bd1fb1eca0512a3e75f00-1
226,38639a0e5f4778171fd90e2233972555,1,2d76ccbc1cecea0ffef654de59923d87,fd48945800d023ec3d37e7a7298f0cb5,37540,"santa rita do sapucai",MG,d2922b1fb6b42799b0ce075cb0acc26b,pet_shop,33,649,1,1200,69,3,44,dd7ddc04e1b6c2c614352b383efe2d36,"sao paulo",SP,3471,voucher,1,1,25.9,13.37,39.27,"2017-07-16 21:05:06","2017-07-10 20:47:49","2017-07-10 21:05:06","2017-07-13 22:07:39","2017-07-21 21:52:31","2017-08-01 00:00:00",Monday,July,2017,July-2017,delivered,38639a0e5f4778171fd90e2233972555-1
227,67f2f913bb16abed933504fb19d4ade4,1,d65d3879ccac114a8fab42f26dd67a51,1b896f2127dc42563f43100ebbab8d2d,36157,piau,MG,d2922b1fb6b42799b0ce075cb0acc26b,pet_shop,33,649,1,1200,69,3,44,dd7ddc04e1b6c2c614352b383efe2d36,"sao paulo",SP,3471,credit_card,1,1,25.9,17.6,43.5,"2017-07-25 20:10:13","2017-07-19 19:54:51","2017-07-19 20:10:13","2017-07-20 23:03:03","2017-07-26 18:03:23","2017-08-10 00:00:00",Wednesday,July,2017,July-2017,delivered,67f2f913bb16abed933504fb19d4ade4-1
228,7bd9450970b012adae7125eaca6c0df4,1,1fa408fe80981a6e6e69b61c3bc21698,88009c77179c9c0ce5cbf0db998d71e1,89115,gaspar,SC,d2922b1fb6b42799b0ce075cb0acc26b,pet_shop,33,649,1,1200,69,3,44,dd7ddc04e1b6c2c614352b383efe2d36,"sao paulo",SP,3471,boleto,1,1,25.9,17.6,43.5,"2017-07-25 03:45:47","2017-07-18 10:00:27","2017-07-19 03:45:47","2017-07-20 23:03:04","2017-07-28 17:32:49","2017-08-09 00:00:00",Tuesday,July,2017,July-2017,delivered,7bd9450970b012adae7125eaca6c0df4-1
229,1527028c6f0d2ca7a42e5337dc2762e5,1,da40474632f5b5c599e949b0800e7d64,6de77ffc3e5e321221ec0c1740a0503e,4008,"sao paulo",SP,672a21bf17c63f71edbe01ecb9b14814,pet_shop,34,761,1,6800,45,20,45,dd7ddc04e1b6c2c614352b383efe2d36,"sao paulo",SP,3471,credit_card,1,4,35.9,11.15,47.05,"2018-05-14 21:11:51","2018-05-08 20:34:15","2018-05-08 21:11:51","2018-05-15 14:30:00","2018-05-16 19:54:30","2018-05-21 00:00:00",Tuesday,May,2018,May-2018,delivered,1527028c6f0d2ca7a42e5337dc2762e5-1
230,1621d8e6b777a7b525ed73c73ee564b9,1,8d2feb200cbe341f3e381de33cfe02a8,d57a725ddc566b5be91aa4d00692cb26,2022,"sao paulo",SP,672a21bf17c63f71edbe01ecb9b14814,pet_shop,34,761,1,6800,45,20,45,dd7ddc04e1b6c2c614352b383efe2d36,"sao paulo",SP,3471,credit_card,1,5,35.9,17.46,53.36,"2018-06-25 18:35:15","2018-06-17 18:26:51","2018-06-17 18:35:15","2018-06-26 14:31:00","2018-06-27 19:28:45","2018-07-05 00:00:00",Sunday,June,2018,June-2018,delivered,1621d8e6b777a7b525ed73c73ee564b9-1
231,55471a53555cb61d9cd2ff895a278033,1,e0238838a5325f1c2c2646a66109ff89,6b617f3d18018923e9c65a8bf2e8227e,5022,"sao paulo",SP,672a21bf17c63f71edbe01ecb9b14814,pet_shop,34,761,1,6800,45,20,45,dd7ddc04e1b6c2c614352b383efe2d36,"sao paulo",SP,3471,boleto,1,1,35.9,18.02,53.92,"2018-07-12 07:30:41","2018-07-02 09:34:13","2018-07-05 16:09:39","2018-07-05 14:33:00","2018-07-10 22:22:44","2018-07-23 00:00:00",Monday,July,2018,July-2018,delivered,55471a53555cb61d9cd2ff895a278033-1
232,7400bc8ee7d289b54690fd540a3cdb8b,1,fadc0b6877f82d5a8426ea45e900b21a,5453eb88876c69bb76ed488f8dfbea79,60731,fortaleza,CE,672a21bf17c63f71edbe01ecb9b14814,pet_shop,34,761,1,6800,45,20,45,dd7ddc04e1b6c2c614352b383efe2d36,"sao paulo",SP,3471,credit_card,1,1,35.9,22.41,58.31,"2018-05-14 13:09:40","2018-05-08 12:55:57","2018-05-08 13:09:40","2018-05-15 13:47:00","2018-06-04 19:48:27","2018-06-01 00:00:00",Tuesday,May,2018,May-2018,delivered,7400bc8ee7d289b54690fd540a3cdb8b-1
233,94e5bc24a8c72a91a5fd82d86e186f8a,1,f76dd3ab12e755b609d13bd9c9dbdf6e,adf208f77bb92d647117adaa1a7ef566,95034,"caxias do sul",RS,672a21bf17c63f71edbe01ecb9b14814,pet_shop,34,761,1,6800,45,20,45,dd7ddc04e1b6c2c614352b383efe2d36,"sao paulo",SP,3471,boleto,1,1,32.9,17.6,50.5,"2017-12-04 03:26:23","2017-11-27 20:58:30","2017-11-28 03:31:41","2017-12-06 03:03:35","2017-12-18 18:49:05","2017-12-26 00:00:00",Monday,November,2017,November-2017,delivered,94e5bc24a8c72a91a5fd82d86e186f8a-1
234,9b959fa2a6e44d5301822150a060b9b4,1,6e4368a227d0f8e25cd7a533d1e781d5,60c74883445d9c987401de7e46bc7dd3,8253,"sao paulo",SP,672a21bf17c63f71edbe01ecb9b14814,pet_shop,34,761,1,6800,45,20,45,dd7ddc04e1b6c2c614352b383efe2d36,"sao paulo",SP,3471,credit_card,1,1,35.9,11.15,47.05,"2018-05-18 10:55:20","2018-05-14 10:39:14","2018-05-14 10:55:20","2018-05-17 14:34:00","2018-05-19 16:44:36","2018-05-25 00:00:00",Monday,May,2018,May-2018,delivered,9b959fa2a6e44d5301822150a060b9b4-1
235,aa8adac0e00cc6ceffb7b5f3548e5c9c,1,173670e79fa6edd507aee6d9d17e1be4,43e17e94e970a85b7029bf1efaebdc08,5775,"sao paulo",SP,672a21bf17c63f71edbe01ecb9b14814,pet_shop,34,761,1,6800,45,20,45,dd7ddc04e1b6c2c614352b383efe2d36,"sao paulo",SP,3471,credit_card,1,1,35.9,17.53,53.43,"2018-06-20 14:25:45","2018-06-12 13:48:36","2018-06-12 14:25:45","2018-06-21 14:41:00","2018-06-22 21:51:29","2018-06-29 00:00:00",Tuesday,June,2018,June-2018,delivered,aa8adac0e00cc6ceffb7b5f3548e5c9c-1
236,e0a50ed7a5ce30e34da29ca222748a5c,1,a1a1bb8cd2a8b95113fabfbc60877e00,e3e2da04b338a61fd9bab388565f8347,13790,"sao sebastiao da grama",SP,672a21bf17c63f71edbe01ecb9b14814,pet_shop,34,761,1,6800,45,20,45,dd7ddc04e1b6c2c614352b383efe2d36,"sao paulo",SP,3471,credit_card,1,4,32.9,14.44,47.34,"2018-03-16 11:50:33","2018-03-12 11:41:03","2018-03-12 11:50:33","2018-03-13 20:33:07","2018-04-03 17:10:50","2018-03-28 00:00:00",Monday,March,2018,March-2018,delivered,e0a50ed7a5ce30e34da29ca222748a5c-1
237,16f1d9edf9452dd60d94733527624571,1,634668d563c6682502a0913b1f660835,d1ae7129770ee77a1a7588a36a1af27d,18051,sorocaba,SP,b73a2c0ec9eb8d2badfbc9d8d27f3ad6,pet_shop,53,627,1,18050,70,40,37,dd7ddc04e1b6c2c614352b383efe2d36,"sao paulo",SP,3471,credit_card,1,3,119.6,39.44,159.04,"2018-07-31 18:31:18","2018-07-17 18:21:40","2018-07-17 18:35:14","2018-07-30 15:24:00","2018-08-01 19:52:06","2018-08-06 00:00:00",Tuesday,July,2018,July-2018,delivered,16f1d9edf9452dd60d94733527624571-1
238,1704f72e83ba22cfe2c2bacff1aba981,1,651fd31e68a2000d42d8d941c62fdaf8,42283f186da2bd3853fff19eff81f57e,30640,"belo horizonte",MG,664e36c9f1780f33973e063ae2cdcc66,pet_shop,49,410,2,7300,45,28,45,dd7ddc04e1b6c2c614352b383efe2d36,"sao paulo",SP,3471,credit_card,1,1,29.9,17.93,47.83,"2018-05-02 20:50:07","2018-04-25 19:15:01","2018-04-25 20:50:07","2018-04-30 15:24:00","2018-05-05 16:22:32","2018-05-17 00:00:00",Wednesday,April,2018,April-2018,delivered,1704f72e83ba22cfe2c2bacff1aba981-1
239,2b8e4a06dca9d5c4071575613d7a5037,1,084a0e74918bd829d509441c2504135e,e2531abe36dc548b1866ddec85e0486a,19814,assis,SP,664e36c9f1780f33973e063ae2cdcc66,pet_shop,49,410,2,7300,45,28,45,dd7ddc04e1b6c2c614352b383efe2d36,"sao paulo",SP,3471,boleto,1,1,29.9,14.44,44.34,"2018-04-30 03:31:25","2018-04-23 15:07:49","2018-04-24 19:03:45","2018-04-30 13:31:00","2018-05-04 16:38:45","2018-05-16 00:00:00",Monday,April,2018,April-2018,delivered,2b8e4a06dca9d5c4071575613d7a5037-1
240,8f95a252fcb4d9163d1f674ac0c746bb,2,a05f4c66baf8e2a458de2a45255bc3c1,81a96b47f96e1cc76061352ad42b0fc4,3087,"sao paulo",SP,664e36c9f1780f33973e063ae2cdcc66,pet_shop,49,410,2,7300,45,28,45,dd7ddc04e1b6c2c614352b383efe2d36,"sao paulo",SP,3471,credit_card,1,3,29.9,15.65,72.19,"2018-04-18 14:10:26","2018-04-12 13:45:57","2018-04-12 14:10:56","2018-04-18 20:18:25","2018-04-19 20:47:38","2018-04-30 00:00:00",Thursday,April,2018,April-2018,delivered,8f95a252fcb4d9163d1f674ac0c746bb-2
241,8f95a252fcb4d9163d1f674ac0c746bb,1,a05f4c66baf8e2a458de2a45255bc3c1,81a96b47f96e1cc76061352ad42b0fc4,3087,"sao paulo",SP,7c77aa8ae608782aac8e7728acff92fb,pet_shop,64,633,1,1100,45,15,30,dd7ddc04e1b6c2c614352b383efe2d36,"sao paulo",SP,3471,credit_card,1,3,19.99,6.65,72.19,"2018-04-18 14:10:26","2018-04-12 13:45:57","2018-04-12 14:10:56","2018-04-18 20:18:25","2018-04-19 20:47:38","2018-04-30 00:00:00",Thursday,April,2018,April-2018,delivered,8f95a252fcb4d9163d1f674ac0c746bb-1
242,bde305d08669a1b46554c10f03a85675,1,76900889a2b92af7c4d0896071f9c620,f61917dc2a134d82da0e28ada9e3b156,22770,"rio de janeiro",RJ,664e36c9f1780f33973e063ae2cdcc66,pet_shop,49,410,2,7300,45,28,45,dd7ddc04e1b6c2c614352b383efe2d36,"sao paulo",SP,3471,credit_card,1,4,29.9,17.93,47.83,"2018-05-14 01:11:58","2018-05-08 00:45:50","2018-05-08 01:11:58","2018-05-15 13:44:00","2018-05-26 20:06:35","2018-06-12 00:00:00",Tuesday,May,2018,May-2018,delivered,bde305d08669a1b46554c10f03a85675-1
243,da2e621d3cabde14d60f75af174c6c2d,1,b7dc9308cd65279de60ccc7f47ec1e16,3d7fe6a6e4aa8a04666ba8b541209cff,25805,"tres rios",RJ,664e36c9f1780f33973e063ae2cdcc66,pet_shop,49,410,2,7300,45,28,45,dd7ddc04e1b6c2c614352b383efe2d36,"sao paulo",SP,3471,boleto,1,1,29.9,22.93,52.83,"2018-05-17 03:31:44","2018-05-10 13:01:23","2018-05-11 03:37:39","2018-05-17 14:03:00","2018-05-22 00:37:39","2018-06-04 00:00:00",Thursday,May,2018,May-2018,delivered,da2e621d3cabde14d60f75af174c6c2d-1
244,e2df04c1573f061467ee1af3cc6e26bd,1,befb47ca7f3e74109bb67b4dda9b742f,b13aa6fa39cdbcace11d493d1b64f0b8,13300,itu,SP,664e36c9f1780f33973e063ae2cdcc66,pet_shop,49,410,2,7300,45,28,45,dd7ddc04e1b6c2c614352b383efe2d36,"sao paulo",SP,3471,boleto,1,1,29.9,11.15,41.05,"2018-04-19 02:30:47","2018-04-13 16:43:05","2018-04-14 02:31:41","2018-04-18 20:18:23","2018-04-23 19:03:58","2018-05-02 00:00:00",Friday,April,2018,April-2018,delivered,e2df04c1573f061467ee1af3cc6e26bd-1
245,ee116eb6355020a3addabb2a821ec818,1,b53ead64a4a888ed84bc181403314bef,58e16b9b31cecd2680fb21ca83dc680c,60732,fortaleza,CE,664e36c9f1780f33973e063ae2cdcc66,pet_shop,49,410,2,7300,45,28,45,dd7ddc04e1b6c2c614352b383efe2d36,"sao paulo",SP,3471,credit_card,1,1,29.9,20.75,50.65,"2017-09-08 12:45:16","2017-09-02 12:33:25","2017-09-02 12:45:16","2017-09-08 23:42:22","2017-09-15 21:23:08","2017-09-22 00:00:00",Saturday,September,2017,September-2017,delivered,ee116eb6355020a3addabb2a821ec818-1
246,1d8f8ed077e12bbaeb0ee6675167d40f,1,339716994af08750e974eacac4131398,da72230b0be2fc2daad51ac83a6617dd,88450,"alfredo wagner",SC,955d13d7e0c184665441e35897a4f3c3,pet_shop,37,734,10,6100,48,28,31,dd7ddc04e1b6c2c614352b383efe2d36,"sao paulo",SP,3471,credit_card,1,2,34.9,17.6,52.5,"2017-11-29 11:55:22","2017-11-23 11:45:01","2017-11-23 11:55:52","2017-11-27 22:13:30","2017-12-07 19:41:27","2017-12-18 00:00:00",Thursday,November,2017,November-2017,delivered,1d8f8ed077e12bbaeb0ee6675167d40f-1
247,6684083994ae824286f8b72945b60758,1,db3bbf11328750d53f41595e455cb030,e733a2629b5e8c98bc57ee6e1770ba2b,55950,itaquitinga,PE,955d13d7e0c184665441e35897a4f3c3,pet_shop,37,734,10,6100,48,28,31,dd7ddc04e1b6c2c614352b383efe2d36,"sao paulo",SP,3471,credit_card,1,1,34.9,28.75,63.65,"2017-11-28 18:30:24","2017-11-22 18:22:40","2017-11-22 18:30:24","2017-11-27 21:24:14","2017-12-11 16:33:03","2017-12-20 00:00:00",Wednesday,November,2017,November-2017,delivered,6684083994ae824286f8b72945b60758-1
248,a2327607847cf10fd418e7a63c12ac7e,2,6d4391a3775152a85530bf511b366c66,29609bf5d89e7391ac0b0f5822f93cff,16200,birigui,SP,955d13d7e0c184665441e35897a4f3c3,pet_shop,37,734,10,6100,48,28,31,dd7ddc04e1b6c2c614352b383efe2d36,"sao paulo",SP,3471,credit_card,1,3,34.9,11.51,164.43,"2017-10-20 15:28:00","2017-10-16 15:04:08","2017-10-16 15:28:00","2017-10-18 18:15:10","2017-10-24 17:22:49","2017-11-03 00:00:00",Monday,October,2017,October-2017,delivered,a2327607847cf10fd418e7a63c12ac7e-2
249,a2327607847cf10fd418e7a63c12ac7e,1,6d4391a3775152a85530bf511b366c66,29609bf5d89e7391ac0b0f5822f93cff,16200,birigui,SP,a4aa7c1427c31344e5f7cc3d839fe562,pet_shop,52,625,8,2200,50,20,40,66922902710d126a0e7d26b0e3805106,"belo horizonte",MG,31842,credit_card,1,3,95,23.02,164.43,"2017-10-20 15:28:00","2017-10-16 15:04:08","2017-10-16 15:28:00","2017-10-18 18:15:10","2017-10-24 17:22:49","2017-11-03 00:00:00",Monday,October,2017,October-2017,delivered,a2327607847cf10fd418e7a63c12ac7e-1
250,279e00e0fbb287131056b0612f84ab6d,1,738f0be439f77175ee60f64e9e9bb0ad,917ea6ff2f71da154c6fb2ac2528af99,57074,maceio,AL,68935616eb789144ba60861fa5a60e3e,pet_shop,56,239,1,17700,50,30,40,dd7ddc04e1b6c2c614352b383efe2d36,"sao paulo",SP,3471,credit_card,1,6,249.9,50.46,300.36,"2017-08-03 09:55:20","2017-07-26 09:44:18","2017-07-26 09:55:20","2017-07-28 20:42:05","2017-09-06 20:04:10","2017-08-29 00:00:00",Wednesday,July,2017,July-2017,delivered,279e00e0fbb287131056b0612f84ab6d-1
251,2f09d13518fa692574874a78444c616d,1,514ddcd76b9dacf06eada289ded5255f,2028c90d6c4523ae70a285c44010258a,9770,"sao bernardo do campo",SP,e785fc8bd8514e440e2d11f014c68c67,pet_shop,58,334,5,1800,30,30,30,dd7ddc04e1b6c2c614352b383efe2d36,"sao paulo",SP,3471,boleto,1,1,189.9,11.95,201.85,"2018-03-21 03:16:18","2018-03-13 22:16:31","2018-03-15 03:16:18","2018-03-23 20:42:26","2018-03-28 18:54:35","2018-03-23 00:00:00",Tuesday,March,2018,March-2018,delivered,2f09d13518fa692574874a78444c616d-1
252,3afcb1b9c83fabca41c1668a879550a4,1,e5c92aca4cb7445d37790d511cf5bee1,4b0bfb44db36279ff7b4cd6e01283e28,8420,"sao paulo",SP,63dee6756e0e8bbf04e52803409d4673,pet_shop,49,352,2,4900,50,20,50,dd7ddc04e1b6c2c614352b383efe2d36,"sao paulo",SP,3471,debit_card,1,1,120,15.6,135.6,"2017-11-30 13:34:34","2017-11-22 13:21:14","2017-11-22 13:35:04","2017-11-27 22:27:09","2017-12-01 16:57:05","2017-12-06 00:00:00",Wednesday,November,2017,November-2017,delivered,3afcb1b9c83fabca41c1668a879550a4-1
253,b0e1d9af1bfc3a4d96489c81cf10fe69,1,e6baa8613ec0f40b1c03a74b605dce5e,060fc051abdd1173a56b173d01e98294,1214,"sao paulo",SP,63dee6756e0e8bbf04e52803409d4673,pet_shop,49,352,2,4900,50,20,50,dd7ddc04e1b6c2c614352b383efe2d36,"sao paulo",SP,3471,credit_card,1,1,120,15.6,135.6,"2017-10-17 21:24:52","2017-10-08 20:07:54","2017-10-08 20:24:52","2017-10-11 21:13:00","2017-10-16 15:32:22","2017-10-27 00:00:00",Sunday,October,2017,October-2017,delivered,b0e1d9af1bfc3a4d96489c81cf10fe69-1
254,3bb8ecf664bfd847878cd39b191d5b79,1,803c5200acf6cbfe01c1ab5ef98e2351,56d712095533382d8543d34592f00118,90810,"porto alegre",RS,80a28a92c0530e6838d3f35cae419d34,pet_shop,52,503,1,21750,74,39,40,dd7ddc04e1b6c2c614352b383efe2d36,"sao paulo",SP,3471,credit_card,1,6,239.9,80.49,320.39,"2018-04-03 08:47:38","2018-03-26 08:35:15","2018-03-26 08:47:38","2018-03-29 21:51:54","2018-05-05 15:58:37","2018-04-23 00:00:00",Monday,March,2018,March-2018,delivered,3bb8ecf664bfd847878cd39b191d5b79-1
255,99aa8e638a0b9c72a30f52a0018c1e41,1,cca76cf5843954f90141bb998c1d58fc,02f9070c2ed9e6fc09b8a6723318ce9b,3164,"sao paulo",SP,80a28a92c0530e6838d3f35cae419d34,pet_shop,52,503,1,21750,74,39,40,dd7ddc04e1b6c2c614352b383efe2d36,"sao paulo",SP,3471,credit_card,1,10,219.9,39.56,259.46,"2017-07-17 18:23:17","2017-07-08 18:09:27","2017-07-08 18:23:17","2017-07-13 21:48:36","2017-07-18 21:42:45","2017-07-25 00:00:00",Saturday,July,2017,July-2017,delivered,99aa8e638a0b9c72a30f52a0018c1e41-1
256,e9525d74abc05d22ffa3059164adb967,1,182e3184fe89cc29b7a1ee386c41983f,2c0b85e73dbf0c3d6ce2e56d8d35fa18,2837,"sao paulo",SP,80a28a92c0530e6838d3f35cae419d34,pet_shop,52,503,1,21750,74,39,40,dd7ddc04e1b6c2c614352b383efe2d36,"sao paulo",SP,3471,credit_card,1,1,199.9,62.27,262.17,"2018-07-18 23:51:27","2018-07-05 23:33:59","2018-07-05 23:51:27","2018-07-13 14:52:00","2018-07-27 17:38:45","2018-07-27 00:00:00",Thursday,July,2018,July-2018,delivered,e9525d74abc05d22ffa3059164adb967-1
257,f54fc4773a70856861f06fd47df664aa,1,630a8c52c651e607568d25a1da038105,f52352802781534d27e044dc93ca9710,96790,"barra do ribeiro",RS,80a28a92c0530e6838d3f35cae419d34,pet_shop,52,503,1,21750,74,39,40,dd7ddc04e1b6c2c614352b383efe2d36,"sao paulo",SP,3471,credit_card,2,4,219.9,82.63,151.26,"2017-06-20 20:05:31","2017-06-12 19:50:16","2017-06-12 20:05:31","2017-06-14 19:16:59","2017-06-19 21:45:54","2017-07-11 00:00:00",Monday,June,2017,June-2017,delivered,f54fc4773a70856861f06fd47df664aa-1
258,f54fc4773a70856861f06fd47df664aa,1,630a8c52c651e607568d25a1da038105,f52352802781534d27e044dc93ca9710,96790,"barra do ribeiro",RS,80a28a92c0530e6838d3f35cae419d34,pet_shop,52,503,1,21750,74,39,40,dd7ddc04e1b6c2c614352b383efe2d36,"sao paulo",SP,3471,credit_card,1,4,219.9,82.63,151.27,"2017-06-20 20:05:31","2017-06-12 19:50:16","2017-06-12 20:05:31","2017-06-14 19:16:59","2017-06-19 21:45:54","2017-07-11 00:00:00",Monday,June,2017,June-2017,delivered,f54fc4773a70856861f06fd47df664aa-1
259,556c0a42a8e9e57a6e411701908f0fd3,1,caf48213c41ea6497001587eb1456a4d,44a54d4f93db984a4977dddf28224d82,2881,"sao paulo",SP,636d2453c7fc23e23b0e356f1dc20793,pet_shop,63,935,8,18800,60,40,42,dd7ddc04e1b6c2c614352b383efe2d36,"sao paulo",SP,3471,credit_card,1,1,59.9,39.02,98.92,"2018-07-19 03:50:07","2018-07-09 03:40:22","2018-07-09 03:50:07","2018-07-18 15:04:00","2018-07-23 13:08:31","2018-07-27 00:00:00",Monday,July,2018,July-2018,delivered,556c0a42a8e9e57a6e411701908f0fd3-1
260,5f5ef03caf7e16f975b0fbd9ac1d3db0,1,d994da78ae72999d6c55340049fe86b6,af22df18bbe12e5b4eb9236a7c88945b,86047,londrina,PR,c0747e098550ba48a597e31baf37f519,pet_shop,48,1533,1,500,16,5,11,dd7ddc04e1b6c2c614352b383efe2d36,"sao paulo",SP,3471,credit_card,1,1,34.9,15.1,50,"2017-12-13 11:02:59","2017-12-05 09:03:48","2017-12-05 11:02:59","2017-12-19 22:20:05","2017-12-29 16:18:52","2018-01-04 00:00:00",Tuesday,December,2017,December-2017,delivered,5f5ef03caf7e16f975b0fbd9ac1d3db0-1
261,61d9fd654edc5f0ab50b65c6bceed004,1,0799c43cb2d6ed014fee088f3f4312fb,b2a226cc804f98d7300269e690a07c91,20911,"rio de janeiro",RJ,2255cd8a319ac848b0e25c6702f2a139,pet_shop,57,334,5,6150,30,30,30,dd7ddc04e1b6c2c614352b383efe2d36,"sao paulo",SP,3471,credit_card,1,3,169.9,18.77,188.67,"2018-05-02 09:31:50","2018-04-25 09:09:57","2018-04-25 09:33:16","2018-05-18 14:44:00","2018-06-14 13:22:50","2018-06-01 00:00:00",Wednesday,April,2018,April-2018,delivered,61d9fd654edc5f0ab50b65c6bceed004-1
262,9a48bdb3b3f610a7bc9f2d2a1c722e19,1,ba8832dcb9bd10625d712651ec217efb,8621acc0a5139a8eddae89ef04239ace,1232,"sao paulo",SP,2255cd8a319ac848b0e25c6702f2a139,pet_shop,57,334,5,6150,30,30,30,dd7ddc04e1b6c2c614352b383efe2d36,"sao paulo",SP,3471,credit_card,1,3,159.9,12.32,172.22,"2017-10-24 10:35:35","2017-10-18 10:12:55","2017-10-18 10:36:01","2017-10-25 18:43:45","2017-10-26 20:09:35","2017-10-30 00:00:00",Wednesday,October,2017,October-2017,delivered,9a48bdb3b3f610a7bc9f2d2a1c722e19-1
263,9a54562498faf18f39a0e387976e11a5,1,7fe2d7e1ec48a4a9bf1a46f784fbaae7,73f01f6a8911a8a99e960ef151466ae0,30441,"belo horizonte",MG,2255cd8a319ac848b0e25c6702f2a139,pet_shop,57,334,5,6150,30,30,30,dd7ddc04e1b6c2c614352b383efe2d36,"sao paulo",SP,3471,boleto,1,1,159.9,17.37,177.27,"2017-10-18 03:51:05","2017-10-10 15:18:45","2017-10-12 02:51:05","2017-10-17 22:49:41","2017-10-24 22:25:45","2017-10-30 00:00:00",Tuesday,October,2017,October-2017,delivered,9a54562498faf18f39a0e387976e11a5-1
264,69b12121d8945a3eb37c23bfd3a9d0c9,1,16cfe4eeb79c435605a28eea32eb94d8,a1ccdf290727f6aa5920fbe466f49240,5417,"sao paulo",SP,798e4e153e7141eb95d330765208c63b,pet_shop,55,587,2,650,21,12,52,dd7ddc04e1b6c2c614352b383efe2d36,"sao paulo",SP,3471,credit_card,1,2,129.9,9.72,139.62,"2017-10-19 12:28:21","2017-10-13 11:16:27","2017-10-13 11:28:21","2017-10-19 22:51:16","2017-10-23 18:32:37","2017-10-25 00:00:00",Friday,October,2017,October-2017,delivered,69b12121d8945a3eb37c23bfd3a9d0c9-1
265,6d481d5204319959780a50031fedfb48,1,9c703a0e38ff9046314a1bff0c9cdd99,b028293bc341508d395f3bc3b19ca914,11040,santos,SP,798e4e153e7141eb95d330765208c63b,pet_shop,55,587,2,650,21,12,52,dd7ddc04e1b6c2c614352b383efe2d36,"sao paulo",SP,3471,credit_card,1,3,129.9,9.72,279.24,"2018-03-07 22:30:28","2018-03-02 22:13:53","2018-03-02 22:30:46","2018-03-09 00:46:31","2018-03-09 16:50:39","2018-03-14 00:00:00",Friday,March,2018,March-2018,delivered,6d481d5204319959780a50031fedfb48-1
266,6d481d5204319959780a50031fedfb48,2,9c703a0e38ff9046314a1bff0c9cdd99,b028293bc341508d395f3bc3b19ca914,11040,santos,SP,798e4e153e7141eb95d330765208c63b,pet_shop,55,587,2,650,21,12,52,dd7ddc04e1b6c2c614352b383efe2d36,"sao paulo",SP,3471,credit_card,1,3,129.9,9.72,279.24,"2018-03-07 22:30:28","2018-03-02 22:13:53","2018-03-02 22:30:46","2018-03-09 00:46:31","2018-03-09 16:50:39","2018-03-14 00:00:00",Friday,March,2018,March-2018,delivered,6d481d5204319959780a50031fedfb48-2
267,958f10b7333a830595555f79d912d9ed,1,cd10bcfe736b79b143b73d75a63458ad,85a9ba474349b0e1a44b58080865da95,13306,itu,SP,798e4e153e7141eb95d330765208c63b,pet_shop,55,587,2,650,21,12,52,dd7ddc04e1b6c2c614352b383efe2d36,"sao paulo",SP,3471,credit_card,1,1,129.9,9.72,139.62,"2018-02-15 19:10:22","2018-02-11 18:58:47","2018-02-11 19:10:22","2018-02-20 01:07:36","2018-02-22 02:58:55","2018-02-26 00:00:00",Sunday,February,2018,February-2018,delivered,958f10b7333a830595555f79d912d9ed-1
268,6f30b59ca40f5851d931d146ef6868d0,1,25cd69ec3b9ed53e0dffdc108ae9094f,2417c1fc9005c0f6e6215367db070e8f,69050,manaus,AM,6ad7c7ba5dd9225f5551c6157e54e8b6,pet_shop,59,1217,2,1200,55,2,40,dd7ddc04e1b6c2c614352b383efe2d36,"sao paulo",SP,3471,credit_card,1,1,69.9,24.84,94.74,"2018-07-11 19:09:47","2018-07-01 18:43:37","2018-07-01 19:09:47","2018-07-10 13:33:00","2018-08-07 19:18:43","2018-08-22 00:00:00",Sunday,July,2018,July-2018,delivered,6f30b59ca40f5851d931d146ef6868d0-1
269,77c820f0779ad518a4a2c6ddba08477c,1,826edf98e54310d36fac3342e624dab7,cadfd65da64dd51f3f445921f3540012,66073,belem,PA,5028e33329174553ee04adc728f3e918,pet_shop,52,503,1,19800,74,40,40,dd7ddc04e1b6c2c614352b383efe2d36,"sao paulo",SP,3471,credit_card,1,10,249.9,87.37,337.27,"2017-10-25 23:49:42","2017-10-17 23:40:33","2017-10-17 23:49:42","2017-10-19 23:13:32","2017-11-13 19:42:08","2017-11-21 00:00:00",Tuesday,October,2017,October-2017,delivered,77c820f0779ad518a4a2c6ddba08477c-1
270,79b49127db2c9bc718a161183671505c,1,46210ff74e2784d4d386742c4a72513a,735b149aec91b1024480fdc9e2c7a5ac,3732,"sao paulo",SP,356260965b761056864ff939baeb4b22,pet_shop,48,761,4,9150,49,32,35,dd7ddc04e1b6c2c614352b383efe2d36,"sao paulo",SP,3471,voucher,3,1,45.9,11.15,20,"2018-06-04 19:12:43","2018-05-25 18:57:19","2018-05-25 19:12:43","2018-06-05 14:33:00","2018-06-06 22:12:16","2018-06-19 00:00:00",Friday,May,2018,May-2018,delivered,79b49127db2c9bc718a161183671505c-1
271,79b49127db2c9bc718a161183671505c,1,46210ff74e2784d4d386742c4a72513a,735b149aec91b1024480fdc9e2c7a5ac,3732,"sao paulo",SP,356260965b761056864ff939baeb4b22,pet_shop,48,761,4,9150,49,32,35,dd7ddc04e1b6c2c614352b383efe2d36,"sao paulo",SP,3471,voucher,2,1,45.9,11.15,20,"2018-06-04 19:12:43","2018-05-25 18:57:19","2018-05-25 19:12:43","2018-06-05 14:33:00","2018-06-06 22:12:16","2018-06-19 00:00:00",Friday,May,2018,May-2018,delivered,79b49127db2c9bc718a161183671505c-1
272,79b49127db2c9bc718a161183671505c,1,46210ff74e2784d4d386742c4a72513a,735b149aec91b1024480fdc9e2c7a5ac,3732,"sao paulo",SP,356260965b761056864ff939baeb4b22,pet_shop,48,761,4,9150,49,32,35,dd7ddc04e1b6c2c614352b383efe2d36,"sao paulo",SP,3471,credit_card,1,1,45.9,11.15,17.05,"2018-06-04 19:12:43","2018-05-25 18:57:19","2018-05-25 19:12:43","2018-06-05 14:33:00","2018-06-06 22:12:16","2018-06-19 00:00:00",Friday,May,2018,May-2018,delivered,79b49127db2c9bc718a161183671505c-1
273,f1c86903d3391692abff1d2cbdb642ad,1,57259f6fc3d369e2a9d3c135fc65935e,b01ee85b99adba20a7e9255812b1dc0e,3711,"sao paulo",SP,356260965b761056864ff939baeb4b22,pet_shop,48,761,4,9150,49,32,35,dd7ddc04e1b6c2c614352b383efe2d36,"sao paulo",SP,3471,credit_card,1,1,39.99,11.15,51.14,"2018-05-11 18:50:13","2018-05-07 18:33:23","2018-05-07 18:50:13","2018-05-09 14:48:00","2018-05-11 16:21:43","2018-05-21 00:00:00",Monday,May,2018,May-2018,delivered,f1c86903d3391692abff1d2cbdb642ad-1
274,fe6c4a42298295647106b42549a98eea,1,a75a51f163c2708a4896619f8fb0119f,7c13524be0f87fc516b99ab0c7021764,4004,"sao paulo",SP,356260965b761056864ff939baeb4b22,pet_shop,48,761,4,9150,49,32,35,dd7ddc04e1b6c2c614352b383efe2d36,"sao paulo",SP,3471,debit_card,1,1,38.99,13.23,74.98,"2017-06-15 06:35:08","2017-06-09 23:01:58","2017-06-10 06:35:08","2017-06-16 13:07:49","2017-06-19 07:49:44","2017-07-04 00:00:00",Friday,June,2017,June-2017,delivered,fe6c4a42298295647106b42549a98eea-1
275,fe6c4a42298295647106b42549a98eea,2,a75a51f163c2708a4896619f8fb0119f,7c13524be0f87fc516b99ab0c7021764,4004,"sao paulo",SP,b917d488bd4ad4225f8d046a32e2d122,pet_shop,63,687,2,200,20,10,20,fa1a9dec3a9940c072684a46728bf1fc,icara,SC,88820,debit_card,1,1,20.9,1.86,74.98,"2017-06-15 06:35:08","2017-06-09 23:01:58","2017-06-10 06:35:08","2017-06-16 13:07:49","2017-06-19 07:49:44","2017-07-04 00:00:00",Friday,June,2017,June-2017,delivered,fe6c4a42298295647106b42549a98eea-2
276,7e6b93aa02b605ccc1e04939e172a759,1,bcf99814b3c0c71ad0fa75a2e7b72658,d962d549913ca04df1b22446da0025dd,32141,contagem,MG,7c700504b3029faf7052e5f8e2c83b04,pet_shop,42,531,4,300,30,3,30,dd7ddc04e1b6c2c614352b383efe2d36,"sao paulo",SP,3471,boleto,1,1,16.9,17.93,69.66,"2018-04-03 02:50:13","2018-03-27 08:11:21","2018-03-28 02:50:13","2018-04-03 22:50:49","2018-04-13 01:03:39","2018-04-13 00:00:00",Tuesday,March,2018,March-2018,delivered,7e6b93aa02b605ccc1e04939e172a759-1
277,7e6b93aa02b605ccc1e04939e172a759,2,bcf99814b3c0c71ad0fa75a2e7b72658,d962d549913ca04df1b22446da0025dd,32141,contagem,MG,7c700504b3029faf7052e5f8e2c83b04,pet_shop,42,531,4,300,30,3,30,dd7ddc04e1b6c2c614352b383efe2d36,"sao paulo",SP,3471,boleto,1,1,16.9,17.93,69.66,"2018-04-03 02:50:13","2018-03-27 08:11:21","2018-03-28 02:50:13","2018-04-03 22:50:49","2018-04-13 01:03:39","2018-04-13 00:00:00",Tuesday,March,2018,March-2018,delivered,7e6b93aa02b605ccc1e04939e172a759-2
278,88d83c164444378e37e1805e00984342,1,1acf5b3f74154a077902cc31167839db,bf482716881b0c14af9efda1fc58a649,20940,"rio de janeiro",RJ,7c700504b3029faf7052e5f8e2c83b04,pet_shop,42,531,4,300,30,3,30,dd7ddc04e1b6c2c614352b383efe2d36,"sao paulo",SP,3471,credit_card,1,5,16.9,14.1,62,"2017-06-06 11:05:09","2017-05-31 10:53:03","2017-05-31 11:05:09","2017-06-02 18:35:54","2017-06-08 15:21:48","2017-06-23 00:00:00",Wednesday,May,2017,May-2017,delivered,88d83c164444378e37e1805e00984342-1
279,88d83c164444378e37e1805e00984342,2,1acf5b3f74154a077902cc31167839db,bf482716881b0c14af9efda1fc58a649,20940,"rio de janeiro",RJ,7c700504b3029faf7052e5f8e2c83b04,pet_shop,42,531,4,300,30,3,30,dd7ddc04e1b6c2c614352b383efe2d36,"sao paulo",SP,3471,credit_card,1,5,16.9,14.1,62,"2017-06-06 11:05:09","2017-05-31 10:53:03","2017-05-31 11:05:09","2017-06-02 18:35:54","2017-06-08 15:21:48","2017-06-23 00:00:00",Wednesday,May,2017,May-2017,delivered,88d83c164444378e37e1805e00984342-2
280,dcec6d766a2bc76144372192c66bbe87,1,531262526865df96d0364f70e06eacd0,a6dc60809996163bd50c7ee4316b5707,11390,"sao vicente",SP,7c700504b3029faf7052e5f8e2c83b04,pet_shop,42,531,4,300,30,3,30,dd7ddc04e1b6c2c614352b383efe2d36,"sao paulo",SP,3471,credit_card,1,1,16.9,11.73,28.63,"2017-07-26 10:45:20","2017-07-20 10:36:22","2017-07-20 10:45:20","2017-07-20 23:03:03","2017-07-24 19:34:32","2017-08-02 00:00:00",Thursday,July,2017,July-2017,delivered,dcec6d766a2bc76144372192c66bbe87-1
281,a3a97bc6e236d5351537c8f466c34dad,1,c80bf3b981ce1e2f80110fe042e3e372,3a2d6a780f9229755e1da6f1e320fa08,13222,"varzea paulista",SP,7c77aa8ae608782aac8e7728acff92fb,pet_shop,64,633,1,1100,45,15,30,dd7ddc04e1b6c2c614352b383efe2d36,"sao paulo",SP,3471,voucher,3,1,19.99,14.44,6.67,"2018-05-15 15:31:32","2018-05-09 15:08:44","2018-05-09 15:36:45","2018-05-15 13:47:00","2018-05-23 17:52:41","2018-05-28 00:00:00",Wednesday,May,2018,May-2018,delivered,a3a97bc6e236d5351537c8f466c34dad-1
282,a3a97bc6e236d5351537c8f466c34dad,1,c80bf3b981ce1e2f80110fe042e3e372,3a2d6a780f9229755e1da6f1e320fa08,13222,"varzea paulista",SP,7c77aa8ae608782aac8e7728acff92fb,pet_shop,64,633,1,1100,45,15,30,dd7ddc04e1b6c2c614352b383efe2d36,"sao paulo",SP,3471,voucher,5,1,19.99,14.44,6.09,"2018-05-15 15:31:32","2018-05-09 15:08:44","2018-05-09 15:36:45","2018-05-15 13:47:00","2018-05-23 17:52:41","2018-05-28 00:00:00",Wednesday,May,2018,May-2018,delivered,a3a97bc6e236d5351537c8f466c34dad-1
283,a3a97bc6e236d5351537c8f466c34dad,1,c80bf3b981ce1e2f80110fe042e3e372,3a2d6a780f9229755e1da6f1e320fa08,13222,"varzea paulista",SP,7c77aa8ae608782aac8e7728acff92fb,pet_shop,64,633,1,1100,45,15,30,dd7ddc04e1b6c2c614352b383efe2d36,"sao paulo",SP,3471,voucher,2,1,19.99,14.44,6.67,"2018-05-15 15:31:32","2018-05-09 15:08:44","2018-05-09 15:36:45","2018-05-15 13:47:00","2018-05-23 17:52:41","2018-05-28 00:00:00",Wednesday,May,2018,May-2018,delivered,a3a97bc6e236d5351537c8f466c34dad-1
284,a3a97bc6e236d5351537c8f466c34dad,1,c80bf3b981ce1e2f80110fe042e3e372,3a2d6a780f9229755e1da6f1e320fa08,13222,"varzea paulista",SP,7c77aa8ae608782aac8e7728acff92fb,pet_shop,64,633,1,1100,45,15,30,dd7ddc04e1b6c2c614352b383efe2d36,"sao paulo",SP,3471,voucher,1,1,19.99,14.44,8.33,"2018-05-15 15:31:32","2018-05-09 15:08:44","2018-05-09 15:36:45","2018-05-15 13:47:00","2018-05-23 17:52:41","2018-05-28 00:00:00",Wednesday,May,2018,May-2018,delivered,a3a97bc6e236d5351537c8f466c34dad-1
285,a3a97bc6e236d5351537c8f466c34dad,1,c80bf3b981ce1e2f80110fe042e3e372,3a2d6a780f9229755e1da6f1e320fa08,13222,"varzea paulista",SP,7c77aa8ae608782aac8e7728acff92fb,pet_shop,64,633,1,1100,45,15,30,dd7ddc04e1b6c2c614352b383efe2d36,"sao paulo",SP,3471,voucher,4,1,19.99,14.44,6.67,"2018-05-15 15:31:32","2018-05-09 15:08:44","2018-05-09 15:36:45","2018-05-15 13:47:00","2018-05-23 17:52:41","2018-05-28 00:00:00",Wednesday,May,2018,May-2018,delivered,a3a97bc6e236d5351537c8f466c34dad-1
286,c26b658f524a034377074e4bbf6cc236,1,ef4957ad9da3840bb7bbf2e0ebe181ff,35db55585fcbe791032c24fbb9d09c18,75280,orizona,GO,7c77aa8ae608782aac8e7728acff92fb,pet_shop,64,633,1,1100,45,15,30,dd7ddc04e1b6c2c614352b383efe2d36,"sao paulo",SP,3471,credit_card,1,3,17.99,16.11,34.1,"2017-06-14 13:11:04","2017-06-08 12:39:39","2017-06-08 13:11:04","2017-06-12 17:51:27","2017-06-19 15:04:20","2017-07-07 00:00:00",Thursday,June,2017,June-2017,delivered,c26b658f524a034377074e4bbf6cc236-1
287,f6b0d97a919d6bfe7394a370b8f5f678,1,10068578ee713a44662a603d6f9e3e65,bf1059e1fc8837e508d1af3fd636729e,3126,"sao paulo",SP,7c77aa8ae608782aac8e7728acff92fb,pet_shop,64,633,1,1100,45,15,30,dd7ddc04e1b6c2c614352b383efe2d36,"sao paulo",SP,3471,credit_card,1,3,19.99,11.16,31.15,"2018-07-31 23:45:13","2018-07-19 23:29:05","2018-07-19 23:45:13","2018-07-30 15:14:00","2018-08-01 20:03:47","2018-08-06 00:00:00",Thursday,July,2018,July-2018,delivered,f6b0d97a919d6bfe7394a370b8f5f678-1
288,a2d83fe753c66711172a6b99df1bafcd,1,324709f9fb3d691f2c162f56bfdb6ff9,d2df5e77202e975353a79eb969740dde,70680,brasilia,DF,8b92139f9270553dc3fefeac3ef69034,pet_shop,38,736,12,4200,49,29,34,dd7ddc04e1b6c2c614352b383efe2d36,"sao paulo",SP,3471,credit_card,1,3,46.9,23.58,70.48,"2017-05-09 20:30:14","2017-05-03 20:15:16","2017-05-03 20:30:14","2017-05-12 07:08:01","2017-05-16 10:20:02","2017-05-30 00:00:00",Wednesday,May,2017,May-2017,delivered,a2d83fe753c66711172a6b99df1bafcd-1
289,a2fb909612baaffa7ffa754be0db303f,1,88b6e100c4f155de3398ec137fe01053,e6b285d2bb6a815e13e2b8daa764f3f5,21230,"rio de janeiro",RJ,e0bdfa15e49283425504297eb6f95928,pet_shop,32,440,1,1250,69,3,45,dd7ddc04e1b6c2c614352b383efe2d36,"sao paulo",SP,3471,credit_card,1,3,29.9,17.93,47.83,"2018-04-09 22:55:09","2018-04-03 22:43:40","2018-04-03 22:55:09","2018-04-05 17:17:35","2018-04-18 15:21:08","2018-05-10 00:00:00",Tuesday,April,2018,April-2018,delivered,a2fb909612baaffa7ffa754be0db303f-1
290,a50d174e10ae3a318551a633cffe8e9b,1,5eb90b3b173b853d40a5a388fc9f9f35,7c97ce5cbef70b0542c27ed63641a38e,7072,guarulhos,SP,83ee05fd05be4375384ffcdeffcc138f,pet_shop,57,224,3,19300,45,30,45,dd7ddc04e1b6c2c614352b383efe2d36,"sao paulo",SP,3471,boleto,1,1,89.9,21.28,111.18,"2017-05-18 02:55:34","2017-05-11 14:35:52","2017-05-12 02:55:34","2017-05-22 20:17:47","2017-05-29 13:05:52","2017-05-19 00:00:00",Thursday,May,2017,May-2017,delivered,a50d174e10ae3a318551a633cffe8e9b-1
291,b99b9205eafc5fa75cfce1be7d1d9bff,1,578c6b9a577d79103c6328de248eea5e,87db600753c78160792e4fbfde4a3025,13417,piracicaba,SP,9dfba8dfc02d7b0a915625e28ca316ba,pet_shop,48,738,4,1200,24,24,24,dd7ddc04e1b6c2c614352b383efe2d36,"sao paulo",SP,3471,credit_card,1,2,45,13.69,201.04,"2018-04-12 09:30:21","2018-04-06 09:20:57","2018-04-06 09:30:21","2018-04-07 01:18:34","2018-04-13 22:51:49","2018-05-03 00:00:00",Friday,April,2018,April-2018,delivered,b99b9205eafc5fa75cfce1be7d1d9bff-1
292,b99b9205eafc5fa75cfce1be7d1d9bff,2,578c6b9a577d79103c6328de248eea5e,87db600753c78160792e4fbfde4a3025,13417,piracicaba,SP,9644a7af60743efbb41bd30c624799c5,pet_shop,58,1048,1,2192,38,21,24,3f9be91358837bff69df67edfa3e42e8,londrina,PR,86039,credit_card,1,2,129.9,12.45,201.04,"2018-04-12 09:30:21","2018-04-06 09:20:57","2018-04-06 09:30:21","2018-04-07 01:18:34","2018-04-13 22:51:49","2018-05-03 00:00:00",Friday,April,2018,April-2018,delivered,b99b9205eafc5fa75cfce1be7d1d9bff-2
293,cb0bac4d77dd88efafddb7a974286b27,1,fe3255f9b7d1a94bbeb7b1dc737043ec,b6e57f109398c45b9d28d4c892e3eb1e,21321,"rio de janeiro",RJ,2b733cf37ff9af2258751a5a508d3e69,pet_shop,57,375,1,27400,40,30,40,dd7ddc04e1b6c2c614352b383efe2d36,"sao paulo",SP,3471,boleto,1,1,209.9,31.31,241.21,"2017-12-13 04:11:53","2017-12-03 10:54:57","2017-12-05 04:11:53","2017-12-11 23:12:41","2018-01-22 18:51:43","2017-12-29 00:00:00",Sunday,December,2017,December-2017,delivered,cb0bac4d77dd88efafddb7a974286b27-1
294,cb837ba275cf8ffa9ded7e18f7743b49,1,e8d5a2b4873087880e7b934ec1c8f1f6,9a90cd8eb50ab8bc5f3539a08aa2c3ea,1325,"sao paulo",SP,b94608e1d6f0360030e816bf676af2a1,pet_shop,48,771,4,5300,49,32,35,dd7ddc04e1b6c2c614352b383efe2d36,"sao paulo",SP,3471,boleto,1,1,38.99,11.73,101.44,"2017-05-17 04:15:18","2017-05-10 04:12:20","2017-05-11 04:15:18","2017-05-17 12:56:43","2017-05-22 20:35:54","2017-05-18 00:00:00",Wednesday,May,2017,May-2017,delivered,cb837ba275cf8ffa9ded7e18f7743b49-1
295,e789b08c3fb5797b52856358c169f9c8,1,802ee7e57030309976c860fc1187911a,65ebb9f59def91644b042a281aee857a,7714,caieiras,SP,13e290d958dc257f594b962ab8c131b0,pet_shop,56,633,1,1050,49,15,33,dd7ddc04e1b6c2c614352b383efe2d36,"sao paulo",SP,3471,boleto,1,1,19.9,11.15,31.05,"2018-04-23 04:54:34","2018-04-14 15:35:54","2018-04-17 04:54:34","2018-04-18 20:18:26","2018-04-19 20:47:41","2018-05-03 00:00:00",Saturday,April,2018,April-2018,delivered,e789b08c3fb5797b52856358c169f9c8-1
296,f12ef7eed107de3791b1db5b8cd4852b,1,a95a0af104d58114e3d3e9c52427ca7e,31ae1fbde983ad554ffdc217c824033b,12245,"sao jose dos campos",SP,53524b8441311984f975500f1e8f1702,pet_shop,30,649,2,1200,69,3,43,dd7ddc04e1b6c2c614352b383efe2d36,"sao paulo",SP,3471,credit_card,1,1,29.9,11.73,41.63,"2017-10-02 21:28:20","2017-09-26 21:12:04","2017-09-26 21:28:20","2017-09-30 15:15:56","2017-10-03 19:22:17","2017-10-13 00:00:00",Tuesday,September,2017,September-2017,delivered,f12ef7eed107de3791b1db5b8cd4852b-1
297,f907037403c50e681d45e8e55ba27420,1,7584654111d3b877adfda731735f602a,4f82e1e076d9e0a077dd3d62da608744,65047,"sao luis",MA,f92ece990baf778926b7349c309b55f7,pet_shop,38,734,12,7300,49,29,34,dd7ddc04e1b6c2c614352b383efe2d36,"sao paulo",SP,3471,credit_card,1,2,46.9,31.79,78.69,"2017-12-07 18:10:12","2017-12-01 17:57:21","2017-12-01 18:10:12","2017-12-06 03:43:03","2017-12-21 20:56:53","2017-12-28 00:00:00",Friday,December,2017,December-2017,delivered,f907037403c50e681d45e8e55ba27420-1
298,000229ec398224ef6ca0657da4fc703e,1,6489ae5e4333f3693df5ad4372dab6d3,3818d81c6709e39d06b2738a8d3a2474,35661,"para de minas",MG,c777355d18b72b67abbeef9df44fd0fd,moveis_decoracao,59,695,2,3050,33,13,33,5b51032eddd242adc84c38acab88f23d,"borda da mata",MG,37564,credit_card,1,5,199,17.87,216.87,"2018-01-18 14:48:30","2018-01-14 14:33:31","2018-01-14 14:48:30","2018-01-16 12:36:48","2018-01-22 13:19:16","2018-02-05 00:00:00",Sunday,January,2018,January-2018,delivered,000229ec398224ef6ca0657da4fc703e-1
299,45211f00dfa76aed1c20d6910d973222,2,903ac1be571f2dc655f9083ffc936ce6,52b1fdfdf380aedf492dd30f91da40f3,70340,brasilia,DF,c777355d18b72b67abbeef9df44fd0fd,moveis_decoracao,59,695,2,3050,33,13,33,5b51032eddd242adc84c38acab88f23d,"borda da mata",MG,37564,credit_card,1,3,199,20.08,388.17,"2017-11-06 15:46:14","2017-10-30 15:35:32","2017-10-30 17:31:35","2017-10-31 20:36:37","2017-11-08 17:34:39","2017-11-24 00:00:00",Monday,October,2017,October-2017,delivered,45211f00dfa76aed1c20d6910d973222-2
300,45211f00dfa76aed1c20d6910d973222,1,903ac1be571f2dc655f9083ffc936ce6,52b1fdfdf380aedf492dd30f91da40f3,70340,brasilia,DF,928c2c0fdf465581daac95380af04b3e,moveis_decoracao,59,729,2,2300,33,12,33,5b51032eddd242adc84c38acab88f23d,"borda da mata",MG,37564,credit_card,1,3,149,20.09,388.17,"2017-11-06 15:46:14","2017-10-30 15:35:32","2017-10-30 17:31:35","2017-10-31 20:36:37","2017-11-08 17:34:39","2017-11-24 00:00:00",Monday,October,2017,October-2017,delivered,45211f00dfa76aed1c20d6910d973222-1
301,7a5d50c22fa322a528d125a704c8270c,1,cee7f6079c308086d66b155a3ef25e72,794b3c70649dee40ae61e72ea4c16d11,37445,cruzilia,MG,c777355d18b72b67abbeef9df44fd0fd,moveis_decoracao,59,695,2,3050,33,13,33,5b51032eddd242adc84c38acab88f23d,"borda da mata",MG,37564,credit_card,1,4,199,17.87,216.87,"2018-01-11 13:54:27","2018-01-06 14:03:53","2018-01-07 13:54:27","2018-01-09 22:38:42","2018-01-11 14:05:36","2018-02-01 00:00:00",Saturday,January,2018,January-2018,delivered,7a5d50c22fa322a528d125a704c8270c-1
302,2e94b3f76e8e8c9aaca60e91b303c5f8,1,d4eb21f0bb4682f3b17464f064c45f28,6eb8a2a89a8603f8c7935a870d707b60,31742,"belo horizonte",MG,a81fc5e66120ebdb295873f74a45c5b7,cama_mesa_banho,49,528,2,2350,33,8,33,5b51032eddd242adc84c38acab88f23d,"borda da mata",MG,37564,credit_card,1,6,124,15.17,139.17,"2018-06-20 21:55:56","2018-06-16 21:40:32","2018-06-16 21:55:56","2018-06-20 14:34:00","2018-06-23 16:42:27","2018-07-12 00:00:00",Saturday,June,2018,June-2018,delivered,2e94b3f76e8e8c9aaca60e91b303c5f8-1
303,774906e7da9df9ff1e2a2aa1dda5034b,1,a40e5cc003cc20e1a2c61234844cde00,08f1d113c77370a06fccb3fbb87cd89a,36305,"sao joao del rei",MG,928c2c0fdf465581daac95380af04b3e,moveis_decoracao,59,729,2,2300,33,12,33,5b51032eddd242adc84c38acab88f23d,"borda da mata",MG,37564,credit_card,1,10,168,16.03,184.03,"2018-04-11 17:09:44","2018-04-05 16:56:18","2018-04-05 17:09:44","2018-04-07 00:32:50","2018-04-16 14:13:38","2018-04-24 00:00:00",Thursday,April,2018,April-2018,delivered,774906e7da9df9ff1e2a2aa1dda5034b-1
304,b039e8a14e63e05271b0277dff087d82,1,7522d0cad9b645e773d640d12cb4a38c,91fab8a424b89d4456bee1ed63d8109c,11740,itanhaem,SP,928c2c0fdf465581daac95380af04b3e,moveis_decoracao,59,729,2,2300,33,12,33,5b51032eddd242adc84c38acab88f23d,"borda da mata",MG,37564,credit_card,1,2,149,18.29,167.29,"2017-12-13 20:51:22","2017-12-07 20:37:39","2017-12-07 20:51:22","2017-12-13 13:37:07","2017-12-27 11:18:59","2018-01-09 00:00:00",Thursday,December,2017,December-2017,delivered,b039e8a14e63e05271b0277dff087d82-1
305,4cde326019a222305874fd6339a13fa9,1,0ae049347725b398cd98a9efdb2bcc29,015906d05142c9dc02e816c29c044bba,32421,ibirite,MG,5def2e9864a9227d41b6b9f5a6cc199e,moveis_decoracao,59,727,2,3550,34,18,34,5b51032eddd242adc84c38acab88f23d,"borda da mata",MG,37564,credit_card,1,5,289,19.64,308.64,"2018-01-17 19:46:25","2018-01-09 00:53:15","2018-01-11 19:46:25","2018-01-15 12:18:55","2018-01-23 20:03:16","2018-02-01 00:00:00",Tuesday,January,2018,January-2018,delivered,4cde326019a222305874fd6339a13fa9-1
306,9835adc5025c5e457d80894eb4f3ed4a,1,4bb18efca428af4eea2d3c7bc8c6596e,527c6fbbe85cdf78ff1645e0a71e266f,3563,"sao paulo",SP,85ff0318897b49c9bba94fb1a099fb11,moveis_decoracao,60,748,2,4950,33,16,33,5b51032eddd242adc84c38acab88f23d,"borda da mata",MG,37564,credit_card,1,6,319,21.09,340.09,"2018-01-10 12:12:29","2018-01-04 12:02:33","2018-01-04 12:12:29","2018-01-09 17:04:48","2018-01-23 21:29:04","2018-02-01 00:00:00",Thursday,January,2018,January-2018,delivered,9835adc5025c5e457d80894eb4f3ed4a-1
307,a017bed18c5f129119f36a92642a1cc0,1,05ebc27279c0c9082b56bbd6a1441a4b,25084c562406811ccea6b10655d1fff9,6293,osasco,SP,444d53deb5d80250e5e44dd416f20298,cama_mesa_banho,58,584,3,2400,33,12,33,5b51032eddd242adc84c38acab88f23d,"borda da mata",MG,37564,boleto,1,1,259,19.64,278.64,"2018-06-18 03:13:36","2018-06-06 10:11:20","2018-06-08 03:13:36","2018-06-08 14:40:00","2018-06-15 17:32:48","2018-07-18 00:00:00",Wednesday,June,2018,June-2018,delivered,a017bed18c5f129119f36a92642a1cc0-1
308,a53804de1ac644981653f01c6f34a876,1,90ad95dd6fc0a81e5c3d5c652daa3502,35378639ad1d764ff4d3bdd0a01b5b38,7791,cajamar,SP,d52463875db80535c279cf58f6f5c183,moveis_decoracao,60,769,2,3300,33,8,33,5b51032eddd242adc84c38acab88f23d,"borda da mata",MG,37564,credit_card,1,10,239,18.15,257.15,"2017-11-30 14:59:27","2017-11-25 14:51:18","2017-11-25 14:59:27","2017-11-30 13:48:54","2017-12-12 18:24:27","2017-12-20 00:00:00",Saturday,November,2017,November-2017,delivered,a53804de1ac644981653f01c6f34a876-1
309,ae8b5df90eaf220f63f5ed4865cd222c,4,3d4bc7f585bc0534e4a0c00c086721b2,b60a410d454528f9b70cd6fb479fba68,28930,"arraial do cabo",RJ,41da75141264c3bde21ecea85a4cb8b7,cama_mesa_banho,60,629,3,8800,33,12,33,5b51032eddd242adc84c38acab88f23d,"borda da mata",MG,37564,credit_card,1,10,384,18.71,1525.78,"2018-03-22 16:08:50","2018-03-17 15:48:01","2018-03-17 16:08:50","2018-03-19 19:52:50","2018-04-02 16:46:46","2018-04-16 00:00:00",Saturday,March,2018,March-2018,delivered,ae8b5df90eaf220f63f5ed4865cd222c-4
310,ae8b5df90eaf220f63f5ed4865cd222c,5,3d4bc7f585bc0534e4a0c00c086721b2,b60a410d454528f9b70cd6fb479fba68,28930,"arraial do cabo",RJ,41da75141264c3bde21ecea85a4cb8b7,cama_mesa_banho,60,629,3,8800,33,12,33,5b51032eddd242adc84c38acab88f23d,"borda da mata",MG,37564,credit_card,1,10,384,18.71,1525.78,"2018-03-22 16:08:50","2018-03-17 15:48:01","2018-03-17 16:08:50","2018-03-19 19:52:50","2018-04-02 16:46:46","2018-04-16 00:00:00",Saturday,March,2018,March-2018,delivered,ae8b5df90eaf220f63f5ed4865cd222c-5
311,ae8b5df90eaf220f63f5ed4865cd222c,1,3d4bc7f585bc0534e4a0c00c086721b2,b60a410d454528f9b70cd6fb479fba68,28930,"arraial do cabo",RJ,429e7401fafb76436f15e86498bd7364,cama_mesa_banho,60,233,1,2500,41,8,36,da8622b14eb17ae2831f4ac5b9dab84a,piracicaba,SP,13405,credit_card,1,10,199.9,48.64,1525.78,"2018-03-22 16:08:50","2018-03-17 15:48:01","2018-03-17 16:08:50","2018-03-19 19:52:50","2018-04-02 16:46:46","2018-04-16 00:00:00",Saturday,March,2018,March-2018,delivered,ae8b5df90eaf220f63f5ed4865cd222c-1
312,ae8b5df90eaf220f63f5ed4865cd222c,3,3d4bc7f585bc0534e4a0c00c086721b2,b60a410d454528f9b70cd6fb479fba68,28930,"arraial do cabo",RJ,429e7401fafb76436f15e86498bd7364,cama_mesa_banho,60,233,1,2500,41,8,36,da8622b14eb17ae2831f4ac5b9dab84a,piracicaba,SP,13405,credit_card,1,10,199.9,48.64,1525.78,"2018-03-22 16:08:50","2018-03-17 15:48:01","2018-03-17 16:08:50","2018-03-19 19:52:50","2018-04-02 16:46:46","2018-04-16 00:00:00",Saturday,March,2018,March-2018,delivered,ae8b5df90eaf220f63f5ed4865cd222c-3
313,ae8b5df90eaf220f63f5ed4865cd222c,2,3d4bc7f585bc0534e4a0c00c086721b2,b60a410d454528f9b70cd6fb479fba68,28930,"arraial do cabo",RJ,9ddd762ee8a13576a809dc66f22aa2b5,cama_mesa_banho,60,233,1,2600,41,8,36,da8622b14eb17ae2831f4ac5b9dab84a,piracicaba,SP,13405,credit_card,1,10,199.9,23.38,1525.78,"2018-03-22 16:08:50","2018-03-17 15:48:01","2018-03-17 16:08:50","2018-03-19 19:52:50","2018-04-02 16:46:46","2018-04-16 00:00:00",Saturday,March,2018,March-2018,delivered,ae8b5df90eaf220f63f5ed4865cd222c-2
314,f18209d8f562e6e43f73013f3e9aa40c,1,34497fb7afde431c36bfe5d62cb39716,56bdd6ad82ffc0e993f50cb87c849d3c,13295,itupeva,SP,6668e2c5a29f47a016858f28a3673e4a,cama_mesa_banho,50,627,2,3950,33,14,33,5b51032eddd242adc84c38acab88f23d,"borda da mata",MG,37564,credit_card,1,10,219,27.61,246.61,"2018-05-04 16:30:57","2018-04-27 16:10:14","2018-04-27 16:32:32","2018-04-30 14:44:00","2018-05-02 14:58:40","2018-05-25 00:00:00",Friday,April,2018,April-2018,delivered,f18209d8f562e6e43f73013f3e9aa40c-1
315,00024acbcdf0a6daa1e931b038114c75,1,d4eb9395c8c0431ee92fce09860c5a06,af861d436cfc08b2c2ddefd0ba074622,12952,atibaia,SP,7634da152a4610f1595efa32f14722fc,perfumaria,42,480,1,200,16,10,15,9d7a1d34a5052409006425275ba1c2b4,franca,SP,14403,credit_card,1,2,12.99,12.79,25.78,"2018-08-15 10:10:18","2018-08-08 10:00:35","2018-08-08 10:10:18","2018-08-10 13:28:00","2018-08-14 13:32:39","2018-08-20 00:00:00",Wednesday,August,2018,August-2018,delivered,00024acbcdf0a6daa1e931b038114c75-1
316,bd486e41e0b895151c98b33db1504f8d,1,35e87ef5e133284e1e2ccbc8f8816d57,9c9227591acfad49c19e7fd98f6fef02,3378,"sao paulo",SP,7634da152a4610f1595efa32f14722fc,perfumaria,42,480,1,200,16,10,15,9d7a1d34a5052409006425275ba1c2b4,franca,SP,14403,credit_card,1,2,12.99,12.79,25.78,"2018-08-23 00:10:14","2018-08-17 23:59:46","2018-08-18 00:10:14","2018-08-22 08:52:00","2018-08-27 18:51:17","2018-08-31 00:00:00",Friday,August,2018,August-2018,delivered,bd486e41e0b895151c98b33db1504f8d-1
317,05fcd933547be81890bc4d62357fdf3f,1,a38a9ffb610562b589318c8b263e0d5b,0b301ba858fea6e878faa5da12b044c6,4273,"sao paulo",SP,2d00c3b37b984686777190e2e6e0a7b6,informatica_acessorios,29,1140,4,300,16,16,16,9d7a1d34a5052409006425275ba1c2b4,franca,SP,14403,credit_card,1,9,89.9,12.13,408.12,"2017-07-25 10:30:13","2017-07-19 10:17:34","2017-07-19 10:30:13","2017-07-20 15:27:45","2017-07-26 13:45:35","2017-08-08 00:00:00",Wednesday,July,2017,July-2017,delivered,05fcd933547be81890bc4d62357fdf3f-1
318,05fcd933547be81890bc4d62357fdf3f,2,a38a9ffb610562b589318c8b263e0d5b,0b301ba858fea6e878faa5da12b044c6,4273,"sao paulo",SP,2d00c3b37b984686777190e2e6e0a7b6,informatica_acessorios,29,1140,4,300,16,16,16,9d7a1d34a5052409006425275ba1c2b4,franca,SP,14403,credit_card,1,9,89.9,12.13,408.12,"2017-07-25 10:30:13","2017-07-19 10:17:34","2017-07-19 10:30:13","2017-07-20 15:27:45","2017-07-26 13:45:35","2017-08-08 00:00:00",Wednesday,July,2017,July-2017,delivered,05fcd933547be81890bc4d62357fdf3f-2
319,05fcd933547be81890bc4d62357fdf3f,3,a38a9ffb610562b589318c8b263e0d5b,0b301ba858fea6e878faa5da12b044c6,4273,"sao paulo",SP,2d00c3b37b984686777190e2e6e0a7b6,informatica_acessorios,29,1140,4,300,16,16,16,9d7a1d34a5052409006425275ba1c2b4,franca,SP,14403,credit_card,1,9,89.9,12.13,408.12,"2017-07-25 10:30:13","2017-07-19 10:17:34","2017-07-19 10:30:13","2017-07-20 15:27:45","2017-07-26 13:45:35","2017-08-08 00:00:00",Wednesday,July,2017,July-2017,delivered,05fcd933547be81890bc4d62357fdf3f-3
320,05fcd933547be81890bc4d62357fdf3f,4,a38a9ffb610562b589318c8b263e0d5b,0b301ba858fea6e878faa5da12b044c6,4273,"sao paulo",SP,2d00c3b37b984686777190e2e6e0a7b6,informatica_acessorios,29,1140,4,300,16,16,16,9d7a1d34a5052409006425275ba1c2b4,franca,SP,14403,credit_card,1,9,89.9,12.13,408.12,"2017-07-25 10:30:13","2017-07-19 10:17:34","2017-07-19 10:30:13","2017-07-20 15:27:45","2017-07-26 13:45:35","2017-08-08 00:00:00",Wednesday,July,2017,July-2017,delivered,05fcd933547be81890bc4d62357fdf3f-4
321,072b97d5244a16a4573ad547ea7d15b4,1,bdf54f7d1694971f430170fca990f2ef,2530578c7db988c97b4afd8a3d44cfd2,12080,taubate,SP,541f87698fb1b63df63ba4989dcc25ce,utilidades_domesticas,60,338,2,3100,18,18,18,9d7a1d34a5052409006425275ba1c2b4,franca,SP,14403,credit_card,1,7,49.99,23.07,73.06,"2018-04-26 20:31:41","2018-04-22 20:07:53","2018-04-24 18:35:38","2018-04-25 09:18:00","2018-04-30 18:32:07","2018-05-16 00:00:00",Sunday,April,2018,April-2018,delivered,072b97d5244a16a4573ad547ea7d15b4-1
322,140d98b96ef924164add7c0fd859992a,1,06278b75c68ad852923f6ef0773eb154,51254e30e483306de104997755d19537,22461,"rio de janeiro",RJ,acd9600b8de0ebd8a85d61f162a30180,papelaria,53,484,1,6700,40,20,50,9d7a1d34a5052409006425275ba1c2b4,franca,SP,14403,credit_card,1,1,111.99,44.36,156.35,"2018-06-15 16:41:44","2018-06-07 16:23:33","2018-06-07 16:41:44","2018-06-14 14:09:00","2018-06-27 17:58:33","2018-07-23 00:00:00",Thursday,June,2018,June-2018,delivered,140d98b96ef924164add7c0fd859992a-1
323,2262f6e2778c369031168e981215c70d,1,51d99428b23627a102c5866cf00b7813,ddb8ffdbf7d9b0f26895b6c0712ead4e,24230,niteroi,RJ,83c3d4602324544954d73486c1a47455,informatica_acessorios,49,1980,2,900,26,7,17,9d7a1d34a5052409006425275ba1c2b4,franca,SP,14403,credit_card,1,5,319,17.99,336.99,"2017-07-26 16:32:26","2017-07-17 16:18:44","2017-07-17 16:35:10","2017-07-24 17:39:52","2017-07-31 21:10:24","2017-08-11 00:00:00",Monday,July,2017,July-2017,delivered,2262f6e2778c369031168e981215c70d-1
324,4db75bd1ea5ff7061d7e6d7e76328073,1,35273bc197dae9984f65ccc22835ad02,12aa04b48dd55961bcb51058a09116da,53240,olinda,PE,52fa1c39166d4ec1aaeb465c2e4ed999,papelaria,43,365,1,150,16,10,15,9d7a1d34a5052409006425275ba1c2b4,franca,SP,14403,credit_card,1,1,10.99,25.63,36.62,"2017-12-18 19:59:29","2017-12-12 19:48:27","2017-12-12 19:59:29","2017-12-15 14:26:46","2017-12-29 19:58:18","2018-01-16 00:00:00",Tuesday,December,2017,December-2017,delivered,4db75bd1ea5ff7061d7e6d7e76328073-1
325,6d87523e95d5670f7bbd10a46d5d70ab,1,0ceec0034a7684259a13e9be74338683,c54486ed1943a48b07997d84b575ad80,22470,"rio de janeiro",RJ,234f933656e9d5c88f814a89d4f5bb9c,papelaria,49,371,1,1100,16,10,15,9d7a1d34a5052409006425275ba1c2b4,franca,SP,14403,boleto,1,1,79.99,23.36,103.35,"2018-06-29 03:17:26","2018-06-19 16:57:51","2018-06-21 03:17:26","2018-06-28 12:04:00","2018-07-06 12:20:57","2018-08-01 00:00:00",Tuesday,June,2018,June-2018,delivered,6d87523e95d5670f7bbd10a46d5d70ab-1
326,6ee722cd81ebe249b83c6351f725bbb5,1,9d5ff5d7ce2e4bc386bf11b9adb46a19,b501aa16c4c71c55bd43d45d112bd135,95853,"polo petroquimico de triunfo",RS,7f6a27bc434791d71f6e52b25bfc1e9e,papelaria,42,236,1,100,16,10,15,9d7a1d34a5052409006425275ba1c2b4,franca,SP,14403,boleto,1,1,5.6,15.1,20.7,"2018-02-28 02:09:02","2018-02-21 11:22:22","2018-02-22 02:28:24","2018-02-26 19:55:42","2018-03-26 15:51:47","2018-03-23 00:00:00",Wednesday,February,2018,February-2018,delivered,6ee722cd81ebe249b83c6351f725bbb5-1
327,7d0e17bbcb31318fdc2390ad7cfc7399,1,0ab6b9678a73a7234a994d90cafcbc5c,889764541a3bd1cc777e70364dd00084,87920,"santa cruz de monte castelo",PR,eab2445325c49cfae34289f4a56342e3,papelaria,49,372,1,800,16,10,15,9d7a1d34a5052409006425275ba1c2b4,franca,SP,14403,boleto,1,1,49.99,16.11,66.1,"2017-12-28 02:12:43","2017-12-19 09:42:51","2017-12-21 02:12:43","2017-12-28 16:26:56","2018-01-08 15:25:00","2018-01-23 00:00:00",Tuesday,December,2017,December-2017,delivered,7d0e17bbcb31318fdc2390ad7cfc7399-1
328,d822122b00c0dbaddd3694846fdc262c,1,f8b93f98fb0526f8f7734cc352eee0fc,9e66b89a58cb299d58bca3a8018476a6,4567,"sao paulo",SP,a6553cfbe11f87ac3079d7e18ff8c87b,papelaria,59,433,1,100,16,10,15,9d7a1d34a5052409006425275ba1c2b4,franca,SP,14403,credit_card,1,1,8.8,12.79,21.59,"2018-08-23 20:10:27","2018-08-20 19:58:51","2018-08-20 20:10:27","2018-08-22 08:52:00","2018-08-27 18:58:30","2018-08-30 00:00:00",Monday,August,2018,August-2018,delivered,d822122b00c0dbaddd3694846fdc262c-1
329,d97964c911feff7a28e51777c2ffbc7f,1,f9b311e286445b71d5b5d0ec5b3076ab,bdb40fdb1df62064c8ee38b845459e77,5006,"sao paulo",SP,20c7734379b9740b6ac065132d5a353c,papelaria,49,373,1,550,16,10,15,9d7a1d34a5052409006425275ba1c2b4,franca,SP,14403,credit_card,1,2,29.9,12.69,42.59,"2018-02-08 16:08:59","2018-02-02 15:46:22","2018-02-02 16:08:59","2018-02-07 15:04:46","2018-02-14 18:34:37","2018-02-26 00:00:00",Friday,February,2018,February-2018,delivered,d97964c911feff7a28e51777c2ffbc7f-1
330,de03f4f4bb610147a9bbfbed56438cbb,1,5ac9fcc9259df95cf14d27238b112148,cf3839da0d9492ad151690b65f45d800,6604,jandira,SP,2e8316b31db34314f393806fd7b6e185,papelaria,55,88,1,100,16,10,16,9d7a1d34a5052409006425275ba1c2b4,franca,SP,14403,credit_card,1,1,2.99,11.85,14.84,"2018-02-08 00:55:32","2018-02-02 00:01:31","2018-02-02 00:55:32","2018-02-07 15:04:45","2018-02-16 17:18:33","2018-02-26 00:00:00",Friday,February,2018,February-2018,delivered,de03f4f4bb610147a9bbfbed56438cbb-1
331,00042b26cf59d7ce69dfabb4e55b4fd9,1,58dbd0b2d70206bf40e62cd34e84d795,64b576fb70d441e8f1b2d7d446e483c5,13226,"varzea paulista",SP,ac6c3623068f30de03045865e4e10089,ferramentas_jardim,59,409,1,3750,35,40,30,df560393f3a51e74553ab94004ba5c87,loanda,PR,87900,credit_card,1,3,199.9,18.14,218.04,"2017-02-13 13:57:51","2017-02-04 13:57:51","2017-02-04 14:10:13","2017-02-16 09:46:09","2017-03-01 16:42:31","2017-03-17 00:00:00",Saturday,February,2017,February-2017,delivered,00042b26cf59d7ce69dfabb4e55b4fd9-1
332,07e2a9d486a8394f2700230396e8d5f0,1,0d0a49286a8610cff0b0ca481ac5d14b,3e7a68a9a380c6802aa79a54be7c2e70,65025,"sao luis",MA,ac6c3623068f30de03045865e4e10089,ferramentas_jardim,59,409,1,3750,35,40,30,df560393f3a51e74553ab94004ba5c87,loanda,PR,87900,credit_card,1,1,209.9,61.93,271.83,"2018-02-28 21:46:57","2018-02-17 22:29:16","2018-02-17 22:46:57","2018-02-26 11:49:00","2018-04-02 22:32:10","2018-03-23 00:00:00",Saturday,February,2018,February-2018,delivered,07e2a9d486a8394f2700230396e8d5f0-1
333,2ceb6637c42b2ccc41b9949f731f995f,1,d5c3c53a147864a64bc701b14879753f,b6a1661fb4819608724d58226c7a90c7,36010,"juiz de fora",MG,ac6c3623068f30de03045865e4e10089,ferramentas_jardim,59,409,1,3750,35,40,30,df560393f3a51e74553ab94004ba5c87,loanda,PR,87900,credit_card,1,1,199.9,20.64,220.54,"2017-06-01 08:02:48","2017-05-20 19:07:02","2017-05-21 09:32:31","2017-05-25 06:03:14","2017-06-01 12:19:57","2017-06-23 00:00:00",Saturday,May,2017,May-2017,delivered,2ceb6637c42b2ccc41b9949f731f995f-1
334,39ecbda0a90495a26efaaef708ba97c8,1,a7b7df5662c05961c2610ba95c593154,2ba0f68c895ac31311874d94505cca6a,6364,carapicuiba,SP,ac6c3623068f30de03045865e4e10089,ferramentas_jardim,59,409,1,3750,35,40,30,df560393f3a51e74553ab94004ba5c87,loanda,PR,87900,debit_card,1,1,199.9,27.72,227.62,"2018-01-30 19:49:56","2018-01-17 19:39:03","2018-01-17 19:49:56","2018-01-23 18:54:05","2018-01-26 18:22:33","2018-02-22 00:00:00",Wednesday,January,2018,January-2018,delivered,39ecbda0a90495a26efaaef708ba97c8-1
335,4b0c84473bd3be3ee00dba465265e79d,1,e9480985d1c0e64ea0754e6aa4e78566,9b9fb4b63021065c2978405174354981,90010,"porto alegre",RS,ac6c3623068f30de03045865e4e10089,ferramentas_jardim,59,409,1,3750,35,40,30,df560393f3a51e74553ab94004ba5c87,loanda,PR,87900,credit_card,1,1,209.9,27.79,237.69,"2018-02-27 12:47:43","2018-02-14 13:34:53","2018-02-14 13:47:43","2018-02-20 17:52:50","2018-02-27 19:59:01","2018-03-14 00:00:00",Wednesday,February,2018,February-2018,delivered,4b0c84473bd3be3ee00dba465265e79d-1
336,560459df3c765b876f92c018e728b978,1,e306c9b9d7ff9cb8ff5da5c98e036fae,561120257da1c5fc8470ef7b121681d1,88015,florianopolis,SC,ac6c3623068f30de03045865e4e10089,ferramentas_jardim,59,409,1,3750,35,40,30,df560393f3a51e74553ab94004ba5c87,loanda,PR,87900,credit_card,1,10,199.9,18.65,218.55,"2017-05-31 23:42:36","2017-05-18 21:31:37","2017-05-18 23:42:36","2017-05-25 06:03:14","2017-06-06 14:43:55","2017-06-19 00:00:00",Thursday,May,2017,May-2017,delivered,560459df3c765b876f92c018e728b978-1
337,7b8ef69133bb95128e53e14329bdb03a,1,a347b5c92e4dfc932d041067f2f48fce,3ffa6b58e047a85a07f78160132b918d,8775,"mogi das cruzes",SP,ac6c3623068f30de03045865e4e10089,ferramentas_jardim,59,409,1,3750,35,40,30,df560393f3a51e74553ab94004ba5c87,loanda,PR,87900,credit_card,1,4,199.9,27.72,227.62,"2018-01-03 21:53:12","2017-12-19 20:48:05","2017-12-19 21:53:12","2018-01-05 16:49:01","2018-01-10 18:04:25","2018-01-26 00:00:00",Tuesday,December,2017,December-2017,delivered,7b8ef69133bb95128e53e14329bdb03a-1
338,a9f79500e239f331c724ae1fc5543bf5,1,78a6b9486f068ed66115b05fe58b2b57,ce08c5d1cb6ac8f714dc79680c3f7a01,9521,"sao caetano do sul",SP,ac6c3623068f30de03045865e4e10089,ferramentas_jardim,59,409,1,3750,35,40,30,df560393f3a51e74553ab94004ba5c87,loanda,PR,87900,credit_card,1,5,209.9,23.9,233.8,"2018-03-21 21:31:38","2018-03-10 21:24:16","2018-03-10 21:35:22","2018-03-21 15:18:33","2018-03-26 22:32:41","2018-04-13 00:00:00",Saturday,March,2018,March-2018,delivered,a9f79500e239f331c724ae1fc5543bf5-1
339,b2e54b3ccbc9c423893aa9dbe19dcd73,1,550fc4a83290572e965f77f8c53913b4,05205c3546aefb9ac9436fed99f92af1,21830,"rio de janeiro",RJ,ac6c3623068f30de03045865e4e10089,ferramentas_jardim,59,409,1,3750,35,40,30,df560393f3a51e74553ab94004ba5c87,loanda,PR,87900,credit_card,1,3,199.9,19.99,219.89,"2017-05-17 10:02:53","2017-05-04 09:48:47","2017-05-04 10:02:53","2017-05-09 08:48:02","2017-05-19 06:34:03","2017-06-07 00:00:00",Thursday,May,2017,May-2017,delivered,b2e54b3ccbc9c423893aa9dbe19dcd73-1
340,beffe64d2172f01e39f8c776eb5862b0,1,086a836b41203d3668bb1f312451932c,aa4d91884f930e5087b72f64ad0157b3,25550,"sao joao de meriti",RJ,ac6c3623068f30de03045865e4e10089,ferramentas_jardim,59,409,1,3750,35,40,30,df560393f3a51e74553ab94004ba5c87,loanda,PR,87900,credit_card,1,2,199.9,30.44,230.34,"2017-09-04 14:55:40","2017-08-22 14:47:32","2017-08-22 14:55:40","2017-08-25 16:31:43","2017-09-01 17:35:12","2017-09-25 00:00:00",Tuesday,August,2017,August-2017,delivered,beffe64d2172f01e39f8c776eb5862b0-1
341,ef394b6ac2a7a089f6142d4449472073,1,925063180f27eade14d5e059b9d4fe51,27e1476c37b57149dee90a4914f0ee8e,4851,"sao paulo",SP,ac6c3623068f30de03045865e4e10089,ferramentas_jardim,59,409,1,3750,35,40,30,df560393f3a51e74553ab94004ba5c87,loanda,PR,87900,credit_card,1,10,199.9,27.72,227.62,"2017-07-17 00:15:09","2017-07-04 00:03:44","2017-07-04 00:15:09","2017-07-13 13:40:01","2017-07-27 16:08:06","2017-08-02 00:00:00",Tuesday,July,2017,July-2017,delivered,ef394b6ac2a7a089f6142d4449472073-1
342,0bd66289bf194ff3edb0841291f58da1,1,35a5f209fb977870cf57ca5564033679,065dcef61d5f66b30d2ee51b5343d023,3254,"sao paulo",SP,b249cf5fcf68f70e13515489f0fcb627,ferramentas_jardim,35,325,1,1300,19,33,13,df560393f3a51e74553ab94004ba5c87,loanda,PR,87900,credit_card,1,6,69.9,15.7,85.6,"2017-04-27 22:50:21","2017-04-13 22:40:08","2017-04-13 22:50:21","2017-04-20 10:47:48","2017-04-28 09:16:15","2017-05-16 00:00:00",Thursday,April,2017,April-2017,delivered,0bd66289bf194ff3edb0841291f58da1-1
343,1217de8bb29e23b3b4ca52c564fb143a,1,8fcebad47cb22e7a7576c02a882a66ed,1dc64a765cc16cb5c9962dcb25491751,7193,guarulhos,SP,b249cf5fcf68f70e13515489f0fcb627,ferramentas_jardim,35,325,1,1300,19,33,13,df560393f3a51e74553ab94004ba5c87,loanda,PR,87900,credit_card,1,3,69.9,15.7,85.6,"2017-05-16 15:22:49","2017-05-02 20:57:56","2017-05-03 15:22:49","2017-05-09 08:48:03","2017-05-18 07:35:54","2017-06-01 00:00:00",Tuesday,May,2017,May-2017,delivered,1217de8bb29e23b3b4ca52c564fb143a-1
344,207fcb4ce4deeff5a3ec9db8f38acff0,1,b94acc6de36401e0d0bb861e6d196101,1f66a12aca6f4ecbed2c0628570e81ee,95914,lajeado,RS,b249cf5fcf68f70e13515489f0fcb627,ferramentas_jardim,35,325,1,1300,19,33,13,df560393f3a51e74553ab94004ba5c87,loanda,PR,87900,credit_card,1,1,79.9,17.81,97.71,"2018-02-14 19:11:10","2018-02-01 18:38:24","2018-02-01 19:37:33","2018-02-14 17:35:56","2018-02-23 15:34:00","2018-03-12 00:00:00",Thursday,February,2018,February-2018,delivered,207fcb4ce4deeff5a3ec9db8f38acff0-1
345,3a3b0394c09dbf1c3f658c1fbe9adc31,1,388e380a8fd7135321bbe22ed193d8df,3415a0268772d4cd19b0db5a7dec5676,8270,"sao paulo",SP,b249cf5fcf68f70e13515489f0fcb627,ferramentas_jardim,35,325,1,1300,19,33,13,df560393f3a51e74553ab94004ba5c87,loanda,PR,87900,credit_card,1,9,79.9,17.81,97.71,"2017-11-24 21:50:22","2017-11-10 21:39:06","2017-11-10 21:50:22","2017-11-16 12:02:21","2018-01-13 00:15:05","2017-12-13 00:00:00",Friday,November,2017,November-2017,delivered,3a3b0394c09dbf1c3f658c1fbe9adc31-1
346,b7ae44656ed457970339225497f75a31,1,68aab7dca3ffc8861c4e0f09c58b15ed,ddaad107b70cdb3da88a892ac5e4de12,13566,"sao carlos",SP,b249cf5fcf68f70e13515489f0fcb627,ferramentas_jardim,35,325,1,1300,19,33,13,df560393f3a51e74553ab94004ba5c87,loanda,PR,87900,credit_card,1,1,69.9,15.7,85.6,"2017-05-05 11:25:22","2017-04-20 11:13:25","2017-04-20 11:25:22","2017-04-25 08:52:17","2017-05-03 11:42:28","2017-05-19 00:00:00",Thursday,April,2017,April-2017,delivered,b7ae44656ed457970339225497f75a31-1
347,16244699615d84f02399e1b0e88468b2,1,da94b6d4f10776be847cd1869a2c677d,5a4d11d56c3c62e630300b2e98a4c195,11750,peruibe,SP,908cc1d3a4c57d9d802fc3872e396395,moveis_decoracao,45,225,1,2200,35,35,25,df560393f3a51e74553ab94004ba5c87,loanda,PR,87900,credit_card,1,3,175.3,19.51,194.81,"2017-04-06 17:22:42","2017-04-01 17:11:03","2017-04-01 17:22:42","2017-04-07 13:22:59","2017-04-19 14:45:08","2017-04-26 00:00:00",Saturday,April,2017,April-2017,delivered,16244699615d84f02399e1b0e88468b2-1
348,370e2e6c1a9fd451eb7f0852daa3b006,1,55f7adf99fd2a2c01af34e2dfa272c9f,f9ae226291893fda10af7965268fb7f6,7131,guarulhos,SP,5dddb31154cbd968caa4706ef0f4e0f0,ferramentas_jardim,35,247,1,1100,19,50,20,df560393f3a51e74553ab94004ba5c87,loanda,PR,87900,voucher,7,1,79.9,15.77,6.82,"2017-03-23 18:34:44","2017-03-11 18:34:44","2017-03-11 18:34:44","2017-03-15 07:34:16","2017-03-30 15:47:50","2017-04-10 00:00:00",Saturday,March,2017,March-2017,delivered,370e2e6c1a9fd451eb7f0852daa3b006-1
349,370e2e6c1a9fd451eb7f0852daa3b006,1,55f7adf99fd2a2c01af34e2dfa272c9f,f9ae226291893fda10af7965268fb7f6,7131,guarulhos,SP,5dddb31154cbd968caa4706ef0f4e0f0,ferramentas_jardim,35,247,1,1100,19,50,20,df560393f3a51e74553ab94004ba5c87,loanda,PR,87900,voucher,11,1,79.9,15.77,6.49,"2017-03-23 18:34:44","2017-03-11 18:34:44","2017-03-11 18:34:44","2017-03-15 07:34:16","2017-03-30 15:47:50","2017-04-10 00:00:00",Saturday,March,2017,March-2017,delivered,370e2e6c1a9fd451eb7f0852daa3b006-1
350,370e2e6c1a9fd451eb7f0852daa3b006,1,55f7adf99fd2a2c01af34e2dfa272c9f,f9ae226291893fda10af7965268fb7f6,7131,guarulhos,SP,5dddb31154cbd968caa4706ef0f4e0f0,ferramentas_jardim,35,247,1,1100,19,50,20,df560393f3a51e74553ab94004ba5c87,loanda,PR,87900,credit_card,1,1,79.9,15.77,38.58,"2017-03-23 18:34:44","2017-03-11 18:34:44","2017-03-11 18:34:44","2017-03-15 07:34:16","2017-03-30 15:47:50","2017-04-10 00:00:00",Saturday,March,2017,March-2017,delivered,370e2e6c1a9fd451eb7f0852daa3b006-1
351,370e2e6c1a9fd451eb7f0852daa3b006,1,55f7adf99fd2a2c01af34e2dfa272c9f,f9ae226291893fda10af7965268fb7f6,7131,guarulhos,SP,5dddb31154cbd968caa4706ef0f4e0f0,ferramentas_jardim,35,247,1,1100,19,50,20,df560393f3a51e74553ab94004ba5c87,loanda,PR,87900,voucher,5,1,79.9,15.77,3.41,"2017-03-23 18:34:44","2017-03-11 18:34:44","2017-03-11 18:34:44","2017-03-15 07:34:16","2017-03-30 15:47:50","2017-04-10 00:00:00",Saturday,March,2017,March-2017,delivered,370e2e6c1a9fd451eb7f0852daa3b006-1
352,370e2e6c1a9fd451eb7f0852daa3b006,1,55f7adf99fd2a2c01af34e2dfa272c9f,f9ae226291893fda10af7965268fb7f6,7131,guarulhos,SP,5dddb31154cbd968caa4706ef0f4e0f0,ferramentas_jardim,35,247,1,1100,19,50,20,df560393f3a51e74553ab94004ba5c87,loanda,PR,87900,voucher,10,1,79.9,15.77,13.79,"2017-03-23 18:34:44","2017-03-11 18:34:44","2017-03-11 18:34:44","2017-03-15 07:34:16","2017-03-30 15:47:50","2017-04-10 00:00:00",Saturday,March,2017,March-2017,delivered,370e2e6c1a9fd451eb7f0852daa3b006-1
353,370e2e6c1a9fd451eb7f0852daa3b006,1,55f7adf99fd2a2c01af34e2dfa272c9f,f9ae226291893fda10af7965268fb7f6,7131,guarulhos,SP,5dddb31154cbd968caa4706ef0f4e0f0,ferramentas_jardim,35,247,1,1100,19,50,20,df560393f3a51e74553ab94004ba5c87,loanda,PR,87900,voucher,3,1,79.9,15.77,5.71,"2017-03-23 18:34:44","2017-03-11 18:34:44","2017-03-11 18:34:44","2017-03-15 07:34:16","2017-03-30 15:47:50","2017-04-10 00:00:00",Saturday,March,2017,March-2017,delivered,370e2e6c1a9fd451eb7f0852daa3b006-1
354,370e2e6c1a9fd451eb7f0852daa3b006,1,55f7adf99fd2a2c01af34e2dfa272c9f,f9ae226291893fda10af7965268fb7f6,7131,guarulhos,SP,5dddb31154cbd968caa4706ef0f4e0f0,ferramentas_jardim,35,247,1,1100,19,50,20,df560393f3a51e74553ab94004ba5c87,loanda,PR,87900,voucher,8,1,79.9,15.77,3.78,"2017-03-23 18:34:44","2017-03-11 18:34:44","2017-03-11 18:34:44","2017-03-15 07:34:16","2017-03-30 15:47:50","2017-04-10 00:00:00",Saturday,March,2017,March-2017,delivered,370e2e6c1a9fd451eb7f0852daa3b006-1
355,370e2e6c1a9fd451eb7f0852daa3b006,1,55f7adf99fd2a2c01af34e2dfa272c9f,f9ae226291893fda10af7965268fb7f6,7131,guarulhos,SP,5dddb31154cbd968caa4706ef0f4e0f0,ferramentas_jardim,35,247,1,1100,19,50,20,df560393f3a51e74553ab94004ba5c87,loanda,PR,87900,voucher,6,1,79.9,15.77,2.16,"2017-03-23 18:34:44","2017-03-11 18:34:44","2017-03-11 18:34:44","2017-03-15 07:34:16","2017-03-30 15:47:50","2017-04-10 00:00:00",Saturday,March,2017,March-2017,delivered,370e2e6c1a9fd451eb7f0852daa3b006-1
356,370e2e6c1a9fd451eb7f0852daa3b006,1,55f7adf99fd2a2c01af34e2dfa272c9f,f9ae226291893fda10af7965268fb7f6,7131,guarulhos,SP,5dddb31154cbd968caa4706ef0f4e0f0,ferramentas_jardim,35,247,1,1100,19,50,20,df560393f3a51e74553ab94004ba5c87,loanda,PR,87900,voucher,9,1,79.9,15.77,6.88,"2017-03-23 18:34:44","2017-03-11 18:34:44","2017-03-11 18:34:44","2017-03-15 07:34:16","2017-03-30 15:47:50","2017-04-10 00:00:00",Saturday,March,2017,March-2017,delivered,370e2e6c1a9fd451eb7f0852daa3b006-1
357,370e2e6c1a9fd451eb7f0852daa3b006,1,55f7adf99fd2a2c01af34e2dfa272c9f,f9ae226291893fda10af7965268fb7f6,7131,guarulhos,SP,5dddb31154cbd968caa4706ef0f4e0f0,ferramentas_jardim,35,247,1,1100,19,50,20,df560393f3a51e74553ab94004ba5c87,loanda,PR,87900,voucher,2,1,79.9,15.77,3.72,"2017-03-23 18:34:44","2017-03-11 18:34:44","2017-03-11 18:34:44","2017-03-15 07:34:16","2017-03-30 15:47:50","2017-04-10 00:00:00",Saturday,March,2017,March-2017,delivered,370e2e6c1a9fd451eb7f0852daa3b006-1
358,370e2e6c1a9fd451eb7f0852daa3b006,1,55f7adf99fd2a2c01af34e2dfa272c9f,f9ae226291893fda10af7965268fb7f6,7131,guarulhos,SP,5dddb31154cbd968caa4706ef0f4e0f0,ferramentas_jardim,35,247,1,1100,19,50,20,df560393f3a51e74553ab94004ba5c87,loanda,PR,87900,voucher,4,1,79.9,15.77,4.33,"2017-03-23 18:34:44","2017-03-11 18:34:44","2017-03-11 18:34:44","2017-03-15 07:34:16","2017-03-30 15:47:50","2017-04-10 00:00:00",Saturday,March,2017,March-2017,delivered,370e2e6c1a9fd451eb7f0852daa3b006-1
359,df3c03ee5c240bfffaa5e3dfaeb4699b,1,54bec33d5e42b3d9f9aaae70bbc2f441,6332ca114f87dfefe3a7f3cdc65e66b5,17780,lucelia,SP,5dddb31154cbd968caa4706ef0f4e0f0,ferramentas_jardim,35,247,1,1100,19,50,20,df560393f3a51e74553ab94004ba5c87,loanda,PR,87900,credit_card,1,9,79.9,16.32,96.22,"2017-07-18 22:55:23","2017-07-05 22:44:25","2017-07-05 22:55:23","2017-07-13 13:40:01","2017-07-21 21:33:55","2017-08-03 00:00:00",Wednesday,July,2017,July-2017,delivered,df3c03ee5c240bfffaa5e3dfaeb4699b-1
360,5cd692d410145f2f1d7ac869a323707c,1,471e287a6db1907b68059d0e15a1c424,13a94b1d5f949aa3660cf0e6e740d74e,11015,santos,SP,056fc939c78534a5fb6a762ef17d912e,moveis_decoracao,53,87,1,1300,25,25,20,df560393f3a51e74553ab94004ba5c87,loanda,PR,87900,credit_card,1,1,87.9,17.87,105.77,"2017-06-05 15:55:22","2017-05-30 15:43:46","2017-05-30 15:55:22","2017-06-02 13:06:05","2017-06-08 12:23:54","2017-06-22 00:00:00",Tuesday,May,2017,May-2017,delivered,5cd692d410145f2f1d7ac869a323707c-1
361,7033745709b7cf1bac7d2533663592de,1,7f0ca17bb33b230b47459437cf0682c7,1dc848c11c2985635c268ff3dea707eb,21853,"rio de janeiro",RJ,35084deab9603bbb6035bb8638b1df89,moveis_decoracao,49,100,1,1200,25,25,20,df560393f3a51e74553ab94004ba5c87,loanda,PR,87900,credit_card,1,4,93.9,17.61,111.51,"2016-10-08 14:46:49","2016-10-04 14:13:22","2016-10-04 14:46:48","2016-10-08 14:46:49","2016-10-11 14:46:49","2016-11-30 00:00:00",Tuesday,October,2016,October-2016,delivered,7033745709b7cf1bac7d2533663592de-1
362,c870ef6a8e1d8eec841d79b42a6a20e4,1,5e2eb678bf7712ade6ed644acfd44f5e,2f0a45d60154020f24cd2d0758e71028,4552,"sao paulo",SP,1c2862e8f831c73dd953c24b3fd5b9e2,moveis_decoracao,60,120,1,600,18,30,15,df560393f3a51e74553ab94004ba5c87,loanda,PR,87900,boleto,1,1,31.5,14.52,46.02,"2017-01-23 20:45:08","2017-01-19 20:45:08","2017-01-21 03:10:43","2017-01-25 09:24:26","2017-01-30 19:47:59","2017-02-17 00:00:00",Thursday,January,2017,January-2017,delivered,c870ef6a8e1d8eec841d79b42a6a20e4-1
363,e9df4254faf2fe70bfbff4c0abe4fb7c,1,3d1d66accf98c118e170e779aab66b67,3564c4748fd6c1097ba1a7e7c6fa5ff1,89825,xaxim,SC,1c2862e8f831c73dd953c24b3fd5b9e2,moveis_decoracao,60,120,1,600,18,30,15,df560393f3a51e74553ab94004ba5c87,loanda,PR,87900,boleto,1,1,31.5,14.52,46.02,"2017-01-25 14:22:49","2017-01-21 14:22:49","2017-01-24 03:45:13","2017-01-27 08:58:51","2017-02-07 11:28:05","2017-02-20 00:00:00",Saturday,January,2017,January-2017,delivered,e9df4254faf2fe70bfbff4c0abe4fb7c-1
364,e68631ba647225f307d0fa392cc1fa13,1,3090a5486278c5bed3dec2bb7bed04a8,41f1f3ec3fc4d082af18a6e3e15813c4,7600,mairipora,SP,f8e02d03ec6d8976eb802198aab5b4bd,moveis_decoracao,54,43,1,1250,20,12,12,df560393f3a51e74553ab94004ba5c87,loanda,PR,87900,boleto,1,1,63.5,16.2,159.4,"2017-08-08 02:50:16","2017-08-01 19:11:35","2017-08-02 02:50:16","2017-08-04 14:57:50","2017-08-09 17:27:46","2017-08-23 00:00:00",Tuesday,August,2017,August-2017,delivered,e68631ba647225f307d0fa392cc1fa13-1
365,e68631ba647225f307d0fa392cc1fa13,2,3090a5486278c5bed3dec2bb7bed04a8,41f1f3ec3fc4d082af18a6e3e15813c4,7600,mairipora,SP,f8e02d03ec6d8976eb802198aab5b4bd,moveis_decoracao,54,43,1,1250,20,12,12,df560393f3a51e74553ab94004ba5c87,loanda,PR,87900,boleto,1,1,63.5,16.2,159.4,"2017-08-08 02:50:16","2017-08-01 19:11:35","2017-08-02 02:50:16","2017-08-04 14:57:50","2017-08-09 17:27:46","2017-08-23 00:00:00",Tuesday,August,2017,August-2017,delivered,e68631ba647225f307d0fa392cc1fa13-2
366,fa302aa67b18a98eb824a928fb3e53ba,1,58aea9fc48bd6a46f86bdead5143c405,b969838b099b6cea8ce80ae6b7225c2c,28615,"nova friburgo",RJ,08a69b44d48364041d3bc2c74c8600aa,moveis_decoracao,39,42,1,900,25,15,15,df560393f3a51e74553ab94004ba5c87,loanda,PR,87900,credit_card,1,1,78.99,18.12,97.11,"2018-02-05 12:15:19","2018-01-30 11:56:08","2018-01-30 12:15:19","2018-02-08 19:25:00","2018-03-01 22:49:10","2018-03-02 00:00:00",Tuesday,January,2018,January-2018,delivered,fa302aa67b18a98eb824a928fb3e53ba-1
367,fd22d0466cd7c6203111661f9efc93a1,1,6a203c8a8113cab225817117e15aa9cb,48ea9234386f082f39ce1a05c9e440ee,3220,"sao paulo",SP,e75eb9d7737188be4d7fd8b90b88803e,moveis_decoracao,63,114,1,500,24,24,16,df560393f3a51e74553ab94004ba5c87,loanda,PR,87900,credit_card,1,1,45.49,16.11,61.6,"2017-08-11 19:23:28","2017-08-07 18:52:22","2017-08-07 19:23:28","2017-08-10 19:34:24","2017-08-16 20:33:18","2017-08-29 00:00:00",Monday,August,2017,August-2017,delivered,fd22d0466cd7c6203111661f9efc93a1-1
368,00048cc3ae777c65dbb7d2a0634bc1ea,1,816cbea969fe5b689b39cfc97a506742,85c835d128beae5b4ce8602c491bf385,38017,uberaba,MG,ef92defde845ab8450f9d70c526ef70f,utilidades_domesticas,36,558,1,450,24,8,15,6426d21aca402a131fc0a5d0960a3c90,"ribeirao preto",SP,14091,boleto,1,1,21.9,12.69,34.59,"2017-05-23 03:55:27","2017-05-15 21:42:34","2017-05-17 03:55:27","2017-05-17 11:05:55","2017-05-22 13:44:35","2017-06-06 00:00:00",Monday,May,2017,May-2017,delivered,00048cc3ae777c65dbb7d2a0634bc1ea-1
369,1326c2f23bda822e4ffdd5764e04311e,1,96e67bd62456c6f366ecc6c9f82cf5b8,b8c796be9c36295b43e9595dc5480909,15775,"santa fe do sul",SP,ef92defde845ab8450f9d70c526ef70f,utilidades_domesticas,36,558,1,450,24,8,15,6426d21aca402a131fc0a5d0960a3c90,"ribeirao preto",SP,14091,credit_card,1,1,21.9,12.69,34.59,"2017-06-14 18:20:20","2017-06-08 16:47:22","2017-06-08 18:20:20","2017-06-09 10:45:27","2017-06-19 15:33:58","2017-06-29 00:00:00",Thursday,June,2017,June-2017,delivered,1326c2f23bda822e4ffdd5764e04311e-1
370,145b20b69dc0b70579d0754a3d26b6af,1,f6894d747d521f8fb8ca78f54d8327fa,ba4d1a4a2b540edfb2721a5acc6e4461,89900,"sao miguel do oeste",SC,ef92defde845ab8450f9d70c526ef70f,utilidades_domesticas,36,558,1,450,24,8,15,6426d21aca402a131fc0a5d0960a3c90,"ribeirao preto",SP,14091,boleto,1,1,21.9,16.11,38.01,"2017-06-22 03:25:02","2017-06-15 19:13:25","2017-06-17 03:25:02","2017-06-20 14:57:17","2017-07-10 11:46:40","2017-07-10 00:00:00",Thursday,June,2017,June-2017,delivered,145b20b69dc0b70579d0754a3d26b6af-1
371,84335fd0be72b2dd61ba2f73f389d28a,1,d21616a7f6c6949c83026ea92b5f8503,a29ca82b322c504d2b21d483b91fefdb,95700,"bento goncalves",RS,ef92defde845ab8450f9d70c526ef70f,utilidades_domesticas,36,558,1,450,24,8,15,6426d21aca402a131fc0a5d0960a3c90,"ribeirao preto",SP,14091,boleto,1,1,21.9,16.11,38.01,"2017-05-29 04:03:11","2017-05-21 08:01:54","2017-05-23 04:03:11","2017-05-23 14:40:59","2017-05-29 07:49:31","2017-06-16 00:00:00",Sunday,May,2017,May-2017,delivered,84335fd0be72b2dd61ba2f73f389d28a-1
372,f8a010ec857efd266611a51aceafa6f8,1,acbe4b6adbc9282d11a7dd9e1cb784d6,ced2f2a9802448ab3c75ba63e5aa5877,70775,brasilia,DF,ef92defde845ab8450f9d70c526ef70f,utilidades_domesticas,36,558,1,450,24,8,15,6426d21aca402a131fc0a5d0960a3c90,"ribeirao preto",SP,14091,credit_card,1,3,21.9,16.11,38.01,"2017-09-04 19:50:13","2017-08-29 19:42:23","2017-08-29 19:50:13","2017-09-01 18:54:31","2017-09-13 00:17:35","2017-09-19 00:00:00",Tuesday,August,2017,August-2017,delivered,f8a010ec857efd266611a51aceafa6f8-1
373,055a2893cb600bebc05a16d06e3de36f,1,424593758067a693edc0b912ae09add5,fa57fc078415d5327bb4dbb5e5d10d2a,22775,"rio de janeiro",RJ,abe236a52dbc43e90bad00fe6d794582,cama_mesa_banho,22,332,1,800,34,17,22,6426d21aca402a131fc0a5d0960a3c90,"ribeirao preto",SP,14091,credit_card,1,7,59.9,16.18,76.08,"2017-08-03 09:25:09","2017-07-28 09:14:22","2017-07-28 09:25:09","2017-07-28 14:57:43","2017-08-08 19:03:27","2017-08-21 00:00:00",Friday,July,2017,July-2017,delivered,055a2893cb600bebc05a16d06e3de36f-1
374,17d018174e8bb3a09152f926cc684ad2,1,86bf55f44d8c6260b6d4b5ee9fda81fa,59251275b353db9758a16206fe7d5215,95650,igrejinha,RS,abe236a52dbc43e90bad00fe6d794582,cama_mesa_banho,22,332,1,800,34,17,22,6426d21aca402a131fc0a5d0960a3c90,"ribeirao preto",SP,14091,credit_card,1,7,59.9,16.18,76.08,"2017-08-08 16:30:19","2017-08-02 16:19:57","2017-08-02 16:30:19","2017-08-03 13:27:49","2017-08-21 19:05:50","2017-08-28 00:00:00",Wednesday,August,2017,August-2017,delivered,17d018174e8bb3a09152f926cc684ad2-1
375,369736d4fdf5f12b5b823fe2abb3e485,1,20f2452267f6c154ded2085fb3b55234,54207f53e2c739bea2ecf9d4c06978f1,14850,pradopolis,SP,abe236a52dbc43e90bad00fe6d794582,cama_mesa_banho,22,332,1,800,34,17,22,6426d21aca402a131fc0a5d0960a3c90,"ribeirao preto",SP,14091,credit_card,1,3,59.9,12.76,72.66,"2017-07-17 11:45:23","2017-07-11 11:28:45","2017-07-11 11:45:23","2017-07-11 18:43:38","2017-07-14 20:29:38","2017-07-31 00:00:00",Tuesday,July,2017,July-2017,delivered,369736d4fdf5f12b5b823fe2abb3e485-1
376,385949d678cba16e50726d65f1743d7c,1,63e66520bb65f8fdf7a7fa9f5e1a335c,7f4c430e1f1c950aeeb38d200b5c076a,3286,"sao paulo",SP,abe236a52dbc43e90bad00fe6d794582,cama_mesa_banho,22,332,1,800,34,17,22,6426d21aca402a131fc0a5d0960a3c90,"ribeirao preto",SP,14091,voucher,3,1,59.9,18,28.71,"2017-05-26 13:35:09","2017-05-21 13:26:10","2017-05-22 13:35:09","2017-05-23 14:40:58","2017-05-29 14:21:43","2017-06-28 00:00:00",Sunday,May,2017,May-2017,delivered,385949d678cba16e50726d65f1743d7c-1
377,385949d678cba16e50726d65f1743d7c,1,63e66520bb65f8fdf7a7fa9f5e1a335c,7f4c430e1f1c950aeeb38d200b5c076a,3286,"sao paulo",SP,abe236a52dbc43e90bad00fe6d794582,cama_mesa_banho,22,332,1,800,34,17,22,6426d21aca402a131fc0a5d0960a3c90,"ribeirao preto",SP,14091,voucher,2,1,59.9,18,12.78,"2017-05-26 13:35:09","2017-05-21 13:26:10","2017-05-22 13:35:09","2017-05-23 14:40:58","2017-05-29 14:21:43","2017-06-28 00:00:00",Sunday,May,2017,May-2017,delivered,385949d678cba16e50726d65f1743d7c-1
378,385949d678cba16e50726d65f1743d7c,1,63e66520bb65f8fdf7a7fa9f5e1a335c,7f4c430e1f1c950aeeb38d200b5c076a,3286,"sao paulo",SP,abe236a52dbc43e90bad00fe6d794582,cama_mesa_banho,22,332,1,800,34,17,22,6426d21aca402a131fc0a5d0960a3c90,"ribeirao preto",SP,14091,voucher,1,1,59.9,18,36.41,"2017-05-26 13:35:09","2017-05-21 13:26:10","2017-05-22 13:35:09","2017-05-23 14:40:58","2017-05-29 14:21:43","2017-06-28 00:00:00",Sunday,May,2017,May-2017,delivered,385949d678cba16e50726d65f1743d7c-1
379,3f1c4123df68ed12bf22445ce4eedb40,1,69b68a1c34305f2efcaf4d2e202f68e3,4913641258ef99fc01ced3cd2d624d46,52131,recife,PE,abe236a52dbc43e90bad00fe6d794582,cama_mesa_banho,22,332,1,800,34,17,22,6426d21aca402a131fc0a5d0960a3c90,"ribeirao preto",SP,14091,credit_card,1,2,59.9,26.96,86.86,"2017-06-01 13:42:17","2017-05-27 13:26:02","2017-05-27 13:42:17","2017-05-29 08:21:39","2017-06-06 14:33:39","2017-07-03 00:00:00",Saturday,May,2017,May-2017,delivered,3f1c4123df68ed12bf22445ce4eedb40-1
380,5770d4a84c1a09336d4c93063323d21d,1,9b8959f26f86edc945df217520cbeaa2,df007ad04aeddf83412205ee12f4eb6b,8215,"sao paulo",SP,abe236a52dbc43e90bad00fe6d794582,cama_mesa_banho,22,332,1,800,34,17,22,6426d21aca402a131fc0a5d0960a3c90,"ribeirao preto",SP,14091,voucher,1,1,59.9,12.76,72.66,"2017-07-26 12:15:15","2017-07-19 12:11:51","2017-07-20 12:15:15","2017-07-20 17:12:16","2017-07-27 14:34:23","2017-08-08 00:00:00",Wednesday,July,2017,July-2017,delivered,5770d4a84c1a09336d4c93063323d21d-1
381,7ab64f42a8f9ab290e920eed320d7e60,1,0e8a675c17fd0098a9ba9cf466d8012b,cdd833bc60a44f1fe474fd896f70a6db,35420,mariana,MG,abe236a52dbc43e90bad00fe6d794582,cama_mesa_banho,22,332,1,800,34,17,22,6426d21aca402a131fc0a5d0960a3c90,"ribeirao preto",SP,14091,boleto,1,1,59.9,16.18,76.08,"2017-05-25 02:35:18","2017-05-18 09:20:28","2017-05-19 02:35:18","2017-05-19 09:12:21","2017-05-26 07:49:06","2017-06-09 00:00:00",Thursday,May,2017,May-2017,delivered,7ab64f42a8f9ab290e920eed320d7e60-1
382,9c77966338b7a4afae520a5723c937a3,1,db4184568ca754f6639d2d5c23578d27,a0c8c8164e126c94a3ef8a34fdeb7601,22710,"rio de janeiro",RJ,abe236a52dbc43e90bad00fe6d794582,cama_mesa_banho,22,332,1,800,34,17,22,6426d21aca402a131fc0a5d0960a3c90,"ribeirao preto",SP,14091,voucher,2,1,59.9,16.18,66.27,"2017-07-27 19:23:14","2017-07-22 19:07:32","2017-07-22 19:23:14","2017-07-24 19:09:40","2017-08-14 14:45:55","2017-08-15 00:00:00",Saturday,July,2017,July-2017,delivered,9c77966338b7a4afae520a5723c937a3-1
383,9c77966338b7a4afae520a5723c937a3,1,db4184568ca754f6639d2d5c23578d27,a0c8c8164e126c94a3ef8a34fdeb7601,22710,"rio de janeiro",RJ,abe236a52dbc43e90bad00fe6d794582,cama_mesa_banho,22,332,1,800,34,17,22,6426d21aca402a131fc0a5d0960a3c90,"ribeirao preto",SP,14091,credit_card,1,1,59.9,16.18,9.81,"2017-07-27 19:23:14","2017-07-22 19:07:32","2017-07-22 19:23:14","2017-07-24 19:09:40","2017-08-14 14:45:55","2017-08-15 00:00:00",Saturday,July,2017,July-2017,delivered,9c77966338b7a4afae520a5723c937a3-1
384,e588764e20ea16aa323300b4b52de660,1,493db3eca4ddc49b4c6a71d743aef4b0,de16b330722362f02b7e1a233a5a8d4f,45655,ilheus,BA,abe236a52dbc43e90bad00fe6d794582,cama_mesa_banho,22,332,1,800,34,17,22,6426d21aca402a131fc0a5d0960a3c90,"ribeirao preto",SP,14091,credit_card,1,7,59.9,17.99,77.89,"2017-08-13 22:45:17","2017-08-07 22:03:59","2017-08-07 22:45:17","2017-08-08 17:33:35","2017-08-25 18:07:52","2017-09-06 00:00:00",Monday,August,2017,August-2017,delivered,e588764e20ea16aa323300b4b52de660-1
385,9710f86f12fdfe5106f012d72a398288,1,d98edf3a73e942ed1ece36e5228783f5,186544261e45aea5d2603dca5c820486,13044,campinas,SP,8af72bbf3875865c7fc23509cf49682e,brinquedos,40,324,2,650,33,22,19,6426d21aca402a131fc0a5d0960a3c90,"ribeirao preto",SP,14091,credit_card,1,1,62.75,13.46,76.21,"2017-09-24 22:10:26","2017-09-18 21:51:46","2017-09-18 22:10:26","2017-09-19 21:52:28","2017-09-27 18:22:07","2017-10-04 00:00:00",Monday,September,2017,September-2017,delivered,9710f86f12fdfe5106f012d72a398288-1
386,35ebf843a8ae15a2ec5e2467f811c593,1,b9c971c49e30ccad3566cf4e76d61c7c,81c77a75270704be7d9732688b54670c,47802,barreiras,BA,ce4564d6cb17bf0139f4a0860565c338,utilidades_domesticas,51,583,1,1300,38,27,16,6426d21aca402a131fc0a5d0960a3c90,"ribeirao preto",SP,14091,boleto,1,1,59.9,19.66,79.56,"2017-08-29 02:46:57","2017-08-22 17:25:15","2017-08-23 02:46:57","2017-08-23 14:13:30","2017-09-02 13:30:12","2017-09-22 00:00:00",Tuesday,August,2017,August-2017,delivered,35ebf843a8ae15a2ec5e2467f811c593-1
387,3921700d2866038326e6fa0b48962e35,1,c09880500ad047129ba8705553ee6ecb,19d923980f3a02942edb6d2b88a01df9,17025,bauru,SP,40d2d9ba581281d77c9544854fbe1fd9,brinquedos,15,438,2,500,30,15,25,6426d21aca402a131fc0a5d0960a3c90,"ribeirao preto",SP,14091,credit_card,1,1,39.9,13.37,53.27,"2017-09-19 21:05:43","2017-09-13 20:54:34","2017-09-13 21:05:43","2017-09-14 15:43:50","2017-09-18 19:56:49","2017-09-29 00:00:00",Wednesday,September,2017,September-2017,delivered,3921700d2866038326e6fa0b48962e35-1
388,5118fc0388588e95a1eb25564d1a3946,1,2d973038f385e0f9d252f6662ecb9c39,6b514910816e98846a36ad2ced7e5d37,65066,"sao luis",MA,562f0027bf0b43b487536b01b2002a3e,cama_mesa_banho,25,478,3,1100,21,29,17,6426d21aca402a131fc0a5d0960a3c90,"ribeirao preto",SP,14091,credit_card,1,4,79.9,38.11,118.01,"2017-08-28 22:35:22","2017-08-22 22:21:48","2017-08-22 22:35:22","2017-08-23 14:13:31","2017-09-04 22:39:18","2017-09-26 00:00:00",Tuesday,August,2017,August-2017,delivered,5118fc0388588e95a1eb25564d1a3946-1
389,6878dd8f91f3b3ee7fa8edbea6c3af45,1,86c9a39c17fae370a496545e5d9a324c,369ac2454c4b3e699137e19d6a03471b,13202,jundiai,SP,562f0027bf0b43b487536b01b2002a3e,cama_mesa_banho,25,478,3,1100,21,29,17,6426d21aca402a131fc0a5d0960a3c90,"ribeirao preto",SP,14091,boleto,1,1,79.9,13.58,93.48,"2017-09-12 04:25:48","2017-09-02 16:57:50","2017-09-05 04:25:48","2017-09-05 14:49:47","2017-09-11 22:16:28","2017-09-21 00:00:00",Saturday,September,2017,September-2017,delivered,6878dd8f91f3b3ee7fa8edbea6c3af45-1
390,ad7af94fde1de7cae7f6aea90e45823b,1,a8a812ac63050ceaaaa30a9fa3a0db1e,526af4bf24e80b6d5a2972540b61fd85,84168,castro,PR,562f0027bf0b43b487536b01b2002a3e,cama_mesa_banho,25,478,3,1100,21,29,17,6426d21aca402a131fc0a5d0960a3c90,"ribeirao preto",SP,14091,credit_card,1,8,75.99,17.78,93.77,"2017-08-17 16:50:12","2017-08-13 16:38:05","2017-08-13 16:50:12","2017-08-14 15:19:47","2017-08-21 18:47:44","2017-09-05 00:00:00",Sunday,August,2017,August-2017,delivered,ad7af94fde1de7cae7f6aea90e45823b-1
391,5be6e9f87bc75b1fc82974ba71ba94f0,1,defb9c0a86e272b0fb45cb143176fb8a,ccf440dd0a7cb1ceac07b9cd3b9b63a6,73900,posse,GO,d8f621c2b03d05f32d7a5a856db76953,esporte_lazer,43,524,1,200,18,7,14,6426d21aca402a131fc0a5d0960a3c90,"ribeirao preto",SP,14091,credit_card,1,3,49.9,15.1,65,"2017-07-05 14:25:18","2017-06-29 14:15:38","2017-06-29 14:25:18","2017-06-29 14:47:09","2017-07-12 16:23:33","2017-07-27 00:00:00",Thursday,June,2017,June-2017,delivered,5be6e9f87bc75b1fc82974ba71ba94f0-1
392,de4acd78231cc999a22fdba3a4dd348d,1,1579a4f55a1c6707bec3dd05c84f9204,2280ecb8db2591c39d1c7d3e9caa115c,8810,"mogi das cruzes",SP,979c7bf658f39ff4d6459fe7c397bfea,utilidades_domesticas,43,542,4,1600,38,20,16,6426d21aca402a131fc0a5d0960a3c90,"ribeirao preto",SP,14091,credit_card,1,2,72.9,13.53,86.43,"2017-08-31 15:30:10","2017-08-27 14:24:29","2017-08-27 15:30:10","2017-08-29 22:42:01","2017-08-31 13:24:26","2017-09-14 00:00:00",Sunday,August,2017,August-2017,delivered,de4acd78231cc999a22fdba3a4dd348d-1
393,f1dfaa2d6bf27637f8996f170eb3de79,1,67e000a48b561326797f273e60821243,0a5c0f668ba756072a329f054a4d842b,4914,"sao paulo",SP,ca86ba8060f4ced18a06aabd5449028c,utilidades_domesticas,32,507,1,800,38,20,16,6426d21aca402a131fc0a5d0960a3c90,"ribeirao preto",SP,14091,boleto,1,1,39.9,12.69,52.59,"2017-10-10 02:49:23","2017-10-02 21:37:12","2017-10-04 02:49:23","2017-10-04 14:22:28","2017-10-09 20:43:48","2017-10-24 00:00:00",Monday,October,2017,October-2017,delivered,f1dfaa2d6bf27637f8996f170eb3de79-1
394,00054e8431b9d7675808bcb819fb4a32,1,32e2e6ab09e778d99bf2e0ecd4898718,635d9ac1680f03288e72ada3a1035803,16700,guararapes,SP,8d4f2bb7e93e6710a28f34fa83ee7d28,telefonia,52,815,1,200,27,5,20,7040e82f899a04d1b434b795a43b4617,"sao paulo",SP,1026,credit_card,1,1,19.9,11.85,31.75,"2017-12-14 12:10:31","2017-12-10 11:53:48","2017-12-10 12:10:31","2017-12-12 01:07:48","2017-12-18 22:03:38","2018-01-04 00:00:00",Sunday,December,2017,December-2017,delivered,00054e8431b9d7675808bcb819fb4a32-1
395,2df5ebb637dfe6f39497c081655a0275,1,44305c726f079031aa4dec593ec9cd37,01e66e20cc67536e6fa27878ed07ad0a,45656,ilheus,BA,8d4f2bb7e93e6710a28f34fa83ee7d28,telefonia,52,815,1,200,27,5,20,7040e82f899a04d1b434b795a43b4617,"sao paulo",SP,1026,credit_card,1,1,19.9,16.79,36.69,"2018-02-07 02:10:33","2018-01-31 00:46:48","2018-02-01 02:10:33","2018-02-03 15:08:33","2018-02-23 22:04:55","2018-03-02 00:00:00",Wednesday,January,2018,January-2018,delivered,2df5ebb637dfe6f39497c081655a0275-1
396,905bd749100612f28936959483361129,1,95fa98658683be343be03b8135d89ce2,2f0efa6c35f7a04c0ccb3f78d1df660a,38800,"sao gotardo",MG,8d4f2bb7e93e6710a28f34fa83ee7d28,telefonia,52,815,1,200,27,5,20,7040e82f899a04d1b434b795a43b4617,"sao paulo",SP,1026,boleto,1,1,15.9,15.1,31,"2017-12-04 03:33:17","2017-11-26 12:40:46","2017-11-28 03:38:44","2017-12-01 01:24:40","2017-12-12 22:47:35","2017-12-20 00:00:00",Sunday,November,2017,November-2017,delivered,905bd749100612f28936959483361129-1
397,048cc42e03ca8d43c729adf6962cb348,1,12a2c614dfc8926e793516b1638c7471,7139ee1d2ad919a82b6e68a29582264e,6519,"santana de parnaiba",SP,6a2fb4dd53d2cdb88e0432f1284a004c,perfumaria,39,346,2,400,27,5,20,7040e82f899a04d1b434b795a43b4617,"sao paulo",SP,1026,credit_card,1,1,16.9,7.78,24.68,"2017-11-23 21:31:31","2017-11-16 21:28:00","2017-11-17 21:35:39","2017-11-21 22:14:50","2017-11-23 15:39:38","2017-11-29 00:00:00",Thursday,November,2017,November-2017,delivered,048cc42e03ca8d43c729adf6962cb348-1
398,5fa78e91b5cb84b6a8ccc42733f95742,1,c15eed3881abc9e06763c989679c5094,48d6d950c0aba132537fc335c0c56e01,5893,"sao paulo",SP,6a2fb4dd53d2cdb88e0432f1284a004c,perfumaria,39,346,2,400,27,5,20,7040e82f899a04d1b434b795a43b4617,"sao paulo",SP,1026,voucher,1,1,16.9,7.78,24.68,"2017-12-14 16:33:14","2017-11-30 01:51:23","2017-12-08 16:33:14","2017-12-09 00:53:08","2017-12-13 20:52:32","2017-12-18 00:00:00",Thursday,November,2017,November-2017,delivered,5fa78e91b5cb84b6a8ccc42733f95742-1
399,0654ec8b2a748a63a67ea1e763857357,1,0ddec1e0f5e5fcc429b215af8b967b33,367f42733f0ea6320603ae4c8cdcb403,9931,diadema,SP,7c4a8bec217df1de0df2b5aaf8175b65,audio,58,675,2,167,16,4,11,7040e82f899a04d1b434b795a43b4617,"sao paulo",SP,1026,credit_card,1,1,19.9,7.78,27.68,"2017-11-01 06:35:20","2017-10-26 06:25:01","2017-10-26 06:35:20","2017-10-26 19:18:13","2017-10-30 17:55:50","2017-11-08 00:00:00",Thursday,October,2017,October-2017,delivered,0654ec8b2a748a63a67ea1e763857357-1
400,1109a323a5e20da772a2f7b3cb0f9af7,1,892d0f0cbb0f1575faf3563f15bcfba0,2d489f002755a46455a166e4deec2f36,15900,taquaritinga,SP,7c4a8bec217df1de0df2b5aaf8175b65,audio,58,675,2,167,16,4,11,7040e82f899a04d1b434b795a43b4617,"sao paulo",SP,1026,credit_card,1,1,14.9,12.79,27.69,"2018-07-26 10:32:11","2018-07-22 20:03:44","2018-07-23 12:32:03","2018-07-24 15:02:00","2018-07-30 13:31:45","2018-08-07 00:00:00",Sunday,July,2018,July-2018,delivered,1109a323a5e20da772a2f7b3cb0f9af7-1
401,113a61c584df74eef5d2f6e449d2890e,1,45c3116824672fd443b1f5d6dcb299cd,a096deeb6ffacc02fa4efedd3c855767,93315,"novo hamburgo",RS,7c4a8bec217df1de0df2b5aaf8175b65,audio,58,675,2,167,16,4,11,7040e82f899a04d1b434b795a43b4617,"sao paulo",SP,1026,credit_card,1,1,19.9,14.1,34,"2017-11-29 18:50:41","2017-11-23 18:39:31","2017-11-23 18:50:41","2017-11-25 11:53:23","2017-12-05 15:47:49","2017-12-20 00:00:00",Thursday,November,2017,November-2017,delivered,113a61c584df74eef5d2f6e449d2890e-1
402,1ce0d4e564057882e017216607a2c196,1,69348267a5b2868e605dcfb793aac39a,8b116b6c7a709e52e83ff5d68d4f01fd,97544,alegrete,RS,7c4a8bec217df1de0df2b5aaf8175b65,audio,58,675,2,167,16,4,11,7040e82f899a04d1b434b795a43b4617,"sao paulo",SP,1026,boleto,1,1,14.9,15.1,30,"2017-11-30 05:19:21","2017-11-24 16:12:44","2017-11-25 05:19:21","2017-11-25 15:17:38","2017-12-04 18:23:53","2017-12-27 00:00:00",Friday,November,2017,November-2017,delivered,1ce0d4e564057882e017216607a2c196-1
403,1d28088d0d3f5967393dad85006377b2,1,a8f4082789d3e57641eb1b6a881d95a0,723f64c8dc689107ec98ba5bf580efad,8461,"sao paulo",SP,7c4a8bec217df1de0df2b5aaf8175b65,audio,58,675,2,167,16,4,11,7040e82f899a04d1b434b795a43b4617,"sao paulo",SP,1026,boleto,1,1,19.9,7.78,27.68,"2017-10-11 03:04:21","2017-10-04 13:20:09","2017-10-05 03:04:21","2017-10-06 21:22:42","2017-10-11 17:13:24","2017-10-23 00:00:00",Wednesday,October,2017,October-2017,delivered,1d28088d0d3f5967393dad85006377b2-1
404,1e80928c1e41dacaab0a0409f3e0b130,1,8d13546034f81871cef875dbc84580c2,e84ef43d709453f72e9de640ebe15566,41207,salvador,BA,7c4a8bec217df1de0df2b5aaf8175b65,audio,58,675,2,167,16,4,11,7040e82f899a04d1b434b795a43b4617,"sao paulo",SP,1026,credit_card,1,3,19.9,15.79,35.69,"2017-10-13 05:33:55","2017-10-06 00:31:03","2017-10-06 05:33:55","2017-10-09 22:16:37","2017-11-07 21:14:56","2017-11-03 00:00:00",Friday,October,2017,October-2017,delivered,1e80928c1e41dacaab0a0409f3e0b130-1
405,21fbb7ffe47d9cc3a504f6ac4ee24c9a,1,4875ee0c667adc19c074d48b862bae0d,98656098821004280b916203db00398b,21550,"rio de janeiro",RJ,7c4a8bec217df1de0df2b5aaf8175b65,audio,58,675,2,167,16,4,11,7040e82f899a04d1b434b795a43b4617,"sao paulo",SP,1026,credit_card,1,1,14.9,15.23,60.26,"2018-08-29 12:15:19","2018-08-23 11:59:25","2018-08-23 12:15:19","2018-08-23 15:21:00","2018-08-28 17:33:04","2018-09-12 00:00:00",Thursday,August,2018,August-2018,delivered,21fbb7ffe47d9cc3a504f6ac4ee24c9a-1
406,21fbb7ffe47d9cc3a504f6ac4ee24c9a,2,4875ee0c667adc19c074d48b862bae0d,98656098821004280b916203db00398b,21550,"rio de janeiro",RJ,7c4a8bec217df1de0df2b5aaf8175b65,audio,58,675,2,167,16,4,11,7040e82f899a04d1b434b795a43b4617,"sao paulo",SP,1026,credit_card,1,1,14.9,15.23,60.26,"2018-08-29 12:15:19","2018-08-23 11:59:25","2018-08-23 12:15:19","2018-08-23 15:21:00","2018-08-28 17:33:04","2018-09-12 00:00:00",Thursday,August,2018,August-2018,delivered,21fbb7ffe47d9cc3a504f6ac4ee24c9a-2
407,28abc29a8eb4b7bef7ce1cb43dd3cc36,1,951c6201fef0092532103147c7c34f8e,1d095e614da719e9fff3d64037603cca,29169,serra,ES,7c4a8bec217df1de0df2b5aaf8175b65,audio,58,675,2,167,16,4,11,7040e82f899a04d1b434b795a43b4617,"sao paulo",SP,1026,credit_card,1,2,14.9,14.1,29,"2017-11-30 21:31:28","2017-11-24 18:08:21","2017-11-24 21:33:28","2017-11-25 15:23:09","2017-12-04 19:15:03","2017-12-15 00:00:00",Friday,November,2017,November-2017,delivered,28abc29a8eb4b7bef7ce1cb43dd3cc36-1
408,2adcc6d21c5ae646d76e2a62e1388eb4,1,e7cacd890ee7f47989b72a93b50ba5ad,869d704a8bad76e1e8b0abcde28a93a5,60741,fortaleza,CE,7c4a8bec217df1de0df2b5aaf8175b65,audio,58,675,2,167,16,4,11,7040e82f899a04d1b434b795a43b4617,"sao paulo",SP,1026,boleto,1,1,14.9,19.04,33.94,"2018-08-15 03:25:41","2018-08-08 23:41:21","2018-08-10 03:25:41","2018-08-10 15:08:00","2018-08-23 16:36:39","2018-09-17 00:00:00",Wednesday,August,2018,August-2018,delivered,2adcc6d21c5ae646d76e2a62e1388eb4-1
409,2d8a0bc4abbb7bbb3a420f2219f02f93,1,4c80c9c4f15db841f85d24b515c68ba2,7f6611fcb714cdefe7b41d8d7ff793d6,28085,"campos dos goytacazes",RJ,7c4a8bec217df1de0df2b5aaf8175b65,audio,58,675,2,167,16,4,11,7040e82f899a04d1b434b795a43b4617,"sao paulo",SP,1026,voucher,1,1,14.9,18.23,33.13,"2018-06-27 21:58:43","2018-06-22 21:39:34","2018-06-22 21:58:43","2018-06-26 14:33:00","2018-06-29 17:41:09","2018-07-20 00:00:00",Friday,June,2018,June-2018,delivered,2d8a0bc4abbb7bbb3a420f2219f02f93-1
410,329daaca8f5a3ab07c97b99a0fe5f23c,1,86b86704b0fc270bdeb45b216b40c305,4b3bb6a96863c6ec44be8e01305d4417,13219,jundiai,SP,7c4a8bec217df1de0df2b5aaf8175b65,audio,58,675,2,167,16,4,11,7040e82f899a04d1b434b795a43b4617,"sao paulo",SP,1026,credit_card,1,1,19.9,7.78,27.68,"2018-02-05 18:15:31","2018-01-30 17:58:36","2018-01-30 18:15:31","2018-02-02 01:41:00","2018-02-07 21:57:42","2018-02-15 00:00:00",Tuesday,January,2018,January-2018,delivered,329daaca8f5a3ab07c97b99a0fe5f23c-1
411,33cd2b3de2ec32a78518fd9a66c98641,1,eb0c867b626b00b70a9995eb0333ff47,231d7c4162f5f1fb24a3066d21f6bd67,4112,"sao paulo",SP,7c4a8bec217df1de0df2b5aaf8175b65,audio,58,675,2,167,16,4,11,7040e82f899a04d1b434b795a43b4617,"sao paulo",SP,1026,credit_card,1,1,19.9,7.78,27.68,"2017-11-17 11:10:36","2017-11-10 11:00:27","2017-11-10 11:11:06","2017-11-10 19:52:04","2017-11-13 15:17:46","2017-11-24 00:00:00",Friday,November,2017,November-2017,delivered,33cd2b3de2ec32a78518fd9a66c98641-1
412,3a02bd4d9f710f7720c8e36d15bbc6d1,1,bf3ed42ce38f47bc8601e89ab81dab0d,4b8d86de9c80fd007f807bd34cd72145,30710,"belo horizonte",MG,7c4a8bec217df1de0df2b5aaf8175b65,audio,58,675,2,167,16,4,11,7040e82f899a04d1b434b795a43b4617,"sao paulo",SP,1026,boleto,1,1,19.9,14.1,34,"2017-11-03 03:06:59","2017-10-26 10:15:18","2017-10-28 03:07:30","2017-10-31 19:43:59","2017-11-07 19:28:40","2017-11-16 00:00:00",Thursday,October,2017,October-2017,delivered,3a02bd4d9f710f7720c8e36d15bbc6d1-1
413,3c69501ebecddb728391d2803da61bc9,1,b04a99794ac85a91811678bfec0b441f,9bbb6d6f5cebf793ebd291fde9fb9d75,29175,serra,ES,7c4a8bec217df1de0df2b5aaf8175b65,audio,58,675,2,167,16,4,11,7040e82f899a04d1b434b795a43b4617,"sao paulo",SP,1026,boleto,1,1,19.9,14.1,34,"2018-02-08 02:53:51","2018-02-01 23:32:42","2018-02-03 02:53:51","2018-02-06 18:28:54","2018-02-22 01:28:59","2018-02-26 00:00:00",Thursday,February,2018,February-2018,delivered,3c69501ebecddb728391d2803da61bc9-1
414,3e10dede8b18c0d08dde472a87faeed1,1,8e01d183e8e9f678a3c2df1b42dfd22c,8734b412eef4d941fc4a40a22b985071,29165,serra,ES,7c4a8bec217df1de0df2b5aaf8175b65,audio,58,675,2,167,16,4,11,7040e82f899a04d1b434b795a43b4617,"sao paulo",SP,1026,boleto,1,1,14.9,15.23,30.13,"2018-06-28 18:16:01","2018-06-22 10:42:46","2018-06-22 18:16:01","2018-06-25 14:45:00","2018-06-29 14:21:57","2018-07-19 00:00:00",Friday,June,2018,June-2018,delivered,3e10dede8b18c0d08dde472a87faeed1-1
415,3e973e154fa0787c8f507fc0929c96a1,1,dd246f1ceb6e1c4742ced540497fd034,ca803e020942e8a6c8db6489a16ebc59,13218,jundiai,SP,7c4a8bec217df1de0df2b5aaf8175b65,audio,58,675,2,167,16,4,11,7040e82f899a04d1b434b795a43b4617,"sao paulo",SP,1026,credit_card,1,1,19.9,7.78,27.68,"2017-12-21 21:36:29","2017-12-15 21:26:00","2017-12-15 21:36:29","2017-12-19 02:21:42","2017-12-22 16:26:01","2018-01-04 00:00:00",Friday,December,2017,December-2017,delivered,3e973e154fa0787c8f507fc0929c96a1-1
416,4c612311c4c424c8ccf682de9b443659,1,78337577a7b3160393cf5f5e69f13d52,2dd1d99c3ff427b74f938c2daf370622,14760,ibitiuva,SP,7c4a8bec217df1de0df2b5aaf8175b65,audio,58,675,2,167,16,4,11,7040e82f899a04d1b434b795a43b4617,"sao paulo",SP,1026,boleto,1,1,14.9,12.79,27.69,"2018-08-15 03:24:35","2018-08-09 06:35:43","2018-08-10 03:24:35","2018-08-10 15:10:00","2018-08-16 00:28:30","2018-08-27 00:00:00",Thursday,August,2018,August-2018,delivered,4c612311c4c424c8ccf682de9b443659-1
417,509e842f25a95f3f7d53fec4c0b66501,1,55ee78889eccfefb08eaa053d161d1cf,a57a9fcc0e53020ab47b3051ea497494,6365,carapicuiba,SP,7c4a8bec217df1de0df2b5aaf8175b65,audio,58,675,2,167,16,4,11,7040e82f899a04d1b434b795a43b4617,"sao paulo",SP,1026,credit_card,1,1,19.9,7.78,27.68,"2017-10-26 19:49:33","2017-10-21 19:37:10","2017-10-21 19:49:33","2017-10-24 18:57:40","2017-10-31 15:16:05","2017-11-03 00:00:00",Saturday,October,2017,October-2017,delivered,509e842f25a95f3f7d53fec4c0b66501-1
418,61c1e3cb15d9537106e729de9d839b6b,1,160ad5582eefd624723f85ae2a8adc17,49ee375ceee4fd880604a7c600e54bd3,31960,"belo horizonte",MG,7c4a8bec217df1de0df2b5aaf8175b65,audio,58,675,2,167,16,4,11,7040e82f899a04d1b434b795a43b4617,"sao paulo",SP,1026,credit_card,1,2,14.9,15.23,30.13,"2018-03-26 20:48:14","2018-03-20 20:26:54","2018-03-20 20:48:14","2018-03-22 21:18:52","2018-04-18 17:19:40","2018-04-06 00:00:00",Tuesday,March,2018,March-2018,delivered,61c1e3cb15d9537106e729de9d839b6b-1
419,66992d85a03399bdd59dde2b786c8e31,1,09a96fd349ea0b1ab69fc3b5ff0d46cd,37299efb180b2176b103d313774e5fd6,31260,"belo horizonte",MG,7c4a8bec217df1de0df2b5aaf8175b65,audio,58,675,2,167,16,4,11,7040e82f899a04d1b434b795a43b4617,"sao paulo",SP,1026,credit_card,1,2,15.9,14.1,30,"2017-10-13 11:56:25","2017-10-06 11:17:01","2017-10-06 11:56:25","2017-10-09 22:14:15","2017-10-16 19:25:36","2017-10-31 00:00:00",Friday,October,2017,October-2017,delivered,66992d85a03399bdd59dde2b786c8e31-1
420,6ac7e852b9acd63429f9b6ac61ae165a,1,580d00c08e142c3ab462caed4eb94d78,1600d3c2e067a36e34255f8457ed2eab,64057,teresina,PI,7c4a8bec217df1de0df2b5aaf8175b65,audio,58,675,2,167,16,4,11,7040e82f899a04d1b434b795a43b4617,"sao paulo",SP,1026,boleto,1,1,14.9,22.85,37.75,"2018-07-30 02:55:23","2018-07-24 10:56:43","2018-07-25 02:55:23","2018-07-25 15:08:00","2018-08-09 10:12:33","2018-08-10 00:00:00",Tuesday,July,2018,July-2018,delivered,6ac7e852b9acd63429f9b6ac61ae165a-1
421,728d0d2a7f33afc28a73a8c3205072b4,1,540740333023daf16cb9792b6fa2f03a,01196e80f5309cb251220a6a5b3f57f5,22281,"rio de janeiro",RJ,7c4a8bec217df1de0df2b5aaf8175b65,audio,58,675,2,167,16,4,11,7040e82f899a04d1b434b795a43b4617,"sao paulo",SP,1026,boleto,1,1,14.9,15.23,30.13,"2018-04-10 03:29:42","2018-04-03 13:05:59","2018-04-04 03:29:42","2018-04-04 20:17:25","2018-04-20 13:33:12","2018-05-10 00:00:00",Tuesday,April,2018,April-2018,delivered,728d0d2a7f33afc28a73a8c3205072b4-1
422,7c05844d6fbffa854241d754f38236b2,1,0a6a72b2618f517c0ea6c4c43037e610,6eefa309faab7725bf4b9dce147e4ae6,15930,"candido rodrigues",SP,7c4a8bec217df1de0df2b5aaf8175b65,audio,58,675,2,167,16,4,11,7040e82f899a04d1b434b795a43b4617,"sao paulo",SP,1026,credit_card,1,3,19.9,11.85,31.75,"2017-12-21 16:18:29","2017-12-17 15:38:02","2017-12-17 16:18:29","2017-12-18 19:03:36","2017-12-23 12:48:49","2018-01-11 00:00:00",Sunday,December,2017,December-2017,delivered,7c05844d6fbffa854241d754f38236b2-1
423,8651593cf99a9174e4b9fa453ddacf49,1,03a17587335e8de93ffc1cae3a515cab,6ae10b5b738375e37484b37f8039ed25,4209,"sao paulo",SP,7c4a8bec217df1de0df2b5aaf8175b65,audio,58,675,2,167,16,4,11,7040e82f899a04d1b434b795a43b4617,"sao paulo",SP,1026,credit_card,1,1,19.9,7.78,27.68,"2017-10-23 21:36:02","2017-10-17 21:21:20","2017-10-17 21:36:02","2017-10-18 22:15:54","2017-10-19 17:19:04","2017-10-27 00:00:00",Tuesday,October,2017,October-2017,delivered,8651593cf99a9174e4b9fa453ddacf49-1
424,9373150545066777b1cd2bc20e93cf8e,1,622b07d262d545d16efbd4363a89cb91,0d92f6772c38f299cbe7b9b56e2135a3,17013,bauru,SP,7c4a8bec217df1de0df2b5aaf8175b65,audio,58,675,2,167,16,4,11,7040e82f899a04d1b434b795a43b4617,"sao paulo",SP,1026,credit_card,1,1,19.9,11.85,31.75,"2017-12-05 09:49:10","2017-11-29 09:31:55","2017-11-29 09:49:10","2017-12-01 18:42:15","2017-12-14 22:18:23","2017-12-19 00:00:00",Wednesday,November,2017,November-2017,delivered,9373150545066777b1cd2bc20e93cf8e-1
425,94a4c515439bdf79c3380fd5372f516c,1,da181e0b77b202c246e47de9c723ddf9,77cb7e6834fcba5aedaa7c92d17504e2,6333,carapicuiba,SP,7c4a8bec217df1de0df2b5aaf8175b65,audio,58,675,2,167,16,4,11,7040e82f899a04d1b434b795a43b4617,"sao paulo",SP,1026,credit_card,1,1,14.9,7.39,44.58,"2018-07-25 16:15:12","2018-07-21 16:04:17","2018-07-21 16:15:12","2018-07-24 15:04:00","2018-07-26 16:03:47","2018-08-01 00:00:00",Saturday,July,2018,July-2018,delivered,94a4c515439bdf79c3380fd5372f516c-1
426,94a4c515439bdf79c3380fd5372f516c,2,da181e0b77b202c246e47de9c723ddf9,77cb7e6834fcba5aedaa7c92d17504e2,6333,carapicuiba,SP,7c4a8bec217df1de0df2b5aaf8175b65,audio,58,675,2,167,16,4,11,7040e82f899a04d1b434b795a43b4617,"sao paulo",SP,1026,credit_card,1,1,14.9,7.39,44.58,"2018-07-25 16:15:12","2018-07-21 16:04:17","2018-07-21 16:15:12","2018-07-24 15:04:00","2018-07-26 16:03:47","2018-08-01 00:00:00",Saturday,July,2018,July-2018,delivered,94a4c515439bdf79c3380fd5372f516c-2
427,94c753ff371f05e68a157809f9cda46d,1,1859ce3050c0ead77fca48bdfaea5b4f,96149645eced5018eb9dfaa8c6d1f69b,47810,barreiras,BA,7c4a8bec217df1de0df2b5aaf8175b65,audio,58,675,2,167,16,4,11,7040e82f899a04d1b434b795a43b4617,"sao paulo",SP,1026,boleto,1,1,19.9,16.79,36.69,"2017-11-13 04:15:37","2017-11-03 00:15:22","2017-11-07 07:30:45","2017-11-08 21:27:04","2017-11-23 18:22:18","2017-11-29 00:00:00",Friday,November,2017,November-2017,delivered,94c753ff371f05e68a157809f9cda46d-1
428,9b643bf8a8614206d936530d416aef57,1,e1b64e8d881811f9914cc891ab48ee89,5995c21133c9ac12c6da5253daf5b40c,83703,araucaria,PR,7c4a8bec217df1de0df2b5aaf8175b65,audio,58,675,2,167,16,4,11,7040e82f899a04d1b434b795a43b4617,"sao paulo",SP,1026,credit_card,1,1,19.9,14.1,34,"2017-11-28 11:54:27","2017-11-22 11:42:43","2017-11-22 11:54:27","2017-11-23 20:29:19","2017-12-19 16:04:42","2017-12-11 00:00:00",Wednesday,November,2017,November-2017,delivered,9b643bf8a8614206d936530d416aef57-1
429,be3e82e85f91b973f1fbc0c75fb1b465,1,eb16dc79e70959059786731181942922,6935d9d7a84826ccddecdbde0b117a94,12233,"sao jose dos campos",SP,7c4a8bec217df1de0df2b5aaf8175b65,audio,58,675,2,167,16,4,11,7040e82f899a04d1b434b795a43b4617,"sao paulo",SP,1026,voucher,1,1,14.9,7.39,22.29,"2018-07-13 15:07:12","2018-07-10 14:51:40","2018-07-10 15:07:12","2018-07-11 15:23:00","2018-07-13 14:42:38","2018-07-19 00:00:00",Tuesday,July,2018,July-2018,delivered,be3e82e85f91b973f1fbc0c75fb1b465-1
430,c5f2bd6122735f3362d5acc3e1df7e01,1,d93762da7e60d37f9d0293356feadba2,169502e0aba22c4cc43001e96d36872e,17514,marilia,SP,7c4a8bec217df1de0df2b5aaf8175b65,audio,58,675,2,167,16,4,11,7040e82f899a04d1b434b795a43b4617,"sao paulo",SP,1026,boleto,1,1,19.9,11.85,31.75,"2017-10-26 02:49:23","2017-10-19 11:07:06","2017-10-21 02:49:23","2017-10-25 09:54:52","2017-10-30 15:53:03","2017-11-07 00:00:00",Thursday,October,2017,October-2017,delivered,c5f2bd6122735f3362d5acc3e1df7e01-1
431,c5fd5386640ddd76adc482b72d24a02b,1,1317dfa9a96a4af1ad9bf06a6f12f1f5,525eb1a84ca6c1c0df03dcafaf9c0afc,13183,hortolandia,SP,7c4a8bec217df1de0df2b5aaf8175b65,audio,58,675,2,167,16,4,11,7040e82f899a04d1b434b795a43b4617,"sao paulo",SP,1026,voucher,2,1,14.9,7.39,5.79,"2018-08-09 05:30:40","2018-08-06 05:20:01","2018-08-06 05:35:14","2018-08-06 15:38:00","2018-08-08 13:41:36","2018-08-13 00:00:00",Monday,August,2018,August-2018,delivered,c5fd5386640ddd76adc482b72d24a02b-1
432,c5fd5386640ddd76adc482b72d24a02b,1,1317dfa9a96a4af1ad9bf06a6f12f1f5,525eb1a84ca6c1c0df03dcafaf9c0afc,13183,hortolandia,SP,7c4a8bec217df1de0df2b5aaf8175b65,audio,58,675,2,167,16,4,11,7040e82f899a04d1b434b795a43b4617,"sao paulo",SP,1026,voucher,3,1,14.9,7.39,5.79,"2018-08-09 05:30:40","2018-08-06 05:20:01","2018-08-06 05:35:14","2018-08-06 15:38:00","2018-08-08 13:41:36","2018-08-13 00:00:00",Monday,August,2018,August-2018,delivered,c5fd5386640ddd76adc482b72d24a02b-1
433,c5fd5386640ddd76adc482b72d24a02b,1,1317dfa9a96a4af1ad9bf06a6f12f1f5,525eb1a84ca6c1c0df03dcafaf9c0afc,13183,hortolandia,SP,7c4a8bec217df1de0df2b5aaf8175b65,audio,58,675,2,167,16,4,11,7040e82f899a04d1b434b795a43b4617,"sao paulo",SP,1026,credit_card,1,1,14.9,7.39,4.92,"2018-08-09 05:30:40","2018-08-06 05:20:01","2018-08-06 05:35:14","2018-08-06 15:38:00","2018-08-08 13:41:36","2018-08-13 00:00:00",Monday,August,2018,August-2018,delivered,c5fd5386640ddd76adc482b72d24a02b-1
434,c5fd5386640ddd76adc482b72d24a02b,1,1317dfa9a96a4af1ad9bf06a6f12f1f5,525eb1a84ca6c1c0df03dcafaf9c0afc,13183,hortolandia,SP,7c4a8bec217df1de0df2b5aaf8175b65,audio,58,675,2,167,16,4,11,7040e82f899a04d1b434b795a43b4617,"sao paulo",SP,1026,voucher,4,1,14.9,7.39,5.79,"2018-08-09 05:30:40","2018-08-06 05:20:01","2018-08-06 05:35:14","2018-08-06 15:38:00","2018-08-08 13:41:36","2018-08-13 00:00:00",Monday,August,2018,August-2018,delivered,c5fd5386640ddd76adc482b72d24a02b-1
435,c72588a7cac72efbf2189a48d12ab61d,1,31c779d3dcacd9eb78bf03170581a958,552359aee12150dacfdd0a76eb31f40e,9811,"sao bernardo do campo",SP,7c4a8bec217df1de0df2b5aaf8175b65,audio,58,675,2,167,16,4,11,7040e82f899a04d1b434b795a43b4617,"sao paulo",SP,1026,credit_card,1,1,19.9,7.78,27.68,"2017-12-21 10:10:05","2017-12-17 09:57:06","2017-12-17 10:10:05","2017-12-20 00:21:37","2017-12-20 14:39:13","2018-01-05 00:00:00",Sunday,December,2017,December-2017,delivered,c72588a7cac72efbf2189a48d12ab61d-1
436,c90e15a8d750212aa19ac74b22a39493,1,8976ae1c6e4275a2630fcec10027d081,59d7dd5099fcbc0a7443e069e1f158eb,22430,"rio de janeiro",RJ,7c4a8bec217df1de0df2b5aaf8175b65,audio,58,675,2,167,16,4,11,7040e82f899a04d1b434b795a43b4617,"sao paulo",SP,1026,credit_card,1,1,19.9,15.23,35.13,"2018-04-30 18:30:49","2018-04-24 17:38:18","2018-04-24 19:19:33","2018-04-25 14:38:00","2018-05-01 02:38:39","2018-05-28 00:00:00",Tuesday,April,2018,April-2018,delivered,c90e15a8d750212aa19ac74b22a39493-1
437,d2337a41d3e791baab0721d029477897,1,a64c2441d155b7d60476fbfe51d87871,9fc505667c278d9f7999320a93474a1c,71917,brasilia,DF,7c4a8bec217df1de0df2b5aaf8175b65,audio,58,675,2,167,16,4,11,7040e82f899a04d1b434b795a43b4617,"sao paulo",SP,1026,credit_card,1,1,19.9,14.1,34,"2017-12-06 14:31:34","2017-11-30 14:18:30","2017-11-30 14:35:05","2017-12-02 00:58:39","2017-12-07 20:16:41","2017-12-26 00:00:00",Thursday,November,2017,November-2017,delivered,d2337a41d3e791baab0721d029477897-1
438,d34bf1d98a956e38ca2dd1bd44f395ae,1,2aa73498fc6fe0afcdc0804f3080ac72,546ed56ed469aa89580be8bb1b51a6fc,1123,"sao paulo",SP,7c4a8bec217df1de0df2b5aaf8175b65,audio,58,675,2,167,16,4,11,7040e82f899a04d1b434b795a43b4617,"sao paulo",SP,1026,credit_card,1,1,19.9,7.78,27.68,"2017-10-02 16:49:35","2017-09-26 16:35:42","2017-09-26 16:49:35","2017-09-27 18:54:58","2017-10-06 18:04:05","2017-10-11 00:00:00",Tuesday,September,2017,September-2017,delivered,d34bf1d98a956e38ca2dd1bd44f395ae-1
439,e15220c597e20a77d293f05d69bd506e,1,9e03d982aeea5eb32e6baa70855c4f2b,4c0e51abe036b613850d7d6b389e57b4,9960,diadema,SP,7c4a8bec217df1de0df2b5aaf8175b65,audio,58,675,2,167,16,4,11,7040e82f899a04d1b434b795a43b4617,"sao paulo",SP,1026,boleto,1,1,19.9,7.78,27.68,"2017-10-18 04:14:28","2017-10-10 12:39:41","2017-10-11 03:14:28","2017-10-11 21:53:55","2017-10-17 21:38:37","2017-10-23 00:00:00",Tuesday,October,2017,October-2017,delivered,e15220c597e20a77d293f05d69bd506e-1
440,ff16d15a9ee89f3b65af595178308532,1,7b47b0a45536529175e846fe1301117a,f7e8590591bc95bf247598c854a2b599,5403,"sao paulo",SP,7c4a8bec217df1de0df2b5aaf8175b65,audio,58,675,2,167,16,4,11,7040e82f899a04d1b434b795a43b4617,"sao paulo",SP,1026,debit_card,1,1,19.9,7.78,27.68,"2017-10-20 14:50:40","2017-10-16 14:18:43","2017-10-16 14:50:40","2017-10-16 21:38:37","2017-10-17 22:15:52","2017-10-26 00:00:00",Monday,October,2017,October-2017,delivered,ff16d15a9ee89f3b65af595178308532-1
441,08273b57741a2ee2f20725323393b0a2,1,422c1063e6bb4e39e0f40de0c06450e7,609696fd8317f51ea66bedeb21d71966,2129,"sao paulo",SP,d3f90867737a01e4df1ff8879e235a9a,utilidades_domesticas,39,518,1,5100,60,17,90,7040e82f899a04d1b434b795a43b4617,"sao paulo",SP,1026,credit_card,1,1,219.9,32.93,252.83,"2018-04-12 21:29:24","2018-04-08 21:10:37","2018-04-08 21:29:24","2018-04-10 02:22:01","2018-04-10 19:18:45","2018-04-25 00:00:00",Sunday,April,2018,April-2018,delivered,08273b57741a2ee2f20725323393b0a2-1
442,0c1f1a0595fb30e05d526ab83576cd24,1,e350a18244c16257e0bac342c17e3d1a,839b7048886d2386c4cdaac164e77423,5787,"sao paulo",SP,a59fb60fddcc72a9878b7ed5cb69d8e4,audio,48,424,1,200,27,5,20,7040e82f899a04d1b434b795a43b4617,"sao paulo",SP,1026,credit_card,1,1,14.9,7.39,22.29,"2018-08-31 09:30:18","2018-08-28 09:18:03","2018-08-28 09:30:39","2018-08-28 15:43:00","2018-08-30 17:32:25","2018-09-03 00:00:00",Tuesday,August,2018,August-2018,delivered,0c1f1a0595fb30e05d526ab83576cd24-1
443,0cdc74fe3f18369cdc397f87a9c4a737,1,093afa5e2f16785b06a54179fdc986c2,b6e4d8aa8df3bd5ce682be0ef338e5da,71919,brasilia,DF,a59fb60fddcc72a9878b7ed5cb69d8e4,audio,48,424,1,200,27,5,20,7040e82f899a04d1b434b795a43b4617,"sao paulo",SP,1026,credit_card,1,1,14.9,15.23,30.13,"2018-06-12 08:10:18","2018-06-04 07:55:31","2018-06-04 08:10:18","2018-06-05 13:48:00","2018-06-18 17:51:15","2018-07-11 00:00:00",Monday,June,2018,June-2018,delivered,0cdc74fe3f18369cdc397f87a9c4a737-1
444,13753a4e6ae3b0201fb95003db4af823,1,142695f924c6f0229ac86a7bc6f31609,d2f1476ef65bb7da95b24e82b82a5bb6,9655,"sao bernardo do campo",SP,a59fb60fddcc72a9878b7ed5cb69d8e4,audio,48,424,1,200,27,5,20,7040e82f899a04d1b434b795a43b4617,"sao paulo",SP,1026,credit_card,1,2,14.9,8.29,23.19,"2018-07-23 12:05:17","2018-07-18 11:56:07","2018-07-18 12:05:17","2018-07-18 15:19:00","2018-07-20 21:56:32","2018-07-27 00:00:00",Wednesday,July,2018,July-2018,delivered,13753a4e6ae3b0201fb95003db4af823-1
445,1e8b5739cd3836175c13682f71530a85,1,df031c1ab49fc29e895a7f319990dd47,65f0acd0c2488dc4bc397395197cb67a,5468,"sao paulo",SP,a59fb60fddcc72a9878b7ed5cb69d8e4,audio,48,424,1,200,27,5,20,7040e82f899a04d1b434b795a43b4617,"sao paulo",SP,1026,credit_card,1,1,14.9,7.39,22.29,"2018-07-26 10:32:41","2018-07-22 20:11:19","2018-07-23 12:32:06","2018-07-24 15:04:00","2018-07-26 22:03:59","2018-08-01 00:00:00",Sunday,July,2018,July-2018,delivered,1e8b5739cd3836175c13682f71530a85-1
446,30fe274ae9909568c501af6539d4306f,1,16fbb85003b2c83ea0ff31ed5022b9eb,3a1a5bba121ea1fc98060d58d3c812de,6823,"embu das artes",SP,a59fb60fddcc72a9878b7ed5cb69d8e4,audio,48,424,1,200,27,5,20,7040e82f899a04d1b434b795a43b4617,"sao paulo",SP,1026,credit_card,1,1,14.9,8.29,23.19,"2018-07-04 15:30:37","2018-06-29 15:09:58","2018-06-29 15:30:37","2018-07-03 16:01:00","2018-07-06 12:47:54","2018-07-16 00:00:00",Friday,June,2018,June-2018,delivered,30fe274ae9909568c501af6539d4306f-1
447,333e8c69214e02d9be6bc5b7a3e4202b,1,5fa1a866e30c0512c4bd4daac4da1979,eca62bba0746cb0228163ee488fc2467,11020,santos,SP,a59fb60fddcc72a9878b7ed5cb69d8e4,audio,48,424,1,200,27,5,20,7040e82f899a04d1b434b795a43b4617,"sao paulo",SP,1026,boleto,1,1,14.9,7.39,22.29,"2018-05-04 02:51:43","2018-04-27 15:48:26","2018-04-28 02:51:43","2018-05-02 16:11:00","2018-05-04 19:51:57","2018-05-11 00:00:00",Friday,April,2018,April-2018,delivered,333e8c69214e02d9be6bc5b7a3e4202b-1
448,35b21ed0cc9b73594a41b071693b55e4,1,4c1804fa3ef0c59a7b2f8a00618eeed1,05338561f0c4969c162f584f2d093804,2083,"sao paulo",SP,a59fb60fddcc72a9878b7ed5cb69d8e4,audio,48,424,1,200,27,5,20,7040e82f899a04d1b434b795a43b4617,"sao paulo",SP,1026,credit_card,1,1,19.9,7.78,27.68,"2018-02-14 13:20:24","2018-02-08 12:37:28","2018-02-08 13:20:24","2018-02-10 00:05:23","2018-02-16 22:48:25","2018-03-06 00:00:00",Thursday,February,2018,February-2018,delivered,35b21ed0cc9b73594a41b071693b55e4-1
449,3823f120a83e20af66f49d377207bbeb,1,1e268e4d4dd343a3d8bcb8bc78839569,0822f17656e904dee4ccbcd80419929d,8210,"sao paulo",SP,a59fb60fddcc72a9878b7ed5cb69d8e4,audio,48,424,1,200,27,5,20,7040e82f899a04d1b434b795a43b4617,"sao paulo",SP,1026,boleto,1,1,14.9,8.29,23.19,"2018-07-23 03:05:22","2018-07-17 18:18:59","2018-07-18 03:05:22","2018-07-18 15:20:00","2018-07-20 21:07:36","2018-07-26 00:00:00",Tuesday,July,2018,July-2018,delivered,3823f120a83e20af66f49d377207bbeb-1
450,3a168e53eaf8e5ae8414ebfa6ae255fa,1,96005b4abb11afe06d571867a50c9816,4f1e3e1a45fcea5f9aca5f8d6428b144,72215,brasilia,DF,a59fb60fddcc72a9878b7ed5cb69d8e4,audio,48,424,1,200,27,5,20,7040e82f899a04d1b434b795a43b4617,"sao paulo",SP,1026,boleto,1,1,14.9,15.23,30.13,"2018-04-23 05:50:42","2018-04-16 21:12:30","2018-04-17 05:50:42","2018-04-18 03:32:53","2018-04-25 11:17:00","2018-05-08 00:00:00",Monday,April,2018,April-2018,delivered,3a168e53eaf8e5ae8414ebfa6ae255fa-1
451,442d76affff0114c57a8b5e3af634638,1,8ef649ef21b6d9a16b2ddc78c9486b4b,9b51730fa415922803b46fe82216e75d,64084,teresina,PI,a59fb60fddcc72a9878b7ed5cb69d8e4,audio,48,424,1,200,27,5,20,7040e82f899a04d1b434b795a43b4617,"sao paulo",SP,1026,debit_card,2,1,14.9,22.85,37.75,"2018-04-27 10:31:10","2018-04-22 16:56:03","2018-04-24 17:44:41","2018-04-24 23:50:53","2018-05-07 12:07:53","2018-05-16 00:00:00",Sunday,April,2018,April-2018,delivered,442d76affff0114c57a8b5e3af634638-1
452,4436546aaa7d7c56c61aa5ee6785eec9,1,16359095b72f56e8541b1206ebc4c9ab,30a6dc54d77a1da02be5324d4eea8077,2927,"sao paulo",SP,a59fb60fddcc72a9878b7ed5cb69d8e4,audio,48,424,1,200,27,5,20,7040e82f899a04d1b434b795a43b4617,"sao paulo",SP,1026,debit_card,1,1,14.9,7.39,22.29,"2018-08-30 11:25:21","2018-08-23 21:19:11","2018-08-24 11:25:21","2018-08-27 15:25:00","2018-08-29 21:37:38","2018-08-30 00:00:00",Thursday,August,2018,August-2018,delivered,4436546aaa7d7c56c61aa5ee6785eec9-1
453,47a60b8da8b1f9287e940ef3d33473c0,1,c8564f088dc3ca12afd07f1515fc5386,e8f066f3824b0b4cfeffa916ab47ef34,73035,brasilia,DF,a59fb60fddcc72a9878b7ed5cb69d8e4,audio,48,424,1,200,27,5,20,7040e82f899a04d1b434b795a43b4617,"sao paulo",SP,1026,credit_card,1,1,19.9,15.23,35.13,"2018-03-22 01:08:37","2018-03-17 00:48:51","2018-03-17 01:08:37","2018-03-20 01:48:46","2018-04-11 01:16:46","2018-04-09 00:00:00",Saturday,March,2018,March-2018,delivered,47a60b8da8b1f9287e940ef3d33473c0-1
454,49e4b99628268d2b4f089f0662e13195,1,76a2c465801a86857ade2a8da9852345,ee5beb3f3fa2de43e24d813975d5541e,25561,"sao joao de meriti",RJ,a59fb60fddcc72a9878b7ed5cb69d8e4,audio,48,424,1,200,27,5,20,7040e82f899a04d1b434b795a43b4617,"sao paulo",SP,1026,credit_card,1,1,14.9,15.23,60.26,"2018-05-18 16:15:42","2018-05-15 15:59:01","2018-05-15 16:15:42","2018-05-16 14:48:00","2018-05-17 23:25:46","2018-06-01 00:00:00",Tuesday,May,2018,May-2018,delivered,49e4b99628268d2b4f089f0662e13195-1
455,49e4b99628268d2b4f089f0662e13195,2,76a2c465801a86857ade2a8da9852345,ee5beb3f3fa2de43e24d813975d5541e,25561,"sao joao de meriti",RJ,a59fb60fddcc72a9878b7ed5cb69d8e4,audio,48,424,1,200,27,5,20,7040e82f899a04d1b434b795a43b4617,"sao paulo",SP,1026,credit_card,1,1,14.9,15.23,60.26,"2018-05-18 16:15:42","2018-05-15 15:59:01","2018-05-15 16:15:42","2018-05-16 14:48:00","2018-05-17 23:25:46","2018-06-01 00:00:00",Tuesday,May,2018,May-2018,delivered,49e4b99628268d2b4f089f0662e13195-2
456,4a47b1dd5336773ce156b344b1f2aff0,1,25ebf9efb39e9dc48d6c51a9896af9a5,2b229b2693dc783259f684b24fcd23a7,18112,votorantim,SP,a59fb60fddcc72a9878b7ed5cb69d8e4,audio,48,424,1,200,27,5,20,7040e82f899a04d1b434b795a43b4617,"sao paulo",SP,1026,voucher,1,1,14.9,7.39,22.29,"2018-05-20 21:54:09","2018-05-15 21:35:18","2018-05-15 21:54:09","2018-05-16 15:06:00","2018-05-17 16:03:06","2018-05-24 00:00:00",Tuesday,May,2018,May-2018,delivered,4a47b1dd5336773ce156b344b1f2aff0-1
457,4b0c92c783fce531bb5b76d0bb2636ac,1,fc3fe781283a400950dd7702b8a4dc28,be726f6a4880c09f6f0b2253103ce6e7,78635,"agua boa",MT,a59fb60fddcc72a9878b7ed5cb69d8e4,audio,48,424,1,200,27,5,20,7040e82f899a04d1b434b795a43b4617,"sao paulo",SP,1026,credit_card,1,1,14.9,22.06,36.96,"2018-06-25 09:18:27","2018-06-19 08:36:42","2018-06-19 09:18:27","2018-06-19 15:06:00","2018-06-28 15:03:04","2018-07-24 00:00:00",Tuesday,June,2018,June-2018,delivered,4b0c92c783fce531bb5b76d0bb2636ac-1
458,4bb9c2002502ca416276dc1ff5efb1b3,1,e0e553d46d86daa33b733b1fd2687731,3b5b1f1aa84d554e376c6c8c63bafb9b,40279,salvador,BA,a59fb60fddcc72a9878b7ed5cb69d8e4,audio,48,424,1,200,27,5,20,7040e82f899a04d1b434b795a43b4617,"sao paulo",SP,1026,voucher,1,1,14.9,17.06,31.96,"2018-07-03 14:20:08","2018-06-23 14:53:03","2018-06-27 14:20:08","2018-06-29 15:30:00","2018-07-17 17:08:47","2018-07-27 00:00:00",Saturday,June,2018,June-2018,delivered,4bb9c2002502ca416276dc1ff5efb1b3-1
459,56b0a761e8e5b8fa1ac43fb1dfb8ad3e,1,26f5b4928e07574170681725503932f9,aae02b839262ab4090c2cb2ea2e205f8,98010,"cruz alta",RS,a59fb60fddcc72a9878b7ed5cb69d8e4,audio,48,424,1,200,27,5,20,7040e82f899a04d1b434b795a43b4617,"sao paulo",SP,1026,boleto,1,1,14.9,18.23,33.13,"2018-05-08 17:55:19","2018-05-01 23:24:15","2018-05-02 18:31:29","2018-05-03 14:36:00","2018-05-16 17:11:23","2018-05-28 00:00:00",Tuesday,May,2018,May-2018,delivered,56b0a761e8e5b8fa1ac43fb1dfb8ad3e-1
460,60ff47e655e87de64037be5d1f09ce7d,1,5a761ff24ca0a248f82d71235398e852,d182f15098577048b08272a6fffa9e10,1259,"sao paulo",SP,a59fb60fddcc72a9878b7ed5cb69d8e4,audio,48,424,1,200,27,5,20,7040e82f899a04d1b434b795a43b4617,"sao paulo",SP,1026,credit_card,1,1,14.9,7.39,22.29,"2018-08-29 15:55:18","2018-08-26 15:46:28","2018-08-26 15:55:18","2018-08-27 15:26:00","2018-08-30 01:18:38","2018-08-31 00:00:00",Sunday,August,2018,August-2018,delivered,60ff47e655e87de64037be5d1f09ce7d-1
461,643254f7c3b88cd268ca4524452c265c,1,c569b5657735d2c76bce703a382cbac6,15f02626b28387b9ed5decff9cd12d87,6515,"santana de parnaiba",SP,a59fb60fddcc72a9878b7ed5cb69d8e4,audio,48,424,1,200,27,5,20,7040e82f899a04d1b434b795a43b4617,"sao paulo",SP,1026,boleto,1,1,14.9,8.29,23.19,"2018-06-22 03:57:05","2018-06-16 20:11:10","2018-06-19 03:57:05","2018-06-19 15:04:00","2018-06-21 16:39:40","2018-06-29 00:00:00",Saturday,June,2018,June-2018,delivered,643254f7c3b88cd268ca4524452c265c-1
462,67cfccdc9f8cc58dc90fecf42712731a,1,b58f23566db09007cc825632374c55e8,ff39c558b8a96573c4d8b8caa0e5168f,33822,"ribeirao das neves",MG,a59fb60fddcc72a9878b7ed5cb69d8e4,audio,48,424,1,200,27,5,20,7040e82f899a04d1b434b795a43b4617,"sao paulo",SP,1026,credit_card,1,1,14.9,15.23,30.13,"2018-06-28 23:17:48","2018-06-24 22:43:51","2018-06-24 23:17:48","2018-06-25 14:45:00","2018-07-02 22:16:56","2018-07-20 00:00:00",Sunday,June,2018,June-2018,delivered,67cfccdc9f8cc58dc90fecf42712731a-1
463,6d08b9609c4e0cb107497f8307539077,1,4aebd659dd21ca7c5cc8454ae1d73e56,18f73545bae4bcd6c07bc9a2e02ad661,32605,betim,MG,a59fb60fddcc72a9878b7ed5cb69d8e4,audio,48,424,1,200,27,5,20,7040e82f899a04d1b434b795a43b4617,"sao paulo",SP,1026,credit_card,1,2,14.9,15.23,30.13,"2018-05-17 22:10:23","2018-05-14 21:46:20","2018-05-14 22:10:23","2018-05-15 14:44:00","2018-05-21 17:59:47","2018-05-29 00:00:00",Monday,May,2018,May-2018,delivered,6d08b9609c4e0cb107497f8307539077-1
464,7fbe250d2d22b8976024eee98fef9cef,1,1479ff715a4d0d50f559fb434ffaac23,67d6a4689d69970e70ea9a37ec01b17e,22753,"rio de janeiro",RJ,a59fb60fddcc72a9878b7ed5cb69d8e4,audio,48,424,1,200,27,5,20,7040e82f899a04d1b434b795a43b4617,"sao paulo",SP,1026,credit_card,1,1,14.9,15.23,60.26,"2018-06-29 13:58:44","2018-06-25 13:39:13","2018-06-25 13:58:44","2018-06-26 14:33:00","2018-06-29 23:18:41","2018-08-01 00:00:00",Monday,June,2018,June-2018,delivered,7fbe250d2d22b8976024eee98fef9cef-1
465,7fbe250d2d22b8976024eee98fef9cef,2,1479ff715a4d0d50f559fb434ffaac23,67d6a4689d69970e70ea9a37ec01b17e,22753,"rio de janeiro",RJ,a59fb60fddcc72a9878b7ed5cb69d8e4,audio,48,424,1,200,27,5,20,7040e82f899a04d1b434b795a43b4617,"sao paulo",SP,1026,credit_card,1,1,14.9,15.23,60.26,"2018-06-29 13:58:44","2018-06-25 13:39:13","2018-06-25 13:58:44","2018-06-26 14:33:00","2018-06-29 23:18:41","2018-08-01 00:00:00",Monday,June,2018,June-2018,delivered,7fbe250d2d22b8976024eee98fef9cef-2
466,84031ca1ba6b8a439611c94887e380f2,1,8726bf451df0da9d2feb4ee8665b15c5,5c6726c1c0872380f06d51d1bd090f32,5586,"sao paulo",SP,a59fb60fddcc72a9878b7ed5cb69d8e4,audio,48,424,1,200,27,5,20,7040e82f899a04d1b434b795a43b4617,"sao paulo",SP,1026,boleto,1,1,14.9,7.39,22.29,"2018-04-24 02:30:57","2018-04-17 11:12:07","2018-04-18 02:31:42","2018-04-19 01:02:46","2018-04-24 00:58:29","2018-05-02 00:00:00",Tuesday,April,2018,April-2018,delivered,84031ca1ba6b8a439611c94887e380f2-1
467,880ba0831c3fe181b5096a98d3c755e4,1,5fb7662b5f14f01c2a37b381becceca4,d58760239457cc420d92744d97087921,24912,marica,RJ,a59fb60fddcc72a9878b7ed5cb69d8e4,audio,48,424,1,200,27,5,20,7040e82f899a04d1b434b795a43b4617,"sao paulo",SP,1026,credit_card,1,1,14.9,15.23,30.13,"2018-03-30 20:47:01","2018-03-26 20:27:03","2018-03-26 20:47:01","2018-03-29 01:32:56","2018-04-02 17:32:02","2018-04-18 00:00:00",Monday,March,2018,March-2018,delivered,880ba0831c3fe181b5096a98d3c755e4-1
468,892afc8152bfeddaa37facab6f4a9275,1,c77b56f255a88e2d52bf861c376bf8dd,4c29ad3f71e71c31c6e2a860330cc9a8,1218,"sao paulo",SP,a59fb60fddcc72a9878b7ed5cb69d8e4,audio,48,424,1,200,27,5,20,7040e82f899a04d1b434b795a43b4617,"sao paulo",SP,1026,boleto,1,1,14.9,7.39,22.29,"2018-08-30 03:10:28","2018-08-23 12:00:18","2018-08-24 03:10:28","2018-08-24 14:59:00","2018-08-27 16:06:39","2018-08-30 00:00:00",Thursday,August,2018,August-2018,delivered,892afc8152bfeddaa37facab6f4a9275-1
469,8e1ded141534096603108f1ee5c27735,1,3956d1e55818b7dc872d5a1de09e4ddc,f80c7e4cf2fa8ff3532323f19bf603ba,1422,"sao paulo",SP,a59fb60fddcc72a9878b7ed5cb69d8e4,audio,48,424,1,200,27,5,20,7040e82f899a04d1b434b795a43b4617,"sao paulo",SP,1026,credit_card,1,1,19.9,7.78,27.68,"2018-01-29 15:15:32","2018-01-23 15:04:18","2018-01-23 15:15:32","2018-01-24 23:33:04","2018-01-30 19:35:28","2018-02-07 00:00:00",Tuesday,January,2018,January-2018,delivered,8e1ded141534096603108f1ee5c27735-1
470,9b0ca49107c50799985679a726bfd9f1,1,338a88863afef428379f400aaf88ebb0,547d0504ca415eb4864fa3030f73d3f3,37950,"sao sebastiao do paraiso",MG,a59fb60fddcc72a9878b7ed5cb69d8e4,audio,48,424,1,200,27,5,20,7040e82f899a04d1b434b795a43b4617,"sao paulo",SP,1026,credit_card,1,1,19.9,15.1,35,"2018-01-26 13:53:41","2018-01-21 16:32:51","2018-01-22 13:53:41","2018-01-24 12:08:03","2018-01-31 23:46:37","2018-02-15 00:00:00",Sunday,January,2018,January-2018,delivered,9b0ca49107c50799985679a726bfd9f1-1
471,a0f6d215b0e99072f27854fe0b1945b3,1,a0a26b048df822d9a1ac3c74f2418101,697fa5666dfd5b8cec3c999776633db8,81880,curitiba,PR,a59fb60fddcc72a9878b7ed5cb69d8e4,audio,48,424,1,200,27,5,20,7040e82f899a04d1b434b795a43b4617,"sao paulo",SP,1026,credit_card,1,1,14.9,15.23,30.13,"2018-07-24 20:05:10","2018-07-19 19:49:29","2018-07-19 20:05:10","2018-07-20 14:30:00","2018-07-26 21:48:25","2018-08-06 00:00:00",Thursday,July,2018,July-2018,delivered,a0f6d215b0e99072f27854fe0b1945b3-1
472,a93b122106fb3a1e62510b02010af8d2,1,d9f57c5a009cd22a41f3483ee6c71674,fa456d6a84c63b41098ceb060829c8c3,11660,caraguatatuba,SP,a59fb60fddcc72a9878b7ed5cb69d8e4,audio,48,424,1,200,27,5,20,7040e82f899a04d1b434b795a43b4617,"sao paulo",SP,1026,credit_card,1,1,14.9,12.79,27.69,"2018-07-18 12:05:12","2018-07-13 11:52:06","2018-07-13 12:05:12","2018-07-13 15:29:00","2018-07-24 17:27:48","2018-07-30 00:00:00",Friday,July,2018,July-2018,delivered,a93b122106fb3a1e62510b02010af8d2-1
473,a9ada7abcca958b99713b0cf42dc5c4c,1,5c60cb728486849503147328e610ab4d,53bfb7666b508a9d940d714d534c4192,4930,"sao paulo",SP,a59fb60fddcc72a9878b7ed5cb69d8e4,audio,48,424,1,200,27,5,20,7040e82f899a04d1b434b795a43b4617,"sao paulo",SP,1026,credit_card,1,1,14.9,7.39,22.29,"2018-07-26 09:18:43","2018-07-22 13:07:20","2018-07-23 11:31:30","2018-07-23 18:11:00","2018-07-24 23:08:28","2018-08-01 00:00:00",Sunday,July,2018,July-2018,delivered,a9ada7abcca958b99713b0cf42dc5c4c-1
474,aa7793d3985f9a2e8ba25eb1907fc587,1,4a9d0f36e6f227f870724fa9ee2ac10b,37b1f3a3fa26950775e6ee42344d22d4,29108,"vila velha",ES,a59fb60fddcc72a9878b7ed5cb69d8e4,audio,48,424,1,200,27,5,20,7040e82f899a04d1b434b795a43b4617,"sao paulo",SP,1026,boleto,1,1,14.9,15.23,30.13,"2018-04-04 03:15:37","2018-03-27 23:19:17","2018-03-29 03:15:37","2018-04-02 23:57:44","2018-04-20 21:37:31","2018-04-16 00:00:00",Tuesday,March,2018,March-2018,delivered,aa7793d3985f9a2e8ba25eb1907fc587-1
475,ae922ba97feaac137766d9d00cc1ec0c,1,aeb07999154eeee6ed241aa2b3137c99,4f7e36fff7d93d09425516882b3ac774,11443,guaruja,SP,a59fb60fddcc72a9878b7ed5cb69d8e4,audio,48,424,1,200,27,5,20,7040e82f899a04d1b434b795a43b4617,"sao paulo",SP,1026,credit_card,1,1,19.9,7.78,27.68,"2018-02-08 09:35:30","2018-02-04 09:26:07","2018-02-04 09:35:30","2018-02-06 19:38:33","2018-02-09 00:06:39","2018-02-21 00:00:00",Sunday,February,2018,February-2018,delivered,ae922ba97feaac137766d9d00cc1ec0c-1
476,b08f744110f2ee72a38a3ef7a9a3fdc7,1,87fd72ce15086b3ccfc1c40050b5a033,05c686adfdce0087f70f97a619c3b556,5525,"sao paulo",SP,a59fb60fddcc72a9878b7ed5cb69d8e4,audio,48,424,1,200,27,5,20,7040e82f899a04d1b434b795a43b4617,"sao paulo",SP,1026,boleto,1,1,14.9,8.29,23.19,"2018-07-04 02:52:27","2018-06-29 09:43:47","2018-06-30 02:52:27","2018-07-03 16:00:00","2018-07-05 21:56:29","2018-07-16 00:00:00",Friday,June,2018,June-2018,delivered,b08f744110f2ee72a38a3ef7a9a3fdc7-1
477,b0980803dc397415a4aee2d3a7c2604d,1,5589c868b8dd0d470ed657410b55a8f9,2d53a3a6aec36afadaac2b4e346cef70,64235,cocal,PI,a59fb60fddcc72a9878b7ed5cb69d8e4,audio,48,424,1,200,27,5,20,7040e82f899a04d1b434b795a43b4617,"sao paulo",SP,1026,voucher,2,1,19.9,34.15,4.05,"2018-01-21 22:30:43","2018-01-15 22:15:13","2018-01-15 22:30:43","2018-01-16 23:34:13","2018-01-23 23:32:31","2018-02-14 00:00:00",Monday,January,2018,January-2018,delivered,b0980803dc397415a4aee2d3a7c2604d-1
478,b0980803dc397415a4aee2d3a7c2604d,1,5589c868b8dd0d470ed657410b55a8f9,2d53a3a6aec36afadaac2b4e346cef70,64235,cocal,PI,a59fb60fddcc72a9878b7ed5cb69d8e4,audio,48,424,1,200,27,5,20,7040e82f899a04d1b434b795a43b4617,"sao paulo",SP,1026,voucher,1,1,19.9,34.15,50,"2018-01-21 22:30:43","2018-01-15 22:15:13","2018-01-15 22:30:43","2018-01-16 23:34:13","2018-01-23 23:32:31","2018-02-14 00:00:00",Monday,January,2018,January-2018,delivered,b0980803dc397415a4aee2d3a7c2604d-1
479,b1629139e38e77931c032720fff0c091,1,357021c0b7dd2932d05c91cd16426909,37e5b54f2cdd31e3aa377f765c6bbe39,9311,maua,SP,a59fb60fddcc72a9878b7ed5cb69d8e4,audio,48,424,1,200,27,5,20,7040e82f899a04d1b434b795a43b4617,"sao paulo",SP,1026,boleto,1,1,19.9,7.78,27.68,"2018-01-18 02:31:22","2018-01-11 13:38:23","2018-01-13 04:54:20","2018-01-16 23:34:11","2018-01-24 21:35:11","2018-01-30 00:00:00",Thursday,January,2018,January-2018,delivered,b1629139e38e77931c032720fff0c091-1
480,bcddcd2f3dbe84b7b93697873e16a971,1,f1f48ad1ad1e181b54ce0c9db740971c,2958e5f113a1af2379be10e492071071,31060,"belo horizonte",MG,a59fb60fddcc72a9878b7ed5cb69d8e4,audio,48,424,1,200,27,5,20,7040e82f899a04d1b434b795a43b4617,"sao paulo",SP,1026,credit_card,1,1,14.9,15.23,30.13,"2018-08-29 21:44:17","2018-08-26 21:28:46","2018-08-26 21:44:17","2018-08-27 15:31:00","2018-08-30 18:32:07","2018-09-12 00:00:00",Sunday,August,2018,August-2018,delivered,bcddcd2f3dbe84b7b93697873e16a971-1
481,c96fbf82fa852856858765ef154a0918,1,3b65668df978a114bc3d982be6ec1ecd,63e16a68064fa2ef23202ee86e3feac9,29015,vitoria,ES,a59fb60fddcc72a9878b7ed5cb69d8e4,audio,48,424,1,200,27,5,20,7040e82f899a04d1b434b795a43b4617,"sao paulo",SP,1026,credit_card,1,1,14.9,15.23,30.13,"2018-04-19 20:55:37","2018-04-15 20:46:15","2018-04-15 20:55:37","2018-04-18 03:21:49","2018-05-07 22:56:30","2018-05-08 00:00:00",Sunday,April,2018,April-2018,delivered,c96fbf82fa852856858765ef154a0918-1
482,ca0b30de0e60967b91fd5366743ba643,1,fcdd6eb28f7ee1db301d1175f0a7b392,049ac10f22b18d0a463429e2dfbbb353,5844,"sao paulo",SP,a59fb60fddcc72a9878b7ed5cb69d8e4,audio,48,424,1,200,27,5,20,7040e82f899a04d1b434b795a43b4617,"sao paulo",SP,1026,credit_card,1,1,19.9,7.78,27.68,"2017-11-07 11:30:41","2017-10-31 11:15:17","2017-10-31 11:30:41","2017-11-01 19:12:23","2017-11-07 17:44:04","2017-11-08 00:00:00",Tuesday,October,2017,October-2017,delivered,ca0b30de0e60967b91fd5366743ba643-1
483,d14cc71ad2d00bf56df0686d956d6ac1,1,656f190621445a8ca7c35eeffac3ce15,9e4251942b07e2f74ebaaa07d62df0b8,72260,brasilia,DF,a59fb60fddcc72a9878b7ed5cb69d8e4,audio,48,424,1,200,27,5,20,7040e82f899a04d1b434b795a43b4617,"sao paulo",SP,1026,boleto,1,1,14.9,15.23,30.13,"2018-08-08 04:10:36","2018-08-03 10:06:28","2018-08-04 04:10:36","2018-08-06 15:40:00","2018-08-10 22:07:33","2018-08-22 00:00:00",Friday,August,2018,August-2018,delivered,d14cc71ad2d00bf56df0686d956d6ac1-1
484,dd63de941b6998a80f25d03116747f9d,1,a81b90805fc8248239eee9ed0a2aeea7,0b31ab97144f6b55004e80c281016bc1,4023,"sao paulo",SP,a59fb60fddcc72a9878b7ed5cb69d8e4,audio,48,424,1,200,27,5,20,7040e82f899a04d1b434b795a43b4617,"sao paulo",SP,1026,boleto,1,1,14.9,7.39,22.29,"2018-08-13 03:25:24","2018-08-07 09:13:03","2018-08-08 03:25:24","2018-08-09 15:14:00","2018-08-13 15:41:47","2018-08-13 00:00:00",Tuesday,August,2018,August-2018,delivered,dd63de941b6998a80f25d03116747f9d-1
485,e79f873315375aad54aa74ee8119dc40,1,bb4a5a4ffe14ca07ec7a100091914d93,e47f9a5d0e43e73cdbef0d5663dcac7a,78195,"chapada dos guimaraes",MT,a59fb60fddcc72a9878b7ed5cb69d8e4,audio,48,424,1,200,27,5,20,7040e82f899a04d1b434b795a43b4617,"sao paulo",SP,1026,boleto,1,1,14.9,22.06,36.96,"2018-07-23 04:31:23","2018-07-16 11:04:37","2018-07-17 04:31:23","2018-07-18 15:20:00","2018-07-25 17:44:52","2018-08-10 00:00:00",Monday,July,2018,July-2018,delivered,e79f873315375aad54aa74ee8119dc40-1
486,f83a0ce66c457dfdf564dafa364ae1d4,1,36b3d8619300c9c57d92f7a175452db9,d08c29302907086e8fe823369542f3ae,23900,"angra dos reis",RJ,a59fb60fddcc72a9878b7ed5cb69d8e4,audio,48,424,1,200,27,5,20,7040e82f899a04d1b434b795a43b4617,"sao paulo",SP,1026,credit_card,1,1,14.9,18.23,66.26,"2018-08-30 10:34:17","2018-08-23 10:25:47","2018-08-24 10:36:32","2018-08-24 14:46:00","2018-08-29 19:19:31","2018-09-10 00:00:00",Thursday,August,2018,August-2018,delivered,f83a0ce66c457dfdf564dafa364ae1d4-1
487,f83a0ce66c457dfdf564dafa364ae1d4,2,36b3d8619300c9c57d92f7a175452db9,d08c29302907086e8fe823369542f3ae,23900,"angra dos reis",RJ,a59fb60fddcc72a9878b7ed5cb69d8e4,audio,48,424,1,200,27,5,20,7040e82f899a04d1b434b795a43b4617,"sao paulo",SP,1026,credit_card,1,1,14.9,18.23,66.26,"2018-08-30 10:34:17","2018-08-23 10:25:47","2018-08-24 10:36:32","2018-08-24 14:46:00","2018-08-29 19:19:31","2018-09-10 00:00:00",Thursday,August,2018,August-2018,delivered,f83a0ce66c457dfdf564dafa364ae1d4-2
488,0f7ed09b98de20ce43a56ec76b674951,1,f0bf9c83d2300d6c12ce06e16976b267,40db5f27c7d20d10678ffef11beaf321,74543,goiania,GO,12f066474dfa3c415c169051c5e1967e,telefonia,60,749,3,200,22,8,15,7040e82f899a04d1b434b795a43b4617,"sao paulo",SP,1026,credit_card,1,3,17.9,15.23,33.13,"2018-06-25 22:15:58","2018-06-19 21:48:53","2018-06-19 22:15:58","2018-06-20 15:42:00","2018-06-27 17:48:21","2018-07-17 00:00:00",Tuesday,June,2018,June-2018,delivered,0f7ed09b98de20ce43a56ec76b674951-1
489,357e8bcc302e3f48f4d578d3e3f239db,1,b741f49aea8e2c104fd2f5e29d012d9d,375978078457c41057c7641766c95a22,88803,criciuma,SC,12f066474dfa3c415c169051c5e1967e,telefonia,60,749,3,200,22,8,15,7040e82f899a04d1b434b795a43b4617,"sao paulo",SP,1026,credit_card,1,3,19.9,18.23,38.13,"2018-03-22 00:50:26","2018-03-18 00:40:55","2018-03-18 00:50:26","2018-03-20 01:48:23","2018-04-10 16:57:47","2018-04-10 00:00:00",Sunday,March,2018,March-2018,delivered,357e8bcc302e3f48f4d578d3e3f239db-1
490,57c9111896af16f45672d7c46e445dd2,1,3cbf30135055d5e3921df3de14353b1c,2788ace2a5c91494e3a932ecc372da91,90870,"porto alegre",RS,12f066474dfa3c415c169051c5e1967e,telefonia,60,749,3,200,22,8,15,7040e82f899a04d1b434b795a43b4617,"sao paulo",SP,1026,credit_card,1,1,17.9,15.23,66.26,"2018-05-25 13:14:04","2018-05-22 12:53:03","2018-05-22 13:14:04","2018-05-23 15:22:00","2018-05-28 18:42:36","2018-06-14 00:00:00",Tuesday,May,2018,May-2018,delivered,57c9111896af16f45672d7c46e445dd2-1
491,57c9111896af16f45672d7c46e445dd2,2,3cbf30135055d5e3921df3de14353b1c,2788ace2a5c91494e3a932ecc372da91,90870,"porto alegre",RS,12f066474dfa3c415c169051c5e1967e,telefonia,60,749,3,200,22,8,15,7040e82f899a04d1b434b795a43b4617,"sao paulo",SP,1026,credit_card,1,1,17.9,15.23,66.26,"2018-05-25 13:14:04","2018-05-22 12:53:03","2018-05-22 13:14:04","2018-05-23 15:22:00","2018-05-28 18:42:36","2018-06-14 00:00:00",Tuesday,May,2018,May-2018,delivered,57c9111896af16f45672d7c46e445dd2-2
492,5a5ebfbbca639e25e63f09761e953a44,1,a37ac9cb206c694271dba8da8c53c576,bbeff7ec4600d4f9a951c42fb2cd0e81,8576,itaquaquecetuba,SP,12f066474dfa3c415c169051c5e1967e,telefonia,60,749,3,200,22,8,15,7040e82f899a04d1b434b795a43b4617,"sao paulo",SP,1026,credit_card,1,1,17.9,7.39,25.29,"2018-05-10 07:51:50","2018-05-02 23:54:28","2018-05-04 07:51:50","2018-05-04 15:03:00","2018-05-08 22:21:46","2018-05-14 00:00:00",Wednesday,May,2018,May-2018,delivered,5a5ebfbbca639e25e63f09761e953a44-1
493,5c4e9b69cfdcd45f69531467695237e4,1,c5da1fb3c49637fc168e5a95a67b73d7,c3808f7c80ad3025f7d53d69e7a297cb,60440,fortaleza,CE,12f066474dfa3c415c169051c5e1967e,telefonia,60,749,3,200,22,8,15,7040e82f899a04d1b434b795a43b4617,"sao paulo",SP,1026,credit_card,1,3,17.9,19.04,36.94,"2018-07-27 09:31:59","2018-07-23 20:09:23","2018-07-24 10:31:01","2018-07-24 15:03:00","2018-08-01 20:12:56","2018-08-13 00:00:00",Monday,July,2018,July-2018,delivered,5c4e9b69cfdcd45f69531467695237e4-1
494,6566c554337e3c6eba49f0dff9103df7,1,e6d43a7376b7de701411a48b85d1375d,a16d0a444127d8e7ced7b700abf2ab59,1309,"sao paulo",SP,12f066474dfa3c415c169051c5e1967e,telefonia,60,749,3,200,22,8,15,7040e82f899a04d1b434b795a43b4617,"sao paulo",SP,1026,credit_card,1,2,19.9,7.78,27.68,"2018-02-07 22:51:50","2018-02-01 22:40:16","2018-02-01 22:51:50","2018-02-05 19:08:35","2018-02-06 16:16:36","2018-02-19 00:00:00",Thursday,February,2018,February-2018,delivered,6566c554337e3c6eba49f0dff9103df7-1
495,87b314ae9dc134ce22cac9d7d3be2678,1,e3673d5b4a29bd3532b284fcf945c4de,5b5cd61b458c8031542c032835901bdd,2472,"sao paulo",SP,12f066474dfa3c415c169051c5e1967e,telefonia,60,749,3,200,22,8,15,7040e82f899a04d1b434b795a43b4617,"sao paulo",SP,1026,credit_card,1,1,19.9,7.78,27.68,"2018-02-08 16:09:43","2018-02-04 15:50:52","2018-02-04 16:09:43","2018-02-08 00:28:50","2018-02-09 13:15:07","2018-02-21 00:00:00",Sunday,February,2018,February-2018,delivered,87b314ae9dc134ce22cac9d7d3be2678-1
496,a6da096d974acc000962856d7386448a,1,99a9af34c9f3d18491e8facad007be44,7d0f53a4ba8ced30161897099955a569,87065,maringa,PR,12f066474dfa3c415c169051c5e1967e,telefonia,60,749,3,200,22,8,15,7040e82f899a04d1b434b795a43b4617,"sao paulo",SP,1026,credit_card,1,1,19.9,15.1,35,"2018-01-23 12:39:22","2018-01-17 12:29:36","2018-01-17 12:39:22","2018-01-18 21:39:04","2018-01-26 19:56:48","2018-02-09 00:00:00",Wednesday,January,2018,January-2018,delivered,a6da096d974acc000962856d7386448a-1
497,aa58a30c8b573ee19140cd6d185534d1,1,9364f6d3c53e6df380985e78e8c74bb5,e7bfe0049388181838bb0d91652ffc04,51020,recife,PE,12f066474dfa3c415c169051c5e1967e,telefonia,60,749,3,200,22,8,15,7040e82f899a04d1b434b795a43b4617,"sao paulo",SP,1026,boleto,1,1,17.9,19.04,36.94,"2018-04-03 02:47:56","2018-03-26 23:20:28","2018-03-28 02:47:56","2018-03-28 20:44:36","2018-03-31 20:28:45","2018-04-19 00:00:00",Monday,March,2018,March-2018,delivered,aa58a30c8b573ee19140cd6d185534d1-1
498,be049b6fa688493e1676db5fafc0bbb3,1,15ba5913a2d5f80e06202cf53444d565,bebcc6c45c54364adef4a5ea694228bf,22743,"rio de janeiro",RJ,12f066474dfa3c415c169051c5e1967e,telefonia,60,749,3,200,22,8,15,7040e82f899a04d1b434b795a43b4617,"sao paulo",SP,1026,credit_card,1,1,17.9,15.23,66.26,"2018-05-09 18:14:54","2018-05-03 17:43:11","2018-05-03 18:14:54","2018-05-08 14:48:00","2018-05-14 19:52:50","2018-06-05 00:00:00",Thursday,May,2018,May-2018,delivered,be049b6fa688493e1676db5fafc0bbb3-1
499,be049b6fa688493e1676db5fafc0bbb3,2,15ba5913a2d5f80e06202cf53444d565,bebcc6c45c54364adef4a5ea694228bf,22743,"rio de janeiro",RJ,12f066474dfa3c415c169051c5e1967e,telefonia,60,749,3,200,22,8,15,7040e82f899a04d1b434b795a43b4617,"sao paulo",SP,1026,credit_card,1,1,17.9,15.23,66.26,"2018-05-09 18:14:54","2018-05-03 17:43:11","2018-05-03 18:14:54","2018-05-08 14:48:00","2018-05-14 19:52:50","2018-06-05 00:00:00",Thursday,May,2018,May-2018,delivered,be049b6fa688493e1676db5fafc0bbb3-2
500,c177bd75cb8bbff3f8ce6842201c7b6f,1,2a9bf6ab9526b5ef47aefc35a0667d7d,05881608070651676a74a9859c492c43,23052,"rio de janeiro",RJ,12f066474dfa3c415c169051c5e1967e,telefonia,60,749,3,200,22,8,15,7040e82f899a04d1b434b795a43b4617,"sao paulo",SP,1026,credit_card,1,1,17.9,15.23,8.13,"2018-06-05 19:17:10","2018-05-28 19:04:30","2018-05-28 19:17:10","2018-05-30 14:24:00","2018-06-05 18:03:41","2018-07-18 00:00:00",Monday,May,2018,May-2018,delivered,c177bd75cb8bbff3f8ce6842201c7b6f-1
501,c177bd75cb8bbff3f8ce6842201c7b6f,1,2a9bf6ab9526b5ef47aefc35a0667d7d,05881608070651676a74a9859c492c43,23052,"rio de janeiro",RJ,12f066474dfa3c415c169051c5e1967e,telefonia,60,749,3,200,22,8,15,7040e82f899a04d1b434b795a43b4617,"sao paulo",SP,1026,voucher,2,1,17.9,15.23,25,"2018-06-05 19:17:10","2018-05-28 19:04:30","2018-05-28 19:17:10","2018-05-30 14:24:00","2018-06-05 18:03:41","2018-07-18 00:00:00",Monday,May,2018,May-2018,delivered,c177bd75cb8bbff3f8ce6842201c7b6f-1
502,d83a0ada4f4e91a7aa41547a8b5f8295,1,efbde681c58eb3d78f54fd03be60187f,c7e522d5870e50b2f131d3d5d43b7775,83602,"campo largo",PR,12f066474dfa3c415c169051c5e1967e,telefonia,60,749,3,200,22,8,15,7040e82f899a04d1b434b795a43b4617,"sao paulo",SP,1026,credit_card,1,1,17.9,15.23,33.13,"2018-05-10 13:50:46","2018-05-04 13:35:22","2018-05-04 13:50:46","2018-05-08 14:47:00","2018-05-15 13:49:38","2018-05-24 00:00:00",Friday,May,2018,May-2018,delivered,d83a0ada4f4e91a7aa41547a8b5f8295-1
503,10074a98ead181e64616038989bf97f1,1,f5c69b009b68c89c1ea19a9311907436,d3f79d417a876b2f5a088818f555f662,74367,goiania,GO,953439fbf9090e2362532905d89b991f,utilidades_domesticas,47,539,2,8750,35,15,35,7040e82f899a04d1b434b795a43b4617,"sao paulo",SP,1026,credit_card,1,3,169.9,18.77,188.67,"2018-05-18 17:35:29","2018-05-13 17:41:38","2018-05-14 17:35:29","2018-05-16 14:49:00","2018-05-22 13:38:36","2018-06-04 00:00:00",Sunday,May,2018,May-2018,delivered,10074a98ead181e64616038989bf97f1-1
504,1221112b1c9563dc03d5a32b6078a962,1,5bf36e4b14c54f22f31570e9e8b144f4,e30f9d06161ae3ff47f0206f2280be33,6515,"santana de parnaiba",SP,953439fbf9090e2362532905d89b991f,utilidades_domesticas,47,539,2,8750,35,15,35,7040e82f899a04d1b434b795a43b4617,"sao paulo",SP,1026,credit_card,1,1,169.9,19.36,189.26,"2018-08-15 09:10:16","2018-08-09 09:19:49","2018-08-10 09:10:16","2018-08-10 15:14:00","2018-08-13 22:42:30","2018-08-16 00:00:00",Thursday,August,2018,August-2018,delivered,1221112b1c9563dc03d5a32b6078a962-1
505,35b0513eaf7a477cdb93469b7b4a3d6c,1,8392aac1ac8a8a59e95b757b50387c0b,b31a97956ee6ddae518d726ff76592d7,64056,teresina,PI,953439fbf9090e2362532905d89b991f,utilidades_domesticas,47,539,2,8750,35,15,35,7040e82f899a04d1b434b795a43b4617,"sao paulo",SP,1026,credit_card,1,10,169.9,27.74,395.28,"2018-04-25 07:09:18","2018-04-18 14:26:43","2018-04-19 07:09:18","2018-04-20 20:26:44","2018-04-30 17:29:41","2018-05-11 00:00:00",Wednesday,April,2018,April-2018,delivered,35b0513eaf7a477cdb93469b7b4a3d6c-1
506,35b0513eaf7a477cdb93469b7b4a3d6c,2,8392aac1ac8a8a59e95b757b50387c0b,b31a97956ee6ddae518d726ff76592d7,64056,teresina,PI,953439fbf9090e2362532905d89b991f,utilidades_domesticas,47,539,2,8750,35,15,35,7040e82f899a04d1b434b795a43b4617,"sao paulo",SP,1026,credit_card,1,10,169.9,27.74,395.28,"2018-04-25 07:09:18","2018-04-18 14:26:43","2018-04-19 07:09:18","2018-04-20 20:26:44","2018-04-30 17:29:41","2018-05-11 00:00:00",Wednesday,April,2018,April-2018,delivered,35b0513eaf7a477cdb93469b7b4a3d6c-2
507,87850ccd83d669cf004ea32dd917d6c4,1,c82d7cb984499a33646e2378f2624f9c,7f2b05918dba5f972a8fc8757490bc8a,11760,itariri,SP,953439fbf9090e2362532905d89b991f,utilidades_domesticas,47,539,2,8750,35,15,35,7040e82f899a04d1b434b795a43b4617,"sao paulo",SP,1026,boleto,1,1,169.9,22.99,192.89,"2018-07-25 03:05:11","2018-07-19 20:54:46","2018-07-21 03:05:11","2018-07-24 15:04:00","2018-07-30 14:12:00","2018-08-20 00:00:00",Thursday,July,2018,July-2018,delivered,87850ccd83d669cf004ea32dd917d6c4-1
508,c01a70853733229479ca41a44c99b5fe,1,ede05252ae49fbbe385bbe41aba396ce,969e70114da622b7dbf67164497a279a,17054,bauru,SP,953439fbf9090e2362532905d89b991f,utilidades_domesticas,47,539,2,8750,35,15,35,7040e82f899a04d1b434b795a43b4617,"sao paulo",SP,1026,credit_card,1,8,169.9,25.27,195.17,"2018-07-27 14:44:28","2018-07-24 14:31:29","2018-07-24 14:44:28","2018-07-24 15:02:00","2018-07-26 22:20:44","2018-08-08 00:00:00",Tuesday,July,2018,July-2018,delivered,c01a70853733229479ca41a44c99b5fe-1
509,1129997904eb031a05d781b6179078d7,1,f740e6e44d74fb1e93f1bcd947925230,73bbeacd7793ce272e6276558e47f2e2,18070,sorocaba,SP,4de8fa229df333cfcf136e6ad0b85f1a,utilidades_domesticas,34,1473,2,850,22,22,22,7040e82f899a04d1b434b795a43b4617,"sao paulo",SP,1026,credit_card,1,1,79.9,9.37,89.27,"2018-01-16 16:09:53","2018-01-10 15:54:11","2018-01-10 16:09:53","2018-01-11 23:03:37","2018-01-12 22:37:36","2018-01-29 00:00:00",Wednesday,January,2018,January-2018,delivered,1129997904eb031a05d781b6179078d7-1
510,148ee9d672f9101508eb05e1e7a677b4,1,ce8256b7d2de810a1f6b169c12b80e7a,ebd7ed93fbd56dc0a515c609c661e921,13483,limeira,SP,db1154ea7d1c50d8a5939a9f7fbc3b2a,brinquedos,42,283,1,5200,50,10,50,7040e82f899a04d1b434b795a43b4617,"sao paulo",SP,1026,credit_card,1,1,89.9,13.53,103.43,"2018-05-23 18:58:33","2018-05-19 18:32:49","2018-05-19 18:58:33","2018-05-21 15:30:00","2018-05-23 19:24:54","2018-05-30 00:00:00",Saturday,May,2018,May-2018,delivered,148ee9d672f9101508eb05e1e7a677b4-1
511,8f8cf49b9bbb4c2344382d62362e2c4b,1,9cd29c8183b0d26d285255515ec01b3c,637263c3bd8fa41213e5485783f8b8b8,22795,"rio de janeiro",RJ,db1154ea7d1c50d8a5939a9f7fbc3b2a,brinquedos,42,283,1,5200,50,10,50,7040e82f899a04d1b434b795a43b4617,"sao paulo",SP,1026,credit_card,1,1,89.9,16.95,106.85,"2017-12-06 14:17:20","2017-11-30 13:57:18","2017-11-30 14:17:20","2017-12-02 00:58:36","2017-12-11 19:13:57","2017-12-22 00:00:00",Thursday,November,2017,November-2017,delivered,8f8cf49b9bbb4c2344382d62362e2c4b-1
512,151a3f0bc95fa85152c33fb906012832,1,7c911ec6b24c9a7080141f46e130a885,10be7de7f132105263728f75a7f87327,89253,"jaragua do sul",SC,c44fd47f82e429f739693c82c73a43b4,telefonia,41,749,3,401,17,9,11,7040e82f899a04d1b434b795a43b4617,"sao paulo",SP,1026,credit_card,1,1,118.9,15.58,134.48,"2017-12-05 12:42:46","2017-11-29 12:33:35","2017-11-29 12:42:46","2017-11-29 21:37:50","2017-12-26 22:23:41","2017-12-22 00:00:00",Wednesday,November,2017,November-2017,delivered,151a3f0bc95fa85152c33fb906012832-1
513,aec9735c10ae64b07f60d33908e5b58a,1,a972cb872aeefad4764efd7b891d212d,5528af7e794d044322ea7fc8cde9a086,9781,"sao bernardo do campo",SP,c44fd47f82e429f739693c82c73a43b4,telefonia,41,749,3,401,17,9,11,7040e82f899a04d1b434b795a43b4617,"sao paulo",SP,1026,credit_card,1,1,118.9,8.09,126.99,"2017-11-23 20:10:35","2017-11-19 20:02:05","2017-11-19 20:10:35","2017-11-21 23:07:00","2017-11-24 22:16:51","2017-12-01 00:00:00",Sunday,November,2017,November-2017,delivered,aec9735c10ae64b07f60d33908e5b58a-1
514,f6f6df74cf34d7d0fc516e28dc2573c7,1,d2cbea7421afe6f57a279a300714603e,3854d7228b6704b205c6160b07ccf246,72240,brasilia,DF,c44fd47f82e429f739693c82c73a43b4,telefonia,41,749,3,401,17,9,11,7040e82f899a04d1b434b795a43b4617,"sao paulo",SP,1026,credit_card,1,1,118.9,14.58,133.48,"2017-10-17 18:07:54","2017-10-09 16:20:03","2017-10-10 17:07:54","2017-10-20 20:27:36","2017-10-25 20:14:18","2017-10-27 00:00:00",Monday,October,2017,October-2017,delivered,f6f6df74cf34d7d0fc516e28dc2573c7-1
515,179e23361d372901e40a92f8c29bd61d,4,80c3315cd9ff9d91afc63a7028c50712,e78187213bc8a0ac295b98485bbe9441,93265,esteio,RS,33e79119cfaa0e1f7122bf00b10426bc,telefonia,48,815,1,150,27,5,20,7040e82f899a04d1b434b795a43b4617,"sao paulo",SP,1026,credit_card,1,8,19.9,14.35,187.2,"2017-12-15 17:50:20","2017-12-11 17:32:18","2017-12-11 17:50:20","2017-12-13 00:47:53","2017-12-27 22:19:17","2018-01-15 00:00:00",Monday,December,2017,December-2017,delivered,179e23361d372901e40a92f8c29bd61d-4
516,179e23361d372901e40a92f8c29bd61d,1,80c3315cd9ff9d91afc63a7028c50712,e78187213bc8a0ac295b98485bbe9441,93265,esteio,RS,9e10eb05d9f369d5c38c475425cc2ee9,telefonia,30,580,2,100,16,3,11,1ca7077d890b907f89be8c954a02686a,"santana de parnaiba",SP,6506,credit_card,1,8,35,14.35,187.2,"2017-12-15 17:50:20","2017-12-11 17:32:18","2017-12-11 17:50:20","2017-12-13 00:47:53","2017-12-27 22:19:17","2018-01-15 00:00:00",Monday,December,2017,December-2017,delivered,179e23361d372901e40a92f8c29bd61d-1
517,179e23361d372901e40a92f8c29bd61d,2,80c3315cd9ff9d91afc63a7028c50712,e78187213bc8a0ac295b98485bbe9441,93265,esteio,RS,ad1128daf194f4b6ac4256e16233497c,telefonia,32,580,2,100,16,3,11,1ca7077d890b907f89be8c954a02686a,"santana de parnaiba",SP,6506,credit_card,1,8,45,14.35,187.2,"2017-12-15 17:50:20","2017-12-11 17:32:18","2017-12-11 17:50:20","2017-12-13 00:47:53","2017-12-27 22:19:17","2018-01-15 00:00:00",Monday,December,2017,December-2017,delivered,179e23361d372901e40a92f8c29bd61d-2
518,179e23361d372901e40a92f8c29bd61d,3,80c3315cd9ff9d91afc63a7028c50712,e78187213bc8a0ac295b98485bbe9441,93265,esteio,RS,f3a1a865ba61412ac17ab53f1a9c0082,telefonia,57,823,2,50,16,22,11,7c1fea10b5b006671d608b1d7c446ec4,boituva,SP,18550,credit_card,1,8,29.9,14.35,187.2,"2017-12-15 17:50:20","2017-12-11 17:32:18","2017-12-11 17:50:20","2017-12-13 00:47:53","2017-12-27 22:19:17","2018-01-15 00:00:00",Monday,December,2017,December-2017,delivered,179e23361d372901e40a92f8c29bd61d-3
519,199252c8392d7a5363c63e239086c091,1,49486aba6317107740a2b48f3b175671,ea2711c281002066e87c05f28f736f47,66040,belem,PA,c10426af8413edc42015b10a76b43651,perfumaria,50,551,2,2200,35,5,27,7040e82f899a04d1b434b795a43b4617,"sao paulo",SP,1026,credit_card,1,3,79.9,19.1,99,"2017-12-15 15:17:26","2017-12-11 15:10:00","2017-12-11 15:17:26","2017-12-12 22:23:25","2017-12-27 17:38:00","2018-01-16 00:00:00",Monday,December,2017,December-2017,delivered,199252c8392d7a5363c63e239086c091-1
520,280fcdddcf237df99402868a09cf8f0b,1,b35da35b3a7da8608a3e16edae62ed5a,48d093c3b0a702bdaeafb3aef41ff184,39205,"tres marias",MG,c10426af8413edc42015b10a76b43651,perfumaria,50,551,2,2200,35,5,27,7040e82f899a04d1b434b795a43b4617,"sao paulo",SP,1026,credit_card,1,2,79.9,16.32,96.22,"2018-01-23 14:30:02","2018-01-17 14:21:20","2018-01-17 14:30:02","2018-01-18 20:03:30","2018-03-10 13:51:45","2018-02-14 00:00:00",Wednesday,January,2018,January-2018,delivered,280fcdddcf237df99402868a09cf8f0b-1
521,6f64881752fecf2f3a74cb41f7197495,1,2de62acac88898f922153c0c90bde026,6ec8e6b1dd1d1c159c09b3e0ed0dd789,29175,serra,ES,c10426af8413edc42015b10a76b43651,perfumaria,50,551,2,2200,35,5,27,7040e82f899a04d1b434b795a43b4617,"sao paulo",SP,1026,credit_card,1,4,79.9,15.32,95.22,"2017-10-26 00:05:50","2017-10-20 23:53:41","2017-10-21 00:05:50","2017-10-23 19:12:29","2017-11-01 22:23:39","2017-11-09 00:00:00",Friday,October,2017,October-2017,delivered,6f64881752fecf2f3a74cb41f7197495-1
522,86f781e4906cef14d537d4e6b205afbd,1,c1a312ad5e73b483367502468fbb8a3a,c87b501f858d76955f75509785e3779c,15370,"pereira barreto",SP,c10426af8413edc42015b10a76b43651,perfumaria,50,551,2,2200,35,5,27,7040e82f899a04d1b434b795a43b4617,"sao paulo",SP,1026,boleto,1,1,79.9,12.06,91.96,"2017-10-09 04:05:15","2017-09-30 03:55:27","2017-10-03 04:05:15","2017-10-04 21:39:50","2017-10-13 19:12:17","2017-10-24 00:00:00",Saturday,September,2017,September-2017,delivered,86f781e4906cef14d537d4e6b205afbd-1
523,96cc5b48d0612a6b8917717f1fd073e0,1,aef5406f71a6a3b4d5b5e14c8f2c6a5a,e9a42311906ef0aea61062641bc3c705,29101,"vila velha",ES,c10426af8413edc42015b10a76b43651,perfumaria,50,551,2,2200,35,5,27,7040e82f899a04d1b434b795a43b4617,"sao paulo",SP,1026,boleto,1,1,79.9,15.32,95.22,"2017-10-30 03:56:38","2017-10-22 00:55:23","2017-10-24 03:56:38","2017-10-25 12:18:59","2017-10-31 20:57:40","2017-11-10 00:00:00",Sunday,October,2017,October-2017,delivered,96cc5b48d0612a6b8917717f1fd073e0-1
524,c52b847a710480721b6c4def72048468,1,8345586f08b3fede926a66b367857e3e,52f7c5236c70dde7f062d5f93e79920e,3937,"sao paulo",SP,c10426af8413edc42015b10a76b43651,perfumaria,50,551,2,2200,35,5,27,7040e82f899a04d1b434b795a43b4617,"sao paulo",SP,1026,credit_card,1,1,79.9,9.37,89.27,"2017-12-19 20:08:21","2017-12-13 19:56:25","2017-12-13 20:08:21","2017-12-15 12:27:56","2017-12-17 18:55:56","2018-01-02 00:00:00",Wednesday,December,2017,December-2017,delivered,c52b847a710480721b6c4def72048468-1
525,1cfd2c6aa7a28ece5d2b6761de6a571f,1,a83f8e4b9176a5b958f7301342e32e59,605ae81a185108a9c8192bae163c27db,44380,"cruz das almas",BA,e0884eed28311e4365d93a89ac57eafb,audio,47,423,1,250,27,5,20,7040e82f899a04d1b434b795a43b4617,"sao paulo",SP,1026,credit_card,1,1,19.9,16.79,36.69,"2018-01-29 18:07:27","2018-01-23 17:33:09","2018-01-23 18:07:27","2018-01-26 18:13:36","2018-02-07 22:15:11","2018-02-23 00:00:00",Tuesday,January,2018,January-2018,delivered,1cfd2c6aa7a28ece5d2b6761de6a571f-1
526,5981fe47e1bfe9374b5c58d57ef9dbab,1,610afaffeb1682f6c97c3dcfde10f361,96cf2365af288c0bb05034020a2accff,96990,"estrela velha",RS,e0884eed28311e4365d93a89ac57eafb,audio,47,423,1,250,27,5,20,7040e82f899a04d1b434b795a43b4617,"sao paulo",SP,1026,credit_card,1,3,14.9,15.1,30,"2017-11-30 16:51:24","2017-11-24 15:43:35","2017-11-26 16:51:24","2017-11-29 02:09:18","2017-12-13 00:09:45","2017-12-27 00:00:00",Friday,November,2017,November-2017,delivered,5981fe47e1bfe9374b5c58d57ef9dbab-1
527,70303c8f09c18171b0c0b226b699436e,1,12c0a2ff9cb14a1215dd2b9b8616ce06,1af9e09c5069223f8fb24c5f20fcbe74,6535,"santana de parnaiba",SP,e0884eed28311e4365d93a89ac57eafb,audio,47,423,1,250,27,5,20,7040e82f899a04d1b434b795a43b4617,"sao paulo",SP,1026,boleto,1,1,14.9,7.78,22.68,"2017-12-04 03:32:27","2017-11-25 10:31:33","2017-11-28 03:40:14","2017-11-29 01:46:35","2017-11-30 20:04:24","2017-12-11 00:00:00",Saturday,November,2017,November-2017,delivered,70303c8f09c18171b0c0b226b699436e-1
528,7d9d81483acc12dda194e31e9ba22e9b,1,b1ec6ef6d21f2a3edb86d3b94e09e2d7,e1d0601cd4399d872d59565cb530f7d9,4515,"sao paulo",SP,e0884eed28311e4365d93a89ac57eafb,audio,47,423,1,250,27,5,20,7040e82f899a04d1b434b795a43b4617,"sao paulo",SP,1026,boleto,1,1,19.9,7.78,27.68,"2017-12-06 02:20:10","2017-11-29 09:19:33","2017-11-30 02:20:10","2017-11-30 20:18:47","2017-12-01 18:18:59","2017-12-13 00:00:00",Wednesday,November,2017,November-2017,delivered,7d9d81483acc12dda194e31e9ba22e9b-1
529,80dc6c8aaa5334db08944aab012bb8a7,1,5808329098f8f532ff43033ec188a072,c72a0999496805b6a9c74d76f7315912,6813,"embu das artes",SP,e0884eed28311e4365d93a89ac57eafb,audio,47,423,1,250,27,5,20,7040e82f899a04d1b434b795a43b4617,"sao paulo",SP,1026,credit_card,1,2,19.9,7.78,27.68,"2018-02-15 10:30:42","2018-02-10 10:20:06","2018-02-10 10:30:42","2018-02-16 00:12:46","2018-02-16 15:58:30","2018-02-26 00:00:00",Saturday,February,2018,February-2018,delivered,80dc6c8aaa5334db08944aab012bb8a7-1
530,a23f721497b1d681e6408ab48c1cf387,1,f9ab13c4ce6bd348989081ccc9e71dfe,d0370528c4ade8ce56a93a530163818b,24240,niteroi,RJ,e0884eed28311e4365d93a89ac57eafb,audio,47,423,1,250,27,5,20,7040e82f899a04d1b434b795a43b4617,"sao paulo",SP,1026,voucher,2,1,19.9,14.1,20,"2017-12-17 23:31:37","2017-12-11 22:11:37","2017-12-11 23:36:02","2017-12-13 01:51:46","2018-01-16 20:21:48","2018-01-05 00:00:00",Monday,December,2017,December-2017,delivered,a23f721497b1d681e6408ab48c1cf387-1
531,a23f721497b1d681e6408ab48c1cf387,1,f9ab13c4ce6bd348989081ccc9e71dfe,d0370528c4ade8ce56a93a530163818b,24240,niteroi,RJ,e0884eed28311e4365d93a89ac57eafb,audio,47,423,1,250,27,5,20,7040e82f899a04d1b434b795a43b4617,"sao paulo",SP,1026,credit_card,1,1,19.9,14.1,14,"2017-12-17 23:31:37","2017-12-11 22:11:37","2017-12-11 23:36:02","2017-12-13 01:51:46","2018-01-16 20:21:48","2018-01-05 00:00:00",Monday,December,2017,December-2017,delivered,a23f721497b1d681e6408ab48c1cf387-1
532,fefd2241bdaad0b1f5a3ebbc75fcbc97,1,ccf7f93ad493feb3d33050ce2240a8ef,07d0f92fe98485a217388a6b55cb8162,13044,campinas,SP,e0884eed28311e4365d93a89ac57eafb,audio,47,423,1,250,27,5,20,7040e82f899a04d1b434b795a43b4617,"sao paulo",SP,1026,credit_card,1,1,19.9,7.78,27.68,"2018-01-12 21:08:39","2018-01-08 20:57:04","2018-01-08 21:08:39","2018-01-10 00:24:14","2018-01-12 22:19:18","2018-01-24 00:00:00",Monday,January,2018,January-2018,delivered,fefd2241bdaad0b1f5a3ebbc75fcbc97-1
533,1ecfa320a6763da8b71ad1fbd4df6550,1,de265a335eb5862b07ad34e7511e6a7e,79a34be4a92fc400b28527551f595339,74170,goiania,GO,1078e04ece7f1498a5ea393bf9c4eb98,utilidades_domesticas,41,261,1,1000,28,8,37,7040e82f899a04d1b434b795a43b4617,"sao paulo",SP,1026,boleto,1,1,24.9,17.97,42.87,"2018-08-06 02:45:24","2018-07-31 16:48:21","2018-08-01 03:31:58","2018-08-01 15:43:00","2018-08-06 20:24:54","2018-08-13 00:00:00",Tuesday,July,2018,July-2018,delivered,1ecfa320a6763da8b71ad1fbd4df6550-1
534,39735cad3fa0e9f2ea20c536b26ac87c,1,fc6bab6bb079768258dd4385b9e5d7bb,a9ad39b80ace826baa900d906d27975f,12922,"braganca paulista",SP,1078e04ece7f1498a5ea393bf9c4eb98,utilidades_domesticas,41,261,1,1000,28,8,37,7040e82f899a04d1b434b795a43b4617,"sao paulo",SP,1026,boleto,1,1,24.9,11.19,36.09,"2018-08-07 03:10:15","2018-08-01 18:38:31","2018-08-02 03:10:15","2018-08-02 18:37:00","2018-08-06 19:02:20","2018-08-08 00:00:00",Wednesday,August,2018,August-2018,delivered,39735cad3fa0e9f2ea20c536b26ac87c-1
535,830c7606efcb798e1bacdc56247dc134,1,1ace49e26a375d56dda111fa921f0c01,7d15fd580b793c8ff29e3667ec862df8,4823,"sao paulo",SP,1078e04ece7f1498a5ea393bf9c4eb98,utilidades_domesticas,41,261,1,1000,28,8,37,7040e82f899a04d1b434b795a43b4617,"sao paulo",SP,1026,boleto,1,1,24.9,16.45,117.79,"2018-08-15 03:05:26","2018-08-09 13:35:56","2018-08-10 03:05:26","2018-08-10 15:26:00","2018-08-13 22:38:50","2018-08-24 00:00:00",Thursday,August,2018,August-2018,delivered,830c7606efcb798e1bacdc56247dc134-1
536,8f0ece4530d9684c0412c31486a5aee4,1,b42d2029896109ef336097650cf0e7af,c28bb51e3069fc0c18b767835cbd0c1b,35270,"mendes pimentel",MG,1078e04ece7f1498a5ea393bf9c4eb98,utilidades_domesticas,41,261,1,1000,28,8,37,7040e82f899a04d1b434b795a43b4617,"sao paulo",SP,1026,credit_card,1,2,24.9,19.99,44.89,"2018-08-20 23:04:02","2018-08-14 22:48:49","2018-08-14 23:04:02","2018-08-15 14:43:00","2018-08-21 01:32:24","2018-09-19 00:00:00",Tuesday,August,2018,August-2018,delivered,8f0ece4530d9684c0412c31486a5aee4-1
537,227fa80844be0bd82d292dbfcb79dfe4,1,d67e9d887acaa9d486406b55332f1f70,70154c8e9a3800762ea45dfff91108bf,12224,"sao jose dos campos",SP,d90d7857e8369bf261bcbaeb9731b64e,perfumaria,51,1526,2,850,26,10,26,7040e82f899a04d1b434b795a43b4617,"sao paulo",SP,1026,boleto,1,1,139.9,9.79,149.69,"2017-10-24 03:06:19","2017-10-17 12:02:37","2017-10-18 03:06:19","2017-10-18 21:47:57","2017-10-19 21:35:24","2017-10-27 00:00:00",Tuesday,October,2017,October-2017,delivered,227fa80844be0bd82d292dbfcb79dfe4-1
538,8b9c81aba1637b7096d3d34fe6f880a6,1,ffca1cb088905d26dcee8b7d3aac4349,a841fb573d875d9144d47ceb57b38207,60055,fortaleza,CE,d90d7857e8369bf261bcbaeb9731b64e,perfumaria,51,1526,2,850,26,10,26,7040e82f899a04d1b434b795a43b4617,"sao paulo",SP,1026,credit_card,1,2,139.9,21.38,161.28,"2017-12-19 06:54:32","2017-12-11 15:53:29","2017-12-13 06:54:32","2017-12-13 22:53:33","2018-01-08 22:09:32","2018-01-09 00:00:00",Monday,December,2017,December-2017,delivered,8b9c81aba1637b7096d3d34fe6f880a6-1
539,2456c2028c3aba19df5529d6fc81531f,1,e48fb89bd9b6253667462a5a7663a5ef,241a3f899f0574fb6220395ef306b6c6,95520,osorio,RS,b8a69a36a5ebf7a558bf12a864f2e0bb,perfumaria,51,934,1,400,27,5,20,7040e82f899a04d1b434b795a43b4617,"sao paulo",SP,1026,credit_card,1,1,34.9,15.1,50,"2017-10-09 17:56:12","2017-10-03 17:37:47","2017-10-03 17:56:12","2017-10-06 21:26:47","2017-10-17 20:33:16","2017-11-07 00:00:00",Tuesday,October,2017,October-2017,delivered,2456c2028c3aba19df5529d6fc81531f-1
540,505e3b83ecc630a2507a9d9c8bfedd8b,1,234b8c7443c22633e616ec258dbb68c8,4ad3c6eb3e5396d0578e62c11282d30f,36800,carangola,MG,b8a69a36a5ebf7a558bf12a864f2e0bb,perfumaria,51,934,1,400,27,5,20,7040e82f899a04d1b434b795a43b4617,"sao paulo",SP,1026,boleto,1,1,34.9,15.1,50,"2017-10-13 02:07:11","2017-10-05 14:48:13","2017-10-06 02:07:11","2017-10-09 22:46:31","2017-10-27 09:38:49","2017-11-03 00:00:00",Thursday,October,2017,October-2017,delivered,505e3b83ecc630a2507a9d9c8bfedd8b-1
541,2a4a59ba2f6ffd2ab64d38122a957cba,1,07660608cde07538da3a7ff7a838af11,b07ab7760be2e1a49e973e9f05c74997,3062,"sao paulo",SP,b17a6664cea6ac6c23ff388f5a67c973,beleza_saude,50,212,2,333,29,6,17,7040e82f899a04d1b434b795a43b4617,"sao paulo",SP,1026,voucher,2,1,24.9,8.29,2.7,"2018-05-18 10:55:24","2018-05-15 10:12:10","2018-05-15 10:55:24","2018-05-15 15:19:00","2018-05-16 19:18:48","2018-05-24 00:00:00",Tuesday,May,2018,May-2018,delivered,2a4a59ba2f6ffd2ab64d38122a957cba-1
542,2a4a59ba2f6ffd2ab64d38122a957cba,1,07660608cde07538da3a7ff7a838af11,b07ab7760be2e1a49e973e9f05c74997,3062,"sao paulo",SP,b17a6664cea6ac6c23ff388f5a67c973,beleza_saude,50,212,2,333,29,6,17,7040e82f899a04d1b434b795a43b4617,"sao paulo",SP,1026,voucher,1,1,24.9,8.29,30.49,"2018-05-18 10:55:24","2018-05-15 10:12:10","2018-05-15 10:55:24","2018-05-15 15:19:00","2018-05-16 19:18:48","2018-05-24 00:00:00",Tuesday,May,2018,May-2018,delivered,2a4a59ba2f6ffd2ab64d38122a957cba-1
543,47aa694d87f6ae4995bd02d6e8d9132d,1,0e9d153de61896911c7d236b8a6c1886,119606479bd91b852d2237c3505e647f,9260,"santo andre",SP,b17a6664cea6ac6c23ff388f5a67c973,beleza_saude,50,212,2,333,29,6,17,7040e82f899a04d1b434b795a43b4617,"sao paulo",SP,1026,voucher,3,1,24.9,8.29,3.75,"2018-04-03 23:15:12","2018-03-28 23:04:56","2018-03-28 23:15:12","2018-04-02 23:52:08","2018-04-04 18:52:30","2018-04-10 00:00:00",Wednesday,March,2018,March-2018,delivered,47aa694d87f6ae4995bd02d6e8d9132d-1
544,47aa694d87f6ae4995bd02d6e8d9132d,1,0e9d153de61896911c7d236b8a6c1886,119606479bd91b852d2237c3505e647f,9260,"santo andre",SP,b17a6664cea6ac6c23ff388f5a67c973,beleza_saude,50,212,2,333,29,6,17,7040e82f899a04d1b434b795a43b4617,"sao paulo",SP,1026,voucher,2,1,24.9,8.29,1.85,"2018-04-03 23:15:12","2018-03-28 23:04:56","2018-03-28 23:15:12","2018-04-02 23:52:08","2018-04-04 18:52:30","2018-04-10 00:00:00",Wednesday,March,2018,March-2018,delivered,47aa694d87f6ae4995bd02d6e8d9132d-1
545,47aa694d87f6ae4995bd02d6e8d9132d,1,0e9d153de61896911c7d236b8a6c1886,119606479bd91b852d2237c3505e647f,9260,"santo andre",SP,b17a6664cea6ac6c23ff388f5a67c973,beleza_saude,50,212,2,333,29,6,17,7040e82f899a04d1b434b795a43b4617,"sao paulo",SP,1026,voucher,4,1,24.9,8.29,19.76,"2018-04-03 23:15:12","2018-03-28 23:04:56","2018-03-28 23:15:12","2018-04-02 23:52:08","2018-04-04 18:52:30","2018-04-10 00:00:00",Wednesday,March,2018,March-2018,delivered,47aa694d87f6ae4995bd02d6e8d9132d-1
546,47aa694d87f6ae4995bd02d6e8d9132d,1,0e9d153de61896911c7d236b8a6c1886,119606479bd91b852d2237c3505e647f,9260,"santo andre",SP,b17a6664cea6ac6c23ff388f5a67c973,beleza_saude,50,212,2,333,29,6,17,7040e82f899a04d1b434b795a43b4617,"sao paulo",SP,1026,voucher,1,1,24.9,8.29,7.83,"2018-04-03 23:15:12","2018-03-28 23:04:56","2018-03-28 23:15:12","2018-04-02 23:52:08","2018-04-04 18:52:30","2018-04-10 00:00:00",Wednesday,March,2018,March-2018,delivered,47aa694d87f6ae4995bd02d6e8d9132d-1
547,2bdb4d9144e83d80bd260aedc3932c2b,1,7d6183cbd401ec9c46de24fa02a1a48b,48a245118cb42f0341662845e6d06375,13411,piracicaba,SP,59bad18214d8473f32faead52fe7fd4b,informatica_acessorios,52,409,1,200,27,5,20,7040e82f899a04d1b434b795a43b4617,"sao paulo",SP,1026,credit_card,1,1,9.9,8.72,18.62,"2017-12-21 19:31:38","2017-12-16 19:11:24","2017-12-16 19:32:58","2017-12-19 18:12:48","2017-12-23 01:04:29","2018-01-05 00:00:00",Saturday,December,2017,December-2017,delivered,2bdb4d9144e83d80bd260aedc3932c2b-1
548,30a75160cb7835cf044e45a5ad7abf0a,1,ff761bcce41a296b30dd9f9cba4c9761,a2d76872f0dca68506fa8a6653bfbe81,91130,"porto alegre",RS,98c398fbaff6d54ed48439476c7e9844,utilidades_domesticas,46,1329,1,1000,20,10,20,7040e82f899a04d1b434b795a43b4617,"sao paulo",SP,1026,credit_card,1,4,79.9,15.66,95.56,"2018-08-17 00:45:12","2018-08-13 00:32:51","2018-08-13 00:45:12","2018-08-13 15:26:00","2018-08-22 23:10:37","2018-08-29 00:00:00",Monday,August,2018,August-2018,delivered,30a75160cb7835cf044e45a5ad7abf0a-1
549,337ed97aec5fea9e7e8169cf04876433,1,e465c6ea4029a5ac79cff9d1d8a73755,07fa462b54870cf20c05a33c4f15c6e4,41830,salvador,BA,53090d94b00b6613c77382b7f4617d2b,audio,47,421,1,250,27,5,20,7040e82f899a04d1b434b795a43b4617,"sao paulo",SP,1026,credit_card,1,1,24.9,15.79,40.69,"2017-10-16 21:35:51","2017-10-09 20:23:03","2017-10-09 20:35:51","2017-10-11 23:13:30","2017-11-03 23:27:43","2017-10-31 00:00:00",Monday,October,2017,October-2017,delivered,337ed97aec5fea9e7e8169cf04876433-1
550,85bb28ec7b858a8b703d82a51b3f5e1f,1,404563b19eb7787cb7a8e07e853f7250,bf82837a50afe7e09679eeedfa1285ce,57010,maceio,AL,53090d94b00b6613c77382b7f4617d2b,audio,47,421,1,250,27,5,20,7040e82f899a04d1b434b795a43b4617,"sao paulo",SP,1026,boleto,1,1,14.9,21.15,36.05,"2017-11-30 04:32:30","2017-11-24 21:36:12","2017-11-25 04:32:30","2017-11-28 02:06:44","2017-12-06 18:48:07","2017-12-21 00:00:00",Friday,November,2017,November-2017,delivered,85bb28ec7b858a8b703d82a51b3f5e1f-1
551,b832b44bf5dbb96feec7409c23977046,1,cc2e71564f598d61c6eb0596715a83ff,6815555e5f3189411e31674606ef55e4,35613,"estrela do indaia",MG,53090d94b00b6613c77382b7f4617d2b,audio,47,421,1,250,27,5,20,7040e82f899a04d1b434b795a43b4617,"sao paulo",SP,1026,credit_card,1,1,22.9,15.1,38,"2017-11-23 15:47:47","2017-11-17 15:33:05","2017-11-17 15:47:47","2017-11-22 00:52:55","2017-11-29 06:17:14","2017-12-11 00:00:00",Friday,November,2017,November-2017,delivered,b832b44bf5dbb96feec7409c23977046-1
552,342abacf5185442bacf95ce406225c6c,1,61a90100c4c577546058330f1ee45df9,0f546eaf66eb19369deb8b9eda151b4f,4062,"sao paulo",SP,01bd9be7c04525d23a4a901b4abbf56c,utilidades_domesticas,28,331,1,8150,40,11,40,7040e82f899a04d1b434b795a43b4617,"sao paulo",SP,1026,credit_card,1,10,159.9,19.42,179.32,"2018-01-31 14:20:09","2018-01-25 14:10:23","2018-01-25 14:20:09","2018-01-26 21:06:52","2018-01-29 17:28:58","2018-02-09 00:00:00",Thursday,January,2018,January-2018,delivered,342abacf5185442bacf95ce406225c6c-1
553,a7c8f80297142bb722fe6d1bda6f5fe6,1,d3a8e1ea909151a954accab74ea6b663,c8330933899939c96a4f2632b9f4c8ce,5133,"sao paulo",SP,01bd9be7c04525d23a4a901b4abbf56c,utilidades_domesticas,28,331,1,8150,40,11,40,7040e82f899a04d1b434b795a43b4617,"sao paulo",SP,1026,credit_card,1,2,159.9,19.42,179.32,"2017-12-04 21:51:24","2017-11-28 21:32:32","2017-11-28 21:51:24","2017-11-30 20:18:52","2017-12-01 17:48:43","2017-12-12 00:00:00",Tuesday,November,2017,November-2017,delivered,a7c8f80297142bb722fe6d1bda6f5fe6-1
554,c8cd8e0f700ac1654cd0b3fe26ff99e9,1,380c29d5c7bc93676a017b1edbf4ea20,22c74adc2265375db611c05482fa9b7b,55660,bezerros,PE,01bd9be7c04525d23a4a901b4abbf56c,utilidades_domesticas,28,331,1,8150,40,11,40,7040e82f899a04d1b434b795a43b4617,"sao paulo",SP,1026,credit_card,2,6,159.9,29.52,198.84,"2017-10-29 22:25:37","2017-10-23 22:08:01","2017-10-23 22:25:37","2017-10-24 20:43:51","2017-11-01 18:51:27","2017-11-23 00:00:00",Monday,October,2017,October-2017,delivered,c8cd8e0f700ac1654cd0b3fe26ff99e9-1
555,c8cd8e0f700ac1654cd0b3fe26ff99e9,1,380c29d5c7bc93676a017b1edbf4ea20,22c74adc2265375db611c05482fa9b7b,55660,bezerros,PE,01bd9be7c04525d23a4a901b4abbf56c,utilidades_domesticas,28,331,1,8150,40,11,40,7040e82f899a04d1b434b795a43b4617,"sao paulo",SP,1026,credit_card,1,6,159.9,29.52,180,"2017-10-29 22:25:37","2017-10-23 22:08:01","2017-10-23 22:25:37","2017-10-24 20:43:51","2017-11-01 18:51:27","2017-11-23 00:00:00",Monday,October,2017,October-2017,delivered,c8cd8e0f700ac1654cd0b3fe26ff99e9-1
556,c8cd8e0f700ac1654cd0b3fe26ff99e9,2,380c29d5c7bc93676a017b1edbf4ea20,22c74adc2265375db611c05482fa9b7b,55660,bezerros,PE,01bd9be7c04525d23a4a901b4abbf56c,utilidades_domesticas,28,331,1,8150,40,11,40,7040e82f899a04d1b434b795a43b4617,"sao paulo",SP,1026,credit_card,2,6,159.9,29.52,198.84,"2017-10-29 22:25:37","2017-10-23 22:08:01","2017-10-23 22:25:37","2017-10-24 20:43:51","2017-11-01 18:51:27","2017-11-23 00:00:00",Monday,October,2017,October-2017,delivered,c8cd8e0f700ac1654cd0b3fe26ff99e9-2
557,c8cd8e0f700ac1654cd0b3fe26ff99e9,2,380c29d5c7bc93676a017b1edbf4ea20,22c74adc2265375db611c05482fa9b7b,55660,bezerros,PE,01bd9be7c04525d23a4a901b4abbf56c,utilidades_domesticas,28,331,1,8150,40,11,40,7040e82f899a04d1b434b795a43b4617,"sao paulo",SP,1026,credit_card,1,6,159.9,29.52,180,"2017-10-29 22:25:37","2017-10-23 22:08:01","2017-10-23 22:25:37","2017-10-24 20:43:51","2017-11-01 18:51:27","2017-11-23 00:00:00",Monday,October,2017,October-2017,delivered,c8cd8e0f700ac1654cd0b3fe26ff99e9-2
558,34c1a691fc965ffffd792dbd8e7ac087,1,076a27d502aeeddb25e540fb3caf9b3e,e760293a462479dea72a1a8ff7da5931,2018,"sao paulo",SP,0d9cceec564febe77a44f8123dc2279b,telefonia,52,815,2,250,27,5,20,7040e82f899a04d1b434b795a43b4617,"sao paulo",SP,1026,credit_card,1,1,19.9,9.34,110.72,"2017-12-14 18:50:08","2017-12-10 18:34:12","2017-12-10 18:50:08","2017-12-16 00:33:00","2017-12-18 20:49:56","2017-12-28 00:00:00",Sunday,December,2017,December-2017,delivered,34c1a691fc965ffffd792dbd8e7ac087-1
559,34c1a691fc965ffffd792dbd8e7ac087,2,076a27d502aeeddb25e540fb3caf9b3e,e760293a462479dea72a1a8ff7da5931,2018,"sao paulo",SP,0d9cceec564febe77a44f8123dc2279b,telefonia,52,815,2,250,27,5,20,7040e82f899a04d1b434b795a43b4617,"sao paulo",SP,1026,credit_card,1,1,19.9,9.34,110.72,"2017-12-14 18:50:08","2017-12-10 18:34:12","2017-12-10 18:50:08","2017-12-16 00:33:00","2017-12-18 20:49:56","2017-12-28 00:00:00",Sunday,December,2017,December-2017,delivered,34c1a691fc965ffffd792dbd8e7ac087-2
560,34c1a691fc965ffffd792dbd8e7ac087,3,076a27d502aeeddb25e540fb3caf9b3e,e760293a462479dea72a1a8ff7da5931,2018,"sao paulo",SP,0d9cceec564febe77a44f8123dc2279b,telefonia,52,815,2,250,27,5,20,7040e82f899a04d1b434b795a43b4617,"sao paulo",SP,1026,credit_card,1,1,19.9,9.34,110.72,"2017-12-14 18:50:08","2017-12-10 18:34:12","2017-12-10 18:50:08","2017-12-16 00:33:00","2017-12-18 20:49:56","2017-12-28 00:00:00",Sunday,December,2017,December-2017,delivered,34c1a691fc965ffffd792dbd8e7ac087-3
561,34c1a691fc965ffffd792dbd8e7ac087,4,076a27d502aeeddb25e540fb3caf9b3e,e760293a462479dea72a1a8ff7da5931,2018,"sao paulo",SP,5d61fa9714218b033b42ca6cbf0f2570,telefonia,53,816,2,350,27,5,20,7040e82f899a04d1b434b795a43b4617,"sao paulo",SP,1026,credit_card,1,1,19.9,3.11,110.72,"2017-12-14 18:50:08","2017-12-10 18:34:12","2017-12-10 18:50:08","2017-12-16 00:33:00","2017-12-18 20:49:56","2017-12-28 00:00:00",Sunday,December,2017,December-2017,delivered,34c1a691fc965ffffd792dbd8e7ac087-4
562,c0805c744ff47283d91804ab88a2e5c6,1,feb25a9935622c0e73e43acf72412f51,cb7ab27579bda3363cb3cc39c7f0bf25,5890,"sao paulo",SP,0d9cceec564febe77a44f8123dc2279b,telefonia,52,815,2,250,27,5,20,7040e82f899a04d1b434b795a43b4617,"sao paulo",SP,1026,credit_card,1,1,14.9,7.78,22.68,"2017-11-30 16:54:02","2017-11-24 14:43:03","2017-11-24 16:54:02","2017-11-30 20:16:59","2017-12-02 01:54:38","2017-12-08 00:00:00",Friday,November,2017,November-2017,delivered,c0805c744ff47283d91804ab88a2e5c6-1
563,35e29aad915d0ccfeeb308572ff8fe79,1,f0c584bdbe6bc2d65a3906a25191b07f,36a9da4891b799387b6e7d59173ab8b6,71680,brasilia,DF,9a4b54310a69c82a6773791c9099e109,utilidades_domesticas,22,332,1,250,34,5,27,7040e82f899a04d1b434b795a43b4617,"sao paulo",SP,1026,boleto,1,1,5.9,15.11,21.01,"2017-11-13 04:30:32","2017-11-04 12:02:38","2017-11-07 07:30:38","2017-11-09 18:48:43","2017-11-17 16:12:57","2017-11-27 00:00:00",Saturday,November,2017,November-2017,delivered,35e29aad915d0ccfeeb308572ff8fe79-1
564,50c4d73707f3154c08eb85d0fd1e5149,1,923c66d220bd6cc4760eb719e35f0b2f,0045e9ad4d6c85d2323a7ab374b76183,36200,barbacena,MG,9a4b54310a69c82a6773791c9099e109,utilidades_domesticas,22,332,1,250,34,5,27,7040e82f899a04d1b434b795a43b4617,"sao paulo",SP,1026,boleto,1,1,5.9,18.23,24.13,"2018-06-27 03:31:44","2018-06-19 23:13:23","2018-06-21 03:38:48","2018-06-21 15:12:00","2018-06-27 16:18:42","2018-07-16 00:00:00",Tuesday,June,2018,June-2018,delivered,50c4d73707f3154c08eb85d0fd1e5149-1
565,84ddfd4c559558c53b5a4c6765e49be8,1,16d5e579f5c682f592d57463ea890794,e46199e608da08442ed8c8202690bebb,6382,carapicuiba,SP,9a4b54310a69c82a6773791c9099e109,utilidades_domesticas,22,332,1,250,34,5,27,7040e82f899a04d1b434b795a43b4617,"sao paulo",SP,1026,credit_card,1,1,5.9,7.39,53.16,"2018-08-14 21:44:52","2018-08-09 21:31:52","2018-08-09 21:44:52","2018-08-10 15:11:00","2018-08-13 22:35:48","2018-08-15 00:00:00",Thursday,August,2018,August-2018,delivered,84ddfd4c559558c53b5a4c6765e49be8-1
566,84ddfd4c559558c53b5a4c6765e49be8,2,16d5e579f5c682f592d57463ea890794,e46199e608da08442ed8c8202690bebb,6382,carapicuiba,SP,9a4b54310a69c82a6773791c9099e109,utilidades_domesticas,22,332,1,250,34,5,27,7040e82f899a04d1b434b795a43b4617,"sao paulo",SP,1026,credit_card,1,1,5.9,7.39,53.16,"2018-08-14 21:44:52","2018-08-09 21:31:52","2018-08-09 21:44:52","2018-08-10 15:11:00","2018-08-13 22:35:48","2018-08-15 00:00:00",Thursday,August,2018,August-2018,delivered,84ddfd4c559558c53b5a4c6765e49be8-2
567,84ddfd4c559558c53b5a4c6765e49be8,3,16d5e579f5c682f592d57463ea890794,e46199e608da08442ed8c8202690bebb,6382,carapicuiba,SP,9a4b54310a69c82a6773791c9099e109,utilidades_domesticas,22,332,1,250,34,5,27,7040e82f899a04d1b434b795a43b4617,"sao paulo",SP,1026,credit_card,1,1,5.9,7.39,53.16,"2018-08-14 21:44:52","2018-08-09 21:31:52","2018-08-09 21:44:52","2018-08-10 15:11:00","2018-08-13 22:35:48","2018-08-15 00:00:00",Thursday,August,2018,August-2018,delivered,84ddfd4c559558c53b5a4c6765e49be8-3
568,84ddfd4c559558c53b5a4c6765e49be8,4,16d5e579f5c682f592d57463ea890794,e46199e608da08442ed8c8202690bebb,6382,carapicuiba,SP,9a4b54310a69c82a6773791c9099e109,utilidades_domesticas,22,332,1,250,34,5,27,7040e82f899a04d1b434b795a43b4617,"sao paulo",SP,1026,credit_card,1,1,5.9,7.39,53.16,"2018-08-14 21:44:52","2018-08-09 21:31:52","2018-08-09 21:44:52","2018-08-10 15:11:00","2018-08-13 22:35:48","2018-08-15 00:00:00",Thursday,August,2018,August-2018,delivered,84ddfd4c559558c53b5a4c6765e49be8-4
569,3bcd900ad6c00ba28359abcf765cc05d,1,accf3dbff23b624e0762877b205f6fd3,233918b333b963b55f6cc62e0f5e146b,11704,"praia grande",SP,2b3c98438883cfafc4ac288ed481b045,telefonia,50,845,2,200,27,5,20,7040e82f899a04d1b434b795a43b4617,"sao paulo",SP,1026,debit_card,1,1,19.9,7.4,27.3,"2018-08-30 09:50:20","2018-08-24 09:33:39","2018-08-24 09:50:20","2018-08-27 15:24:00","2018-08-29 22:03:19","2018-09-04 00:00:00",Friday,August,2018,August-2018,delivered,3bcd900ad6c00ba28359abcf765cc05d-1
570,3dd70a36f5f41e56af19f4948fdc0745,1,cac55ff10981d6526f8745b3b2061ea5,032ff47a960cc0d8b45d16e35b703a51,13720,"sao jose do rio pardo",SP,657491063e8a63247a108a4d9cedf020,brinquedos,25,274,1,3050,40,10,40,7040e82f899a04d1b434b795a43b4617,"sao paulo",SP,1026,credit_card,1,1,99.9,17.41,117.31,"2018-01-12 20:51:23","2018-01-08 20:42:55","2018-01-08 20:51:23","2018-01-10 00:29:00","2018-01-12 23:25:26","2018-01-31 00:00:00",Monday,January,2018,January-2018,delivered,3dd70a36f5f41e56af19f4948fdc0745-1
571,4cb45a7074870ecb5a1f362fd7043178,1,379d1c8b9cb461e483579f8239d3c316,4411b0c7c7d9276a037248a82f108f71,61635,caucaia,CE,657491063e8a63247a108a4d9cedf020,brinquedos,25,274,1,3050,40,10,40,7040e82f899a04d1b434b795a43b4617,"sao paulo",SP,1026,credit_card,1,11,89.9,26.77,116.67,"2017-11-30 10:17:53","2017-11-26 10:09:09","2017-11-26 10:17:53","2017-12-01 23:11:49","2018-01-04 21:22:50","2017-12-26 00:00:00",Sunday,November,2017,November-2017,delivered,4cb45a7074870ecb5a1f362fd7043178-1
572,98de0bad1834d3a90eb4180333a4fd2d,1,ced61c5cb8db0e02a11af8e5a2f3deea,cbe7e09084e800bb56a35a586a4272e8,22745,"rio de janeiro",RJ,657491063e8a63247a108a4d9cedf020,brinquedos,25,274,1,3050,40,10,40,7040e82f899a04d1b434b795a43b4617,"sao paulo",SP,1026,boleto,1,1,99.9,16.95,116.85,"2017-11-21 03:50:33","2017-11-12 21:29:12","2017-11-14 03:50:33","2017-11-14 22:52:50","2017-11-17 18:31:49","2017-12-01 00:00:00",Sunday,November,2017,November-2017,delivered,98de0bad1834d3a90eb4180333a4fd2d-1
573,a958c63d82402d33056428ad710622d0,1,9afad8b1caa618b7db42fff802a20502,35abb7c13ce5b7575fc6cf70bc6c93e8,37570,"ouro fino",MG,657491063e8a63247a108a4d9cedf020,brinquedos,25,274,1,3050,40,10,40,7040e82f899a04d1b434b795a43b4617,"sao paulo",SP,1026,boleto,1,1,99.9,25.54,125.44,"2017-12-18 03:38:29","2017-12-11 16:54:58","2017-12-12 03:38:29","2017-12-13 01:47:37","2017-12-19 16:35:05","2018-01-09 00:00:00",Monday,December,2017,December-2017,delivered,a958c63d82402d33056428ad710622d0-1
574,b3294cf5c413e45a9f56014be323601c,1,c18c0f8c117dc0553bb35bf11bb127dc,06f9fe91f0a7dbbd4c78ddecb3562486,3222,"sao paulo",SP,657491063e8a63247a108a4d9cedf020,brinquedos,25,274,1,3050,40,10,40,7040e82f899a04d1b434b795a43b4617,"sao paulo",SP,1026,credit_card,1,2,99.9,14.3,114.2,"2017-12-15 00:34:28","2017-12-09 00:38:37","2017-12-11 01:31:43","2017-12-12 22:58:34","2017-12-17 11:16:31","2017-12-28 00:00:00",Saturday,December,2017,December-2017,delivered,b3294cf5c413e45a9f56014be323601c-1
575,41028caaf199df18f6fbf94e3ba6180c,1,d325c94c9291ed4d4eff97bc40981b6a,a4f60f87c70d2f39dd474cbdec033310,20551,"rio de janeiro",RJ,6e4d0d0f95ee20729970abe6ad1bbe39,utilidades_domesticas,45,173,1,2400,50,6,50,7040e82f899a04d1b434b795a43b4617,"sao paulo",SP,1026,credit_card,1,4,79.9,16.81,96.71,"2018-01-26 21:55:30","2018-01-22 21:45:48","2018-01-22 21:55:30","2018-01-31 02:06:58","2018-02-08 19:28:30","2018-02-14 00:00:00",Monday,January,2018,January-2018,delivered,41028caaf199df18f6fbf94e3ba6180c-1
576,438a2e6f8c015ee413fa7c74b72db18c,1,d78f0bb6190a233536ac5258b79d6d80,e6d384b796a94c1e47b25c06dcd48e2e,24944,marica,RJ,98d3d093647c91f5bd575773f6eab9e1,perfumaria,54,1133,2,400,27,5,20,7040e82f899a04d1b434b795a43b4617,"sao paulo",SP,1026,credit_card,1,2,35.9,14.1,50,"2017-09-28 11:35:26","2017-09-22 11:12:47","2017-09-22 11:35:26","2017-09-22 20:24:37","2017-10-02 18:58:43","2017-10-20 00:00:00",Friday,September,2017,September-2017,delivered,438a2e6f8c015ee413fa7c74b72db18c-1
577,4a02e985c7239d866a632f07ed20d9c0,1,9c449813f9569a241e5daa4e2e1ba726,4f6e6a1e4d70f0210c1aa0861dfd5c78,2991,"sao paulo",SP,9834262f81613c7215955ac3b7081919,construcao_ferramentas_jardim,60,1782,1,613,26,15,21,7040e82f899a04d1b434b795a43b4617,"sao paulo",SP,1026,credit_card,1,1,39.9,8.72,48.62,"2017-10-11 11:44:56","2017-10-05 11:26:37","2017-10-05 11:44:56","2017-10-11 21:53:52","2017-10-24 15:56:55","2017-10-24 00:00:00",Thursday,October,2017,October-2017,delivered,4a02e985c7239d866a632f07ed20d9c0-1
578,565764e1a977efdce1789541c08aef07,1,b278d2b0a7398ea5ba2a108557f977de,74604128a5433aa4a90de1ab309fc9e6,60762,fortaleza,CE,9834262f81613c7215955ac3b7081919,construcao_ferramentas_jardim,60,1782,1,613,26,15,21,7040e82f899a04d1b434b795a43b4617,"sao paulo",SP,1026,credit_card,1,1,39.9,17.63,57.53,"2017-10-09 13:28:15","2017-10-03 13:13:18","2017-10-03 13:28:15","2017-10-13 16:07:48","2017-10-16 21:05:48","2017-10-30 00:00:00",Tuesday,October,2017,October-2017,delivered,565764e1a977efdce1789541c08aef07-1
579,b3e1af57e0cb89557abec0fd31d47c37,1,e1082da721695c572e703381e22ddb91,8d847804b5f12a9f42c3747f202025e1,93510,"novo hamburgo",RS,9834262f81613c7215955ac3b7081919,construcao_ferramentas_jardim,60,1782,1,613,26,15,21,7040e82f899a04d1b434b795a43b4617,"sao paulo",SP,1026,credit_card,1,1,33.9,15.11,49.01,"2018-01-16 18:48:38","2018-01-10 18:34:03","2018-01-10 18:48:38","2018-01-11 22:47:05","2018-01-24 18:37:12","2018-02-05 00:00:00",Wednesday,January,2018,January-2018,delivered,b3e1af57e0cb89557abec0fd31d47c37-1
580,e1746b01c76d5be983999db3fcd428da,1,ea47fabe452d49a57899ae39d4133bec,db84d308afd0c46705ccfff8978f563b,28750,"trajano de moraes",RJ,9834262f81613c7215955ac3b7081919,construcao_ferramentas_jardim,60,1782,1,613,26,15,21,7040e82f899a04d1b434b795a43b4617,"sao paulo",SP,1026,credit_card,1,1,33.9,16.11,25.03,"2018-01-29 15:38:24","2018-01-23 15:30:25","2018-01-23 15:38:24","2018-01-24 23:33:04","2018-02-08 05:18:53","2018-02-20 00:00:00",Tuesday,January,2018,January-2018,delivered,e1746b01c76d5be983999db3fcd428da-1
581,e1746b01c76d5be983999db3fcd428da,1,ea47fabe452d49a57899ae39d4133bec,db84d308afd0c46705ccfff8978f563b,28750,"trajano de moraes",RJ,9834262f81613c7215955ac3b7081919,construcao_ferramentas_jardim,60,1782,1,613,26,15,21,7040e82f899a04d1b434b795a43b4617,"sao paulo",SP,1026,voucher,2,1,33.9,16.11,24.98,"2018-01-29 15:38:24","2018-01-23 15:30:25","2018-01-23 15:38:24","2018-01-24 23:33:04","2018-02-08 05:18:53","2018-02-20 00:00:00",Tuesday,January,2018,January-2018,delivered,e1746b01c76d5be983999db3fcd428da-1
582,f2d63838fe6815651b76e2152f1a02ee,1,7e37c4691de2262c9faaa4096d2d8c5a,e9975df17eaae863301b6c1053370725,72318,brasilia,DF,9834262f81613c7215955ac3b7081919,construcao_ferramentas_jardim,60,1782,1,613,26,15,21,7040e82f899a04d1b434b795a43b4617,"sao paulo",SP,1026,boleto,1,1,39.9,15.11,55.01,"2017-11-21 04:10:21","2017-11-12 12:03:33","2017-11-14 04:10:21","2017-11-14 23:03:23","2017-11-20 20:24:39","2017-12-04 00:00:00",Sunday,November,2017,November-2017,delivered,f2d63838fe6815651b76e2152f1a02ee-1
583,4c796d310c3e227145d29bb0ae0dd5a5,1,fb2faacb34e24535e77e3c65bb6b046d,12c7d09701ee0dfcf05630e9016e49ab,30320,"belo horizonte",MG,ffae6024df16802ba75f761d9aa24367,telefonia,52,845,2,150,27,5,20,7040e82f899a04d1b434b795a43b4617,"sao paulo",SP,1026,credit_card,1,1,19.9,14.1,34,"2018-02-08 12:10:41","2018-02-02 11:07:25","2018-02-02 12:10:41","2018-02-05 22:28:59","2018-03-02 19:53:10","2018-02-26 00:00:00",Friday,February,2018,February-2018,delivered,4c796d310c3e227145d29bb0ae0dd5a5-1
584,7658a22ab4067d4c92a25cf2835331cf,1,8549a9bff0476c807b9df9803bedc6fd,cc061287c654ec7a1afbdf421ffdc771,12328,jacarei,SP,ffae6024df16802ba75f761d9aa24367,telefonia,52,845,2,150,27,5,20,7040e82f899a04d1b434b795a43b4617,"sao paulo",SP,1026,debit_card,1,1,19.9,7.78,27.68,"2017-10-03 16:14:15","2017-09-27 15:39:40","2017-09-27 16:14:45","2017-10-02 22:46:02","2017-10-03 23:02:17","2017-10-13 00:00:00",Wednesday,September,2017,September-2017,delivered,7658a22ab4067d4c92a25cf2835331cf-1
585,7c9454e9734bcf938b5b50af50269688,1,0c95ec410545d4fde2108fc69a4391cc,114dd55d6b883ed29636e4c66a412628,2018,"sao paulo",SP,ffae6024df16802ba75f761d9aa24367,telefonia,52,845,2,150,27,5,20,7040e82f899a04d1b434b795a43b4617,"sao paulo",SP,1026,credit_card,1,2,19.9,7.39,27.29,"2018-04-26 12:31:21","2018-04-22 11:49:37","2018-04-24 19:07:31","2018-04-24 23:41:23","2018-04-25 15:48:36","2018-05-08 00:00:00",Sunday,April,2018,April-2018,delivered,7c9454e9734bcf938b5b50af50269688-1
586,99ee8e68cacd5e1b674946811a8e0fec,1,4aace62d0cff2c5f4cde5f590f16c26d,070293d9b6c24e542c0aa98d3c4c8cf0,35300,caratinga,MG,ffae6024df16802ba75f761d9aa24367,telefonia,52,845,2,150,27,5,20,7040e82f899a04d1b434b795a43b4617,"sao paulo",SP,1026,boleto,1,1,14.9,15.1,30,"2017-12-04 02:53:39","2017-11-24 23:43:39","2017-11-28 02:53:39","2017-11-30 00:26:57","2017-12-12 10:49:59","2017-12-19 00:00:00",Friday,November,2017,November-2017,delivered,99ee8e68cacd5e1b674946811a8e0fec-1
587,de658852c7c4ebef68f148bdd87fbf41,1,5586e236d573bcb1147d57afd4671456,0f86ef9aae9a89589f6ee2b2f611dd9c,14150,serrana,SP,ffae6024df16802ba75f761d9aa24367,telefonia,52,845,2,150,27,5,20,7040e82f899a04d1b434b795a43b4617,"sao paulo",SP,1026,credit_card,1,3,19.9,11.85,31.75,"2017-12-29 18:58:20","2017-12-23 18:48:11","2017-12-23 18:58:20","2017-12-26 22:17:16","2018-01-23 18:48:07","2018-01-19 00:00:00",Saturday,December,2017,December-2017,delivered,de658852c7c4ebef68f148bdd87fbf41-1
588,f6bceb62b35d3e5335db07a36336bd6b,1,76ce8c1a4d84a87debbd58947bcfe8b5,bc3145577833db172e369881fca78cf2,39935,"santo antonio do jacinto",MG,ffae6024df16802ba75f761d9aa24367,telefonia,52,845,2,150,27,5,20,7040e82f899a04d1b434b795a43b4617,"sao paulo",SP,1026,credit_card,1,1,19.9,18.23,38.13,"2018-04-11 20:48:54","2018-04-05 20:33:18","2018-04-05 20:48:54","2018-04-07 01:34:32","2018-04-20 17:56:44","2018-05-03 00:00:00",Thursday,April,2018,April-2018,delivered,f6bceb62b35d3e5335db07a36336bd6b-1
589,fd651b5d45523bedc2076c015e66b6ee,1,6433ce3c89daca2222c79192295f8ec4,dfe23c62b20fc4def3a9664aaa31bb9f,77807,araguaina,TO,ffae6024df16802ba75f761d9aa24367,telefonia,52,845,2,150,27,5,20,7040e82f899a04d1b434b795a43b4617,"sao paulo",SP,1026,boleto,1,1,19.9,37.04,56.94,"2018-03-13 02:31:39","2018-03-05 18:17:44","2018-03-07 02:48:56","2018-03-09 23:18:25","2018-03-26 20:47:33","2018-03-27 00:00:00",Monday,March,2018,March-2018,delivered,fd651b5d45523bedc2076c015e66b6ee-1
590,4fe87ba02ffa026600dce759f9fcd02e,1,27fa9e9df539e6798ac824e0b86bb05e,8bbf6202da669bd5559f49f84af1d218,13566,"sao carlos",SP,8021eec060840489d25c322ee7fa5ed4,perfumaria,54,619,2,317,25,6,22,7040e82f899a04d1b434b795a43b4617,"sao paulo",SP,1026,voucher,1,1,38.9,11.85,29.9,"2017-09-19 21:55:08","2017-09-13 21:40:12","2017-09-13 21:55:08","2017-09-14 19:13:41","2017-09-19 20:54:51","2017-09-29 00:00:00",Wednesday,September,2017,September-2017,delivered,4fe87ba02ffa026600dce759f9fcd02e-1
591,4fe87ba02ffa026600dce759f9fcd02e,1,27fa9e9df539e6798ac824e0b86bb05e,8bbf6202da669bd5559f49f84af1d218,13566,"sao carlos",SP,8021eec060840489d25c322ee7fa5ed4,perfumaria,54,619,2,317,25,6,22,7040e82f899a04d1b434b795a43b4617,"sao paulo",SP,1026,voucher,2,1,38.9,11.85,20.85,"2017-09-19 21:55:08","2017-09-13 21:40:12","2017-09-13 21:55:08","2017-09-14 19:13:41","2017-09-19 20:54:51","2017-09-29 00:00:00",Wednesday,September,2017,September-2017,delivered,4fe87ba02ffa026600dce759f9fcd02e-1
592,50b12be3bc56611c2bfcc398100bc07b,1,ecade4bf0c41319e2593fd5a10e7a5a1,3a78549a86b2868dea4bea2d1d95a513,35790,curvelo,MG,6186a25dd2b885087bbf0863e5245d46,perfumaria,30,253,1,900,35,5,27,7040e82f899a04d1b434b795a43b4617,"sao paulo",SP,1026,credit_card,1,3,89.9,15.38,105.28,"2017-09-28 11:03:36","2017-09-24 10:31:10","2017-09-24 11:03:36","2017-09-25 20:33:08","2017-10-02 22:07:39","2017-10-20 00:00:00",Sunday,September,2017,September-2017,delivered,50b12be3bc56611c2bfcc398100bc07b-1
593,e49756b486c722bb970c4cadf35a2cc3,1,395109240d37ac26c624df336fb780c9,bee6d7eab49c4bce97c3baf1cd09be60,24130,niteroi,RJ,6186a25dd2b885087bbf0863e5245d46,perfumaria,30,253,1,900,35,5,27,7040e82f899a04d1b434b795a43b4617,"sao paulo",SP,1026,credit_card,1,8,89.9,14.38,104.28,"2017-09-19 16:55:11","2017-09-13 16:41:53","2017-09-13 16:55:11","2017-09-14 19:13:40","2017-09-18 19:10:23","2017-10-02 00:00:00",Wednesday,September,2017,September-2017,delivered,e49756b486c722bb970c4cadf35a2cc3-1
594,55f8a030ae34836632355176608c7314,2,6c4f1f1c4c39dc8ccd561f4f0c2135b3,b39fb81ffe4567441ce76b6f29550d04,13670,"santa rita do passa quatro",SP,40f9995eecfc68f54991ca49582e9885,telefonia,60,816,1,150,27,5,20,7040e82f899a04d1b434b795a43b4617,"sao paulo",SP,1026,credit_card,1,6,19.9,7.11,125.44,"2018-01-26 15:13:00","2018-01-22 14:55:18","2018-01-22 15:13:00","2018-01-24 11:13:02","2018-02-03 00:02:52","2018-02-14 00:00:00",Monday,January,2018,January-2018,delivered,55f8a030ae34836632355176608c7314-2
595,55f8a030ae34836632355176608c7314,1,6c4f1f1c4c39dc8ccd561f4f0c2135b3,b39fb81ffe4567441ce76b6f29550d04,13670,"santa rita do passa quatro",SP,9e10eb05d9f369d5c38c475425cc2ee9,telefonia,30,580,2,100,16,3,11,1ca7077d890b907f89be8c954a02686a,"santana de parnaiba",SP,6506,credit_card,1,6,35,14.22,125.44,"2018-01-26 15:13:00","2018-01-22 14:55:18","2018-01-22 15:13:00","2018-01-24 11:13:02","2018-02-03 00:02:52","2018-02-14 00:00:00",Monday,January,2018,January-2018,delivered,55f8a030ae34836632355176608c7314-1
596,55f8a030ae34836632355176608c7314,3,6c4f1f1c4c39dc8ccd561f4f0c2135b3,b39fb81ffe4567441ce76b6f29550d04,13670,"santa rita do passa quatro",SP,9e10eb05d9f369d5c38c475425cc2ee9,telefonia,30,580,2,100,16,3,11,1ca7077d890b907f89be8c954a02686a,"santana de parnaiba",SP,6506,credit_card,1,6,35,14.22,125.44,"2018-01-26 15:13:00","2018-01-22 14:55:18","2018-01-22 15:13:00","2018-01-24 11:13:02","2018-02-03 00:02:52","2018-02-14 00:00:00",Monday,January,2018,January-2018,delivered,55f8a030ae34836632355176608c7314-3
597,8ab67a33f5086c5971aca4569c4067a9,1,e4ff0e986267ae80bf791de3896f9b4e,170bdd7492c288bb1f788c1aff0f7503,50761,recife,PE,40f9995eecfc68f54991ca49582e9885,telefonia,60,816,1,150,27,5,20,7040e82f899a04d1b434b795a43b4617,"sao paulo",SP,1026,boleto,1,1,19.9,17.63,37.53,"2018-01-29 03:37:49","2018-01-20 23:34:50","2018-01-23 03:37:49","2018-01-23 23:44:35","2018-02-21 20:54:37","2018-02-21 00:00:00",Saturday,January,2018,January-2018,delivered,8ab67a33f5086c5971aca4569c4067a9-1
598,b75a6018e7dd4580ea41116341ec362f,1,157d0e216493fbaacd5ea9175f15076b,171485408014aed36c75286eb7bb0535,54786,camaragibe,PE,40f9995eecfc68f54991ca49582e9885,telefonia,60,816,1,150,27,5,20,7040e82f899a04d1b434b795a43b4617,"sao paulo",SP,1026,credit_card,1,1,19.9,17.63,37.53,"2018-02-19 16:47:53","2018-02-13 17:36:29","2018-02-13 17:47:53","2018-02-16 15:58:30","2018-02-27 20:59:47","2018-03-16 00:00:00",Tuesday,February,2018,February-2018,delivered,b75a6018e7dd4580ea41116341ec362f-1
599,5e13d329c7f14276973d82e2cd49b490,1,5612114672ad64e961d09613b8f196e5,2c887d4ebb9615a02c2a43b2fbea9108,4112,"sao paulo",SP,b4bc9f5c59d29ba89f37dcfa9ea53cc1,utilidades_domesticas,28,304,1,2100,50,11,50,7040e82f899a04d1b434b795a43b4617,"sao paulo",SP,1026,credit_card,1,3,79.9,13.11,93.01,"2018-01-23 16:59:25","2018-01-17 16:48:17","2018-01-17 16:59:25","2018-01-19 19:18:38","2018-01-22 22:38:04","2018-02-01 00:00:00",Wednesday,January,2018,January-2018,delivered,5e13d329c7f14276973d82e2cd49b490-1
600,a61379db8a77b3c23fd2f0f60a5bd564,1,71aaca101e760b339740798f91ff6283,0a078c08f87004c7e8011959046146b0,2269,"sao paulo",SP,b4bc9f5c59d29ba89f37dcfa9ea53cc1,utilidades_domesticas,28,304,1,2100,50,11,50,7040e82f899a04d1b434b795a43b4617,"sao paulo",SP,1026,credit_card,1,1,79.9,13.11,8.15,"2018-02-13 11:55:55","2018-02-06 11:24:59","2018-02-07 11:55:55","2018-02-07 23:04:38","2018-02-08 21:28:58","2018-02-22 00:00:00",Tuesday,February,2018,February-2018,delivered,a61379db8a77b3c23fd2f0f60a5bd564-1
601,a61379db8a77b3c23fd2f0f60a5bd564,1,71aaca101e760b339740798f91ff6283,0a078c08f87004c7e8011959046146b0,2269,"sao paulo",SP,b4bc9f5c59d29ba89f37dcfa9ea53cc1,utilidades_domesticas,28,304,1,2100,50,11,50,7040e82f899a04d1b434b795a43b4617,"sao paulo",SP,1026,voucher,2,1,79.9,13.11,84.86,"2018-02-13 11:55:55","2018-02-06 11:24:59","2018-02-07 11:55:55","2018-02-07 23:04:38","2018-02-08 21:28:58","2018-02-22 00:00:00",Tuesday,February,2018,February-2018,delivered,a61379db8a77b3c23fd2f0f60a5bd564-1
602,5f28a9d35378818c5a8a1a56874c5a32,1,464374e2978f309e923b8abfd247e92e,49547052a0e70faae67143e05cf2cd83,3191,"sao paulo",SP,63d91238d97cbb132fb0ebf97974c6d6,perfumaria,51,933,1,400,27,5,20,7040e82f899a04d1b434b795a43b4617,"sao paulo",SP,1026,credit_card,1,1,49.9,7.78,57.68,"2017-11-29 19:19:47","2017-11-23 19:09:19","2017-11-23 19:19:47","2017-11-24 21:34:56","2017-11-26 16:11:54","2017-12-07 00:00:00",Thursday,November,2017,November-2017,delivered,5f28a9d35378818c5a8a1a56874c5a32-1
603,609054aa2204f8dccb3f474165d1d411,1,7bfd6f2f9f7602552eec22e3517699ac,936034f35cc3c68cc9d2b8e0830649f4,79150,maracaju,MS,fd1eb7fd67e76cf3283618735a57cbcd,perfumaria,57,2670,3,1600,45,10,24,7040e82f899a04d1b434b795a43b4617,"sao paulo",SP,1026,boleto,1,1,149.9,18.3,168.2,"2017-10-26 03:05:38","2017-10-20 12:01:05","2017-10-21 03:05:38","2017-10-23 19:12:27","2017-10-26 15:31:59","2017-11-14 00:00:00",Friday,October,2017,October-2017,delivered,609054aa2204f8dccb3f474165d1d411-1
604,856a7ab58f3a7cc4560202758d971b38,1,b4a63ceeb0466c92a04c584e251b4579,a48cb60fc0afbf52d82418d6c8db54c9,30520,"belo horizonte",MG,fd1eb7fd67e76cf3283618735a57cbcd,perfumaria,57,2670,3,1600,45,10,24,7040e82f899a04d1b434b795a43b4617,"sao paulo",SP,1026,boleto,1,1,149.9,15.81,165.71,"2017-10-02 03:56:25","2017-09-25 01:11:48","2017-09-26 03:56:25","2017-09-26 19:48:45","2017-10-04 19:32:50","2017-10-18 00:00:00",Monday,September,2017,September-2017,delivered,856a7ab58f3a7cc4560202758d971b38-1
605,64c8d713a96944349d954eb4bd62e6d5,1,da6cb7e84bfcd07e870786f37895b6d2,748023de9f80b6385f2873e3e492253c,40255,salvador,BA,8974fd022d2eca68246a2f754bd7de23,telefonia,26,345,1,200,27,5,20,7040e82f899a04d1b434b795a43b4617,"sao paulo",SP,1026,boleto,1,1,24.9,17.1,42,"2018-08-15 11:30:06","2018-08-10 17:01:31","2018-08-11 11:30:06","2018-08-13 15:25:00","2018-08-22 23:08:27","2018-09-04 00:00:00",Friday,August,2018,August-2018,delivered,64c8d713a96944349d954eb4bd62e6d5-1
606,6aa12b7bccdfe9396d5feb50030e1b3f,1,cc21c72d5fd4f9dead0e01129cf6d9da,8f1103e442c01c9b49dbf79dfabbec6c,17012,bauru,SP,cbdb31ccb8741d52e26bf2a42c1648d1,utilidades_domesticas,28,354,1,2300,50,11,50,7040e82f899a04d1b434b795a43b4617,"sao paulo",SP,1026,credit_card,1,4,69.9,16.12,86.02,"2017-10-13 12:07:17","2017-10-06 11:49:47","2017-10-06 12:07:17","2017-10-09 22:04:11","2017-10-11 13:35:08","2017-10-30 00:00:00",Friday,October,2017,October-2017,delivered,6aa12b7bccdfe9396d5feb50030e1b3f-1
607,d9e85a628a68f162d46b273ae52d0119,1,a2591f825643f634e74804d71261369c,2ce0650b500ba0f95e44b3481d435520,22010,"rio de janeiro",RJ,cbdb31ccb8741d52e26bf2a42c1648d1,utilidades_domesticas,28,354,1,2300,50,11,50,7040e82f899a04d1b434b795a43b4617,"sao paulo",SP,1026,boleto,1,1,79.9,14.31,94.21,"2017-09-20 02:55:20","2017-09-13 07:57:20","2017-09-14 02:55:20","2017-09-14 19:13:40","2017-09-21 15:32:28","2017-09-29 00:00:00",Wednesday,September,2017,September-2017,delivered,d9e85a628a68f162d46b273ae52d0119-1
608,707ecac4537ba4d942b035e0377e56e4,1,c29905ff5d902727ae96cd2bdab4d440,e3d72218a378312ea9f9b5d721a59d96,5468,"sao paulo",SP,8ba4f2a4ae695d26e5626c1bf710975e,utilidades_domesticas,52,968,1,900,50,5,50,7040e82f899a04d1b434b795a43b4617,"sao paulo",SP,1026,credit_card,1,3,69.9,9.24,79.14,"2018-08-13 12:05:14","2018-08-08 11:55:41","2018-08-08 12:05:14","2018-08-10 01:48:00","2018-08-10 22:28:38","2018-08-14 00:00:00",Wednesday,August,2018,August-2018,delivered,707ecac4537ba4d942b035e0377e56e4-1
609,73f38e238737fb52c78ba2002c2e9213,1,5bf0634b796a9bb7714dd6c7baedf611,aab8da7cf44935b6239eafd8750d6ec4,60822,fortaleza,CE,30ad9d2c8a8e788a606a6c23e07260a9,informatica_acessorios,38,488,1,300,27,5,20,7040e82f899a04d1b434b795a43b4617,"sao paulo",SP,1026,credit_card,1,4,24.9,19.04,43.94,"2018-05-04 15:10:04","2018-04-27 14:49:05","2018-04-27 15:10:04","2018-05-03 14:34:00","2018-06-01 16:38:44","2018-05-23 00:00:00",Friday,April,2018,April-2018,delivered,73f38e238737fb52c78ba2002c2e9213-1
610,85d1f27ce2b79aafb89810ff41fc3e72,1,051df23b0ca41d5daa47268b5b96a450,bfd192684da3866e9c63028c82b7d0b2,38300,ituiutaba,MG,30ad9d2c8a8e788a606a6c23e07260a9,informatica_acessorios,38,488,1,300,27,5,20,7040e82f899a04d1b434b795a43b4617,"sao paulo",SP,1026,voucher,2,1,24.9,47.2,162.07,"2017-12-29 01:29:51","2017-12-23 01:23:00","2017-12-23 01:29:51","2017-12-26 22:17:14","2018-01-03 18:12:58","2018-01-24 00:00:00",Saturday,December,2017,December-2017,delivered,85d1f27ce2b79aafb89810ff41fc3e72-1
611,85d1f27ce2b79aafb89810ff41fc3e72,1,051df23b0ca41d5daa47268b5b96a450,bfd192684da3866e9c63028c82b7d0b2,38300,ituiutaba,MG,30ad9d2c8a8e788a606a6c23e07260a9,informatica_acessorios,38,488,1,300,27,5,20,7040e82f899a04d1b434b795a43b4617,"sao paulo",SP,1026,credit_card,1,1,24.9,47.2,9.94,"2017-12-29 01:29:51","2017-12-23 01:23:00","2017-12-23 01:29:51","2017-12-26 22:17:14","2018-01-03 18:12:58","2018-01-24 00:00:00",Saturday,December,2017,December-2017,delivered,85d1f27ce2b79aafb89810ff41fc3e72-1
612,85d1f27ce2b79aafb89810ff41fc3e72,2,051df23b0ca41d5daa47268b5b96a450,bfd192684da3866e9c63028c82b7d0b2,38300,ituiutaba,MG,c06f7984550cc89a7d76e51e936e714f,moveis_decoracao,34,909,1,600,17,17,17,3df020b72d3d44b3af9d110fa3940b65,jales,SP,15704,voucher,2,1,49.9,0.06,162.07,"2017-12-29 01:29:51","2017-12-23 01:23:00","2017-12-23 01:29:51","2017-12-26 22:17:14","2018-01-03 18:12:58","2018-01-24 00:00:00",Saturday,December,2017,December-2017,delivered,85d1f27ce2b79aafb89810ff41fc3e72-2
613,85d1f27ce2b79aafb89810ff41fc3e72,2,051df23b0ca41d5daa47268b5b96a450,bfd192684da3866e9c63028c82b7d0b2,38300,ituiutaba,MG,c06f7984550cc89a7d76e51e936e714f,moveis_decoracao,34,909,1,600,17,17,17,3df020b72d3d44b3af9d110fa3940b65,jales,SP,15704,credit_card,1,1,49.9,0.06,9.94,"2017-12-29 01:29:51","2017-12-23 01:23:00","2017-12-23 01:29:51","2017-12-26 22:17:14","2018-01-03 18:12:58","2018-01-24 00:00:00",Saturday,December,2017,December-2017,delivered,85d1f27ce2b79aafb89810ff41fc3e72-2
614,85d1f27ce2b79aafb89810ff41fc3e72,3,051df23b0ca41d5daa47268b5b96a450,bfd192684da3866e9c63028c82b7d0b2,38300,ituiutaba,MG,c06f7984550cc89a7d76e51e936e714f,moveis_decoracao,34,909,1,600,17,17,17,3df020b72d3d44b3af9d110fa3940b65,jales,SP,15704,voucher,2,1,49.9,0.06,162.07,"2017-12-29 01:29:51","2017-12-23 01:23:00","2017-12-23 01:29:51","2017-12-26 22:17:14","2018-01-03 18:12:58","2018-01-24 00:00:00",Saturday,December,2017,December-2017,delivered,85d1f27ce2b79aafb89810ff41fc3e72-3
615,85d1f27ce2b79aafb89810ff41fc3e72,3,051df23b0ca41d5daa47268b5b96a450,bfd192684da3866e9c63028c82b7d0b2,38300,ituiutaba,MG,c06f7984550cc89a7d76e51e936e714f,moveis_decoracao,34,909,1,600,17,17,17,3df020b72d3d44b3af9d110fa3940b65,jales,SP,15704,credit_card,1,1,49.9,0.06,9.94,"2017-12-29 01:29:51","2017-12-23 01:23:00","2017-12-23 01:29:51","2017-12-26 22:17:14","2018-01-03 18:12:58","2018-01-24 00:00:00",Saturday,December,2017,December-2017,delivered,85d1f27ce2b79aafb89810ff41fc3e72-3
616,762d133d5121c48c9e5c85be852eb0a6,1,72dedd2bb847fd4494d22b99a1e7a938,a882528646a3d97c9977260d58dd4866,8150,"sao paulo",SP,5cb51e5de546a11f68d85ad8cfbc5563,telefonia,56,845,1,250,27,5,20,7040e82f899a04d1b434b795a43b4617,"sao paulo",SP,1026,credit_card,1,2,15.9,7.78,23.68,"2017-11-30 09:11:39","2017-11-23 09:13:22","2017-11-25 09:11:39","2017-11-29 20:53:42","2017-12-04 13:59:34","2017-12-05 00:00:00",Thursday,November,2017,November-2017,delivered,762d133d5121c48c9e5c85be852eb0a6-1
617,768f78186d59eef3d5f40db13f5bcb8d,1,209e2df1f5f3ecc30a4eeab722f413ff,31538ea9bcf468ca4361478b6a5346cc,5303,"sao paulo",SP,cfc9c664a619052e66f93ce4c67bbbd5,utilidades_domesticas,31,479,1,350,30,5,20,7040e82f899a04d1b434b795a43b4617,"sao paulo",SP,1026,credit_card,1,1,14.9,7.39,22.29,"2018-05-18 07:55:15","2018-05-15 07:44:46","2018-05-15 07:55:15","2018-05-15 15:15:00","2018-05-16 15:48:27","2018-05-24 00:00:00",Tuesday,May,2018,May-2018,delivered,768f78186d59eef3d5f40db13f5bcb8d-1
618,794fe563dd7bc49998f96c29d3e5152a,1,56955ea9a49a13db592fdf6412e6d107,f65fa2ea14ed9b290d893fa8dc18186f,11606,"sao sebastiao",SP,6189e02e0740fb983b93e8075e965290,telefonia,56,1520,1,250,16,4,11,7040e82f899a04d1b434b795a43b4617,"sao paulo",SP,1026,credit_card,1,4,29.9,11.85,41.75,"2017-11-30 17:53:27","2017-11-25 17:44:35","2017-11-25 17:53:27","2017-11-29 01:46:35","2017-12-04 18:12:32","2017-12-15 00:00:00",Saturday,November,2017,November-2017,delivered,794fe563dd7bc49998f96c29d3e5152a-1
619,7950da660ed653b5a9b6ee668da63857,1,839112f54a5bce3abf98574872d91859,b02a5df6d2bc1bfed97344b56b7f218a,4303,"sao paulo",SP,68a806c992c807c249f0a433a4e9a1f4,moveis_decoracao,54,419,1,1400,40,10,40,7040e82f899a04d1b434b795a43b4617,"sao paulo",SP,1026,credit_card,1,2,89.9,9.44,99.34,"2017-10-06 14:28:18","2017-10-02 14:16:46","2017-10-02 14:28:18","2017-10-04 21:39:49","2017-10-09 23:44:06","2017-10-18 00:00:00",Monday,October,2017,October-2017,delivered,7950da660ed653b5a9b6ee668da63857-1
620,e61446b718befe7289d6a8451938b645,1,32c2f812cff3dacab1dff78ccad17c78,0097c1e3f3c2fed7a7d8cf30be1a33df,13300,itu,SP,68a806c992c807c249f0a433a4e9a1f4,moveis_decoracao,54,419,1,1400,40,10,40,7040e82f899a04d1b434b795a43b4617,"sao paulo",SP,1026,boleto,1,1,89.9,11.83,101.73,"2017-12-04 03:31:31","2017-11-27 13:25:08","2017-11-28 03:41:03","2017-11-28 23:26:36","2017-11-30 23:57:02","2017-12-11 00:00:00",Monday,November,2017,November-2017,delivered,e61446b718befe7289d6a8451938b645-1
621,83fa35671cfa30d9ed1256b079d0b230,1,b5a4db50f3fb172ce98ba96d54b72e9a,f6b136a5a2ad80fb1c3aa41cc51ca792,35500,divinopolis,MG,bb5c167b9d0732488b3b5a0b173cc41d,utilidades_domesticas,22,268,1,550,27,5,20,7040e82f899a04d1b434b795a43b4617,"sao paulo",SP,1026,credit_card,1,7,59.9,18.3,78.2,"2018-05-06 21:35:35","2018-04-29 21:22:42","2018-04-29 21:35:35","2018-05-14 06:27:00","2018-05-18 02:51:42","2018-05-22 00:00:00",Sunday,April,2018,April-2018,delivered,83fa35671cfa30d9ed1256b079d0b230-1
622,86af1e4b328bff98d4fc63ca4ce8e94f,1,45719828037a9bce929843bde52b2500,e94ce6b948c470cbf7c123f05d9d8811,28020,"campos dos goytacazes",RJ,1ec5253cf0b6d3a31b822770cfa139b5,utilidades_domesticas,28,337,1,9000,50,14,50,7040e82f899a04d1b434b795a43b4617,"sao paulo",SP,1026,credit_card,1,4,159.9,40.45,200.35,"2017-12-18 23:28:46","2017-12-12 23:18:29","2017-12-12 23:28:46","2017-12-13 22:38:37","2018-01-15 19:48:53","2018-01-09 00:00:00",Tuesday,December,2017,December-2017,delivered,86af1e4b328bff98d4fc63ca4ce8e94f-1
623,a4052a184e5a78c6be9f09a9fed53279,1,5b15099cd3c044e51c9d267a0d5a15b8,dfc6382c1c6b718d8dcdaabd435190a4,9390,maua,SP,1ec5253cf0b6d3a31b822770cfa139b5,utilidades_domesticas,28,337,1,9000,50,14,50,7040e82f899a04d1b434b795a43b4617,"sao paulo",SP,1026,credit_card,1,3,159.9,19.42,179.32,"2018-02-12 19:31:21","2018-02-06 19:20:00","2018-02-06 19:31:51","2018-02-07 21:23:24","2018-03-08 20:33:33","2018-02-22 00:00:00",Tuesday,February,2018,February-2018,delivered,a4052a184e5a78c6be9f09a9fed53279-1
624,fbe768ef510412dd02e7f6a28504ec7f,1,f9b3163aeb846f90e9a63989e5c97c7a,a935b95ae613a940c4a6dba690d21f3c,7151,guarulhos,SP,1ec5253cf0b6d3a31b822770cfa139b5,utilidades_domesticas,28,337,1,9000,50,14,50,7040e82f899a04d1b434b795a43b4617,"sao paulo",SP,1026,credit_card,1,2,159.9,19.42,179.32,"2018-01-02 16:33:25","2017-12-26 16:22:21","2017-12-26 16:33:25","2017-12-27 17:51:49","2017-12-29 14:48:48","2018-01-15 00:00:00",Tuesday,December,2017,December-2017,delivered,fbe768ef510412dd02e7f6a28504ec7f-1
625,8738785542fcbf848621d353326ec75d,2,6388e7c216b24a512b375a525d7ff4b7,8dbbf39064a6aa2a21f97ff0422e5acd,11709,"praia grande",SP,f124ba93c961061c1358bab8b90730ba,audio,50,447,1,150,27,5,20,7040e82f899a04d1b434b795a43b4617,"sao paulo",SP,1026,credit_card,1,4,19.9,12.91,124.72,"2018-04-16 00:15:31","2018-04-09 22:11:01","2018-04-10 00:15:31","2018-04-10 18:02:09","2018-04-16 17:16:52","2018-05-03 00:00:00",Monday,April,2018,April-2018,delivered,8738785542fcbf848621d353326ec75d-2
626,8738785542fcbf848621d353326ec75d,1,6388e7c216b24a512b375a525d7ff4b7,8dbbf39064a6aa2a21f97ff0422e5acd,11709,"praia grande",SP,586328f570ac0b651d452f1227db4d1c,relogios_presentes,47,434,1,119,17,10,13,522620dcb18a6b31cd7bdf73665113a9,cascavel,PR,85801,credit_card,1,4,79,12.91,124.72,"2018-04-16 00:15:31","2018-04-09 22:11:01","2018-04-10 00:15:31","2018-04-10 18:02:09","2018-04-16 17:16:52","2018-05-03 00:00:00",Monday,April,2018,April-2018,delivered,8738785542fcbf848621d353326ec75d-1
627,8fc129e3ef1d0321226112bca0564142,1,f7dfccdce047cf62ddcfab87ac776e0d,161e3f89b75520b49964681a6e43024b,44640,"riachao do jacuipe",BA,f124ba93c961061c1358bab8b90730ba,audio,50,447,1,150,27,5,20,7040e82f899a04d1b434b795a43b4617,"sao paulo",SP,1026,credit_card,1,1,14.9,22.06,36.96,"2018-06-08 10:30:46","2018-05-31 10:16:17","2018-05-31 10:30:46","2018-06-01 14:05:00","2018-06-11 15:51:43","2018-07-17 00:00:00",Thursday,May,2018,May-2018,delivered,8fc129e3ef1d0321226112bca0564142-1
628,cfda3e5bd8b79ab7fc0bbd0c485d6414,1,387456acd703ad6ba4deefd1eb8a65ac,2129a73438f9f87b1764c6b227a5edbe,4841,"sao paulo",SP,f124ba93c961061c1358bab8b90730ba,audio,50,447,1,150,27,5,20,7040e82f899a04d1b434b795a43b4617,"sao paulo",SP,1026,credit_card,1,1,14.9,7.39,22.29,"2018-08-17 07:25:06","2018-08-13 07:14:52","2018-08-13 07:25:06","2018-08-13 15:23:00","2018-08-16 00:51:34","2018-08-20 00:00:00",Monday,August,2018,August-2018,delivered,cfda3e5bd8b79ab7fc0bbd0c485d6414-1
629,9808a7f5f5446817c3ebf7a804111d53,1,b2e5428802f42f9f27ef4b4bdf20524e,5c96a1394a3f018245c5eac45e612efb,1419,"sao paulo",SP,b9775d8418a0f0dd37b53431e90572a5,informatica_acessorios,31,488,1,215,22,10,18,7040e82f899a04d1b434b795a43b4617,"sao paulo",SP,1026,credit_card,1,3,24.9,7.78,32.68,"2017-11-08 00:15:49","2017-11-01 00:12:34","2017-11-02 00:15:49","2017-11-04 01:13:43","2017-11-06 18:21:10","2017-11-13 00:00:00",Wednesday,November,2017,November-2017,delivered,9808a7f5f5446817c3ebf7a804111d53-1
630,9a0711872c4923672894e8289ecfab8c,1,12d5fe2dff8194a6c4b9320fac65c9a3,9a4b61ff23cf22fff476440b5186844b,9134,"santo andre",SP,6fab1c39de4cee5cf3a849f7f72cba57,audio,60,504,2,300,27,5,20,7040e82f899a04d1b434b795a43b4617,"sao paulo",SP,1026,boleto,1,1,49.9,7.78,57.68,"2017-12-28 02:11:49","2017-12-19 20:35:32","2017-12-21 02:11:49","2017-12-22 17:24:13","2018-01-15 14:14:32","2018-01-08 00:00:00",Tuesday,December,2017,December-2017,delivered,9a0711872c4923672894e8289ecfab8c-1
631,a5016f72057fe780772bd4c88fa95951,1,05d6b909009e98a4cb2330bc6a4651ef,7cb9411031a91c7046dced0d11364690,12520,guaratingueta,SP,2b104f2d1b2c3cc5a0cc98c1212e29c9,bebes,35,290,1,345,31,8,12,7040e82f899a04d1b434b795a43b4617,"sao paulo",SP,1026,boleto,1,1,34.9,13.71,48.61,"2018-06-07 02:31:55","2018-05-29 11:33:14","2018-05-30 02:32:19","2018-05-30 14:26:00","2018-06-03 12:02:26","2018-06-29 00:00:00",Tuesday,May,2018,May-2018,delivered,a5016f72057fe780772bd4c88fa95951-1
632,a60cfae2bca27cb006f446f1f04cb730,1,faa9d2f851f2d1d8bbce6c4df3a9a5f9,1d142b038c3043e0f65cdeca3f0fe729,6390,carapicuiba,SP,6e79f7513adfd9ac67faa19f0d4ace53,informatica_acessorios,40,449,1,350,27,5,20,7040e82f899a04d1b434b795a43b4617,"sao paulo",SP,1026,credit_card,1,2,19.9,7.39,27.29,"2018-04-10 16:30:21","2018-04-04 16:19:09","2018-04-04 16:30:42","2018-04-05 19:38:40","2018-04-06 18:06:45","2018-04-20 00:00:00",Wednesday,April,2018,April-2018,delivered,a60cfae2bca27cb006f446f1f04cb730-1
633,db97652cf517d2cd03db63dec489ca62,1,a02f66c3af7b16eec19ddcd98b645fe3,b3548d0cec408ae13d143bb4eeebaa6c,13323,salto,SP,6e79f7513adfd9ac67faa19f0d4ace53,informatica_acessorios,40,449,1,350,27,5,20,7040e82f899a04d1b434b795a43b4617,"sao paulo",SP,1026,voucher,2,1,19.9,7.78,10.26,"2017-10-05 09:14:07","2017-10-01 08:57:03","2017-10-01 09:14:07","2017-10-02 19:32:57","2017-10-03 14:23:50","2017-10-18 00:00:00",Sunday,October,2017,October-2017,delivered,db97652cf517d2cd03db63dec489ca62-1
634,db97652cf517d2cd03db63dec489ca62,1,a02f66c3af7b16eec19ddcd98b645fe3,b3548d0cec408ae13d143bb4eeebaa6c,13323,salto,SP,6e79f7513adfd9ac67faa19f0d4ace53,informatica_acessorios,40,449,1,350,27,5,20,7040e82f899a04d1b434b795a43b4617,"sao paulo",SP,1026,voucher,3,1,19.9,7.78,7.15,"2017-10-05 09:14:07","2017-10-01 08:57:03","2017-10-01 09:14:07","2017-10-02 19:32:57","2017-10-03 14:23:50","2017-10-18 00:00:00",Sunday,October,2017,October-2017,delivered,db97652cf517d2cd03db63dec489ca62-1
635,db97652cf517d2cd03db63dec489ca62,1,a02f66c3af7b16eec19ddcd98b645fe3,b3548d0cec408ae13d143bb4eeebaa6c,13323,salto,SP,6e79f7513adfd9ac67faa19f0d4ace53,informatica_acessorios,40,449,1,350,27,5,20,7040e82f899a04d1b434b795a43b4617,"sao paulo",SP,1026,voucher,1,1,19.9,7.78,10.27,"2017-10-05 09:14:07","2017-10-01 08:57:03","2017-10-01 09:14:07","2017-10-02 19:32:57","2017-10-03 14:23:50","2017-10-18 00:00:00",Sunday,October,2017,October-2017,delivered,db97652cf517d2cd03db63dec489ca62-1
636,b25c87440df98e833f8cec6ad163a098,1,dabce7e137934de433d062eb02ad15f3,84324560300f55415bb5a5ae81d1f2c1,81770,curitiba,PR,e2f3f7ec8185e5931ae0faaa63175ae8,brinquedos,44,437,1,4850,50,12,50,7040e82f899a04d1b434b795a43b4617,"sao paulo",SP,1026,credit_card,1,3,139.9,17.17,157.07,"2018-07-02 23:15:45","2018-06-26 22:38:13","2018-06-26 23:15:45","2018-06-28 15:17:00","2018-07-03 22:42:12","2018-07-20 00:00:00",Tuesday,June,2018,June-2018,delivered,b25c87440df98e833f8cec6ad163a098-1
637,bff04363f492d6a9314326851a1e4991,1,3d245e1794d041af9c15d9e8933be45a,249752dac15d9302f0b43aa25b261c64,13150,cosmopolis,SP,290ba8a3d628822483a2b87cd122c739,telefonia,51,1611,1,350,27,5,20,7040e82f899a04d1b434b795a43b4617,"sao paulo",SP,1026,boleto,1,1,79.9,7.81,87.71,"2017-12-18 04:09:25","2017-12-09 07:46:57","2017-12-12 04:09:55","2017-12-13 02:23:13","2017-12-15 21:48:38","2017-12-29 00:00:00",Saturday,December,2017,December-2017,delivered,bff04363f492d6a9314326851a1e4991-1
638,c568b098d9dd03c22f387c2f0eb4be8e,1,c0078a50a61a1fcaf1f3d7d3fca61230,c4ddab9482e8e41c107f7985f702ced6,41830,salvador,BA,8229312bb3ac903dda978c5f6a7206bd,utilidades_domesticas,56,411,1,900,50,7,50,7040e82f899a04d1b434b795a43b4617,"sao paulo",SP,1026,credit_card,1,3,59.9,18.57,78.47,"2018-07-05 15:10:14","2018-06-30 14:52:27","2018-06-30 15:10:14","2018-07-05 15:34:00","2018-07-12 23:52:49","2018-07-27 00:00:00",Saturday,June,2018,June-2018,delivered,c568b098d9dd03c22f387c2f0eb4be8e-1
639,d0d4207173277bb279959dc8b2c35b2f,1,a45d045d2c2dc711b783689a3815b34f,b89b78f055fbd6a09697b057fdcbf754,19400,"presidente venceslau",SP,eac9c1d0fccbfea24c2524ebe84b8bee,telefonia,53,845,2,200,27,5,20,7040e82f899a04d1b434b795a43b4617,"sao paulo",SP,1026,credit_card,1,3,19.9,11.85,31.75,"2017-10-20 21:49:51","2017-10-16 21:27:35","2017-10-16 21:49:51","2017-10-17 18:39:51","2017-10-20 19:45:18","2017-11-01 00:00:00",Monday,October,2017,October-2017,delivered,d0d4207173277bb279959dc8b2c35b2f-1
640,da532e87f26c130e0b3184bdd837982b,1,e2b825de6fb1e640dc7d4c0a43496e97,d94c6f7934657234a8a77b2879d29fb0,24465,"sao goncalo",RJ,91ad72a5e0313d764d9603f18f2c3658,telefonia,59,486,1,253,20,10,18,7040e82f899a04d1b434b795a43b4617,"sao paulo",SP,1026,voucher,1,1,99.9,14.45,114.35,"2017-09-20 17:44:11","2017-09-12 22:20:18","2017-09-14 17:44:11","2017-09-15 19:44:40","2017-09-25 18:23:03","2017-09-29 00:00:00",Tuesday,September,2017,September-2017,delivered,da532e87f26c130e0b3184bdd837982b-1
641,e288fa5f1799464f8ec22b005044bf8a,1,a3a24cb81ef6ea2381fd68794f394176,df19dc0cac227c6f9d79f598c4b2c009,97015,"santa maria",RS,54e68dc384678ee9280afd42a1b7d97d,telefonia,54,845,2,250,27,5,20,7040e82f899a04d1b434b795a43b4617,"sao paulo",SP,1026,credit_card,1,1,19.9,15.1,35,"2017-10-06 00:49:25","2017-10-02 00:28:14","2017-10-02 00:49:25","2017-10-02 19:32:59","2017-10-05 19:38:39","2017-11-01 00:00:00",Monday,October,2017,October-2017,delivered,e288fa5f1799464f8ec22b005044bf8a-1
642,e94db86cfc0247d6bb6ae5f1307b4805,1,adf5f3855da286cef928bf33f6dd47b2,9eac48e222d1760dea0deef88c965384,95670,gramado,RS,e33c23f84ae4675691f3254c27d583d4,telefonia,55,448,1,325,22,9,17,7040e82f899a04d1b434b795a43b4617,"sao paulo",SP,1026,debit_card,1,1,19.9,15.1,35,"2018-01-11 16:31:47","2018-01-07 15:52:33","2018-01-07 16:31:47","2018-01-08 20:19:39","2018-01-16 20:39:06","2018-02-08 00:00:00",Sunday,January,2018,January-2018,delivered,e94db86cfc0247d6bb6ae5f1307b4805-1
643,ee99cacd16c4ea4176729910016df70a,1,9d6c3f94903d3c85f5691210dbe2d95f,68434fce981a8a2ff359192a871420c4,38412,uberlandia,MG,e33c23f84ae4675691f3254c27d583d4,telefonia,55,448,1,325,22,9,17,7040e82f899a04d1b434b795a43b4617,"sao paulo",SP,1026,boleto,1,1,19.9,15.1,35,"2017-12-06 02:24:03","2017-11-29 19:01:25","2017-11-30 02:24:03","2017-11-30 20:18:46","2017-12-20 19:47:04","2017-12-26 00:00:00",Wednesday,November,2017,November-2017,delivered,ee99cacd16c4ea4176729910016df70a-1
644,f0fd20d755f9483ae15892625f3e603d,1,358114a3a0d2b8f99e1ac9c0186a7d98,f2eba8e794879de9da8ae0d7b6de2e5e,4019,"sao paulo",SP,b1cc9c0c7fcad668f2e9b7a5978fd890,utilidades_domesticas,36,472,1,1450,50,5,50,7040e82f899a04d1b434b795a43b4617,"sao paulo",SP,1026,credit_card,1,3,89.9,7.49,97.39,"2018-03-19 15:50:31","2018-03-12 15:55:51","2018-03-13 15:50:31","2018-03-15 01:31:44","2018-03-18 17:19:49","2018-03-22 00:00:00",Monday,March,2018,March-2018,delivered,f0fd20d755f9483ae15892625f3e603d-1
645,000576fe39319847cbb9d288c5617fa6,1,9ed5e522dd9dd85b4af4a077526d8117,fda4476abb6307ab3c415b7e6d026526,11702,"praia grande",SP,557d850972a7d6f792fd18ae1400d9b6,ferramentas_jardim,39,1310,3,13805,35,75,45,5996cddab893a4652a15592fb58ab8db,"presidente prudente",SP,19010,credit_card,1,10,810,70.75,880.75,"2018-07-10 12:30:45","2018-07-04 12:08:27","2018-07-05 16:35:48","2018-07-05 12:15:00","2018-07-09 14:04:07","2018-07-25 00:00:00",Wednesday,July,2018,July-2018,delivered,000576fe39319847cbb9d288c5617fa6-1
646,0005a1a1728c9d785b8e2b08b904576c,1,16150771dfd4776261284213b89c304e,639d23421f5517f69d0c3d6e6564cf0e,11075,santos,SP,310ae3c140ff94b03219ad0adc3c778f,beleza_saude,59,493,1,2000,30,12,16,a416b6a846a11724393025641d4edd5e,"sao paulo",SP,3702,credit_card,1,3,145.95,11.65,157.6,"2018-03-26 18:31:29","2018-03-19 18:40:33","2018-03-20 18:35:21","2018-03-28 00:37:42","2018-03-29 18:17:31","2018-03-29 00:00:00",Monday,March,2018,March-2018,delivered,0005a1a1728c9d785b8e2b08b904576c-1
647,6c5222e0550b757a63908aa2f0cacf95,1,a0d7296689347a9f6c7a89b03281db68,e43bc7bbe7b392fe9e923e936524ef5e,93614,"estancia velha",RS,310ae3c140ff94b03219ad0adc3c778f,beleza_saude,59,493,1,2000,30,12,16,a416b6a846a11724393025641d4edd5e,"sao paulo",SP,3702,credit_card,1,8,145.95,17.27,163.22,"2017-11-17 16:10:40","2017-11-11 15:53:40","2017-11-11 16:10:40","2017-11-16 23:29:30","2017-11-27 19:58:30","2017-12-12 00:00:00",Saturday,November,2017,November-2017,delivered,6c5222e0550b757a63908aa2f0cacf95-1
648,00d831d5c3ea03b7cd6f883ad799c7e4,1,7cc995918b7c4560b0f7ec54ef108d83,b813fe59b2d10fb59d5594ec8f91750e,5716,"sao paulo",SP,eb2d12bc991561d4ca5deff0e60854e4,beleza_saude,48,333,1,675,23,15,14,a416b6a846a11724393025641d4edd5e,"sao paulo",SP,3702,credit_card,1,1,128.9,9.26,138.16,"2018-03-20 12:48:27","2018-03-12 11:56:58","2018-03-12 12:48:27","2018-03-16 00:08:32","2018-03-17 00:52:32","2018-03-26 00:00:00",Monday,March,2018,March-2018,delivered,00d831d5c3ea03b7cd6f883ad799c7e4-1
649,50ec02cdd09a0a80fbb65a1505eed464,1,4d56e224cc6d838eef5727af0298d4a1,f243eed691a2628733a8f9d2ddd1d4bb,4117,"sao paulo",SP,eb2d12bc991561d4ca5deff0e60854e4,beleza_saude,48,333,1,675,23,15,14,a416b6a846a11724393025641d4edd5e,"sao paulo",SP,3702,credit_card,1,6,128.9,9.72,138.62,"2018-03-09 13:15:29","2018-03-01 13:04:09","2018-03-01 13:15:29","2018-03-02 00:16:56","2018-03-06 16:33:27","2018-03-15 00:00:00",Thursday,March,2018,March-2018,delivered,50ec02cdd09a0a80fbb65a1505eed464-1
650,c0d74e15535e242afea299f2edb23394,1,a0b2014ff906d045328fe8c8e01bd452,6909c33753c76c7a1ead3ea5a6a6dfd4,45652,ilheus,BA,eb2d12bc991561d4ca5deff0e60854e4,beleza_saude,48,333,1,675,23,15,14,a416b6a846a11724393025641d4edd5e,"sao paulo",SP,3702,credit_card,1,1,128.9,23.83,152.73,"2018-03-19 19:20:20","2018-03-11 18:38:33","2018-03-11 19:20:20","2018-03-14 18:38:35","2018-04-05 18:06:49","2018-04-06 00:00:00",Sunday,March,2018,March-2018,delivered,c0d74e15535e242afea299f2edb23394-1
651,ef31025693a0212c0b45d12f12f12a5e,1,2db629e8830e736fb8869d8cf28e1935,c8060d3780dc605de76f35961e0bf2da,1536,"sao paulo",SP,eb2d12bc991561d4ca5deff0e60854e4,beleza_saude,48,333,1,675,23,15,14,a416b6a846a11724393025641d4edd5e,"sao paulo",SP,3702,credit_card,1,1,109,9.58,118.58,"2018-02-28 11:47:44","2018-02-20 11:30:02","2018-02-20 11:47:44","2018-02-20 21:59:18","2018-02-22 15:29:17","2018-03-08 00:00:00",Tuesday,February,2018,February-2018,delivered,ef31025693a0212c0b45d12f12f12a5e-1
652,00e7aeced1d61792368ec7bf8b967a90,1,a59a22655d75791a336909c4bd133fbe,c76c0ebec1c44b44dca88e42b23149f1,41815,salvador,BA,65e3848513c9ab70bf542e5d694cf072,beleza_saude,46,1001,1,575,25,13,14,a416b6a846a11724393025641d4edd5e,"sao paulo",SP,3702,boleto,1,1,36.85,21.85,58.7,"2017-04-20 02:50:12","2017-04-13 02:11:17","2017-04-14 02:50:12","2017-04-19 16:34:52","2017-05-04 18:12:45","2017-05-17 00:00:00",Thursday,April,2017,April-2017,delivered,00e7aeced1d61792368ec7bf8b967a90-1
653,02d2287dea15cd93d945f1749f3288ed,1,79b51496a256b201c6b620c4106e9166,2d63cee981bc69c503a9b6e25060f67c,19034,"presidente prudente",SP,65e3848513c9ab70bf542e5d694cf072,beleza_saude,46,1001,1,575,25,13,14,a416b6a846a11724393025641d4edd5e,"sao paulo",SP,3702,boleto,1,1,36.85,11.74,48.59,"2017-02-06 16:59:03","2017-01-31 16:59:03","2017-02-02 02:45:22","2017-02-06 16:23:42","2017-02-10 13:08:46","2017-03-01 00:00:00",Tuesday,January,2017,January-2017,delivered,02d2287dea15cd93d945f1749f3288ed-1
654,0baad26e1a67410a85b2b38558dade2f,1,12f00aefcd1d137844bb0b139527ffc5,36445bb429c8bb13c3f8cd6794723647,40451,salvador,BA,65e3848513c9ab70bf542e5d694cf072,beleza_saude,46,1001,1,575,25,13,14,a416b6a846a11724393025641d4edd5e,"sao paulo",SP,3702,credit_card,1,9,36.85,33.74,96.83,"2017-05-22 17:45:12","2017-05-16 17:33:46","2017-05-16 17:45:12","2017-05-19 16:27:29","2017-05-27 05:22:14","2017-06-16 00:00:00",Tuesday,May,2017,May-2017,delivered,0baad26e1a67410a85b2b38558dade2f-1
655,0baad26e1a67410a85b2b38558dade2f,2,12f00aefcd1d137844bb0b139527ffc5,36445bb429c8bb13c3f8cd6794723647,40451,salvador,BA,44f90f085c7a825863cbf867990e1513,beleza_saude,39,1200,1,517,25,13,16,a416b6a846a11724393025641d4edd5e,"sao paulo",SP,3702,credit_card,1,9,26.14,0.1,96.83,"2017-05-22 17:45:12","2017-05-16 17:33:46","2017-05-16 17:45:12","2017-05-19 16:27:29","2017-05-27 05:22:14","2017-06-16 00:00:00",Tuesday,May,2017,May-2017,delivered,0baad26e1a67410a85b2b38558dade2f-2
656,75754d7bcffc106c7017989bd4b40873,2,c7d332c9700e825231e256419e58df3a,36445bb429c8bb13c3f8cd6794723647,40451,salvador,BA,65e3848513c9ab70bf542e5d694cf072,beleza_saude,46,1001,1,575,25,13,14,a416b6a846a11724393025641d4edd5e,"sao paulo",SP,3702,credit_card,1,6,36.85,33.74,96.83,"2017-05-18 22:55:11","2017-05-14 22:46:43","2017-05-14 22:55:11","2017-05-18 14:23:29","2017-05-25 09:23:39","2017-06-12 00:00:00",Sunday,May,2017,May-2017,delivered,75754d7bcffc106c7017989bd4b40873-2
657,75754d7bcffc106c7017989bd4b40873,1,c7d332c9700e825231e256419e58df3a,36445bb429c8bb13c3f8cd6794723647,40451,salvador,BA,44f90f085c7a825863cbf867990e1513,beleza_saude,39,1200,1,517,25,13,16,a416b6a846a11724393025641d4edd5e,"sao paulo",SP,3702,credit_card,1,6,26.14,0.1,96.83,"2017-05-18 22:55:11","2017-05-14 22:46:43","2017-05-14 22:55:11","2017-05-18 14:23:29","2017-05-25 09:23:39","2017-06-12 00:00:00",Sunday,May,2017,May-2017,delivered,75754d7bcffc106c7017989bd4b40873-1
658,7892d0d80149359046441dc6f4ae4794,2,84303db2453b7c19bef47a0c3e16a71c,8581bbeb56d3b44ff048f21b5d74eeab,9854,"sao bernardo do campo",SP,65e3848513c9ab70bf542e5d694cf072,beleza_saude,46,1001,1,575,25,13,14,a416b6a846a11724393025641d4edd5e,"sao paulo",SP,3702,credit_card,1,3,36.85,49.72,320.15,"2017-02-28 14:26:31","2017-02-22 14:26:31","2017-02-22 14:35:22","2017-02-24 15:39:12","2017-03-13 07:59:35","2017-04-25 00:00:00",Wednesday,February,2017,February-2017,delivered,7892d0d80149359046441dc6f4ae4794-2
659,7892d0d80149359046441dc6f4ae4794,3,84303db2453b7c19bef47a0c3e16a71c,8581bbeb56d3b44ff048f21b5d74eeab,9854,"sao bernardo do campo",SP,1fe8e6e01596885617fa1c90d29c2f81,beleza_saude,41,1049,1,750,30,10,17,a416b6a846a11724393025641d4edd5e,"sao paulo",SP,3702,credit_card,1,3,81.56,0.14,320.15,"2017-02-28 14:26:31","2017-02-22 14:26:31","2017-02-22 14:35:22","2017-02-24 15:39:12","2017-03-13 07:59:35","2017-04-25 00:00:00",Wednesday,February,2017,February-2017,delivered,7892d0d80149359046441dc6f4ae4794-3
660,7892d0d80149359046441dc6f4ae4794,1,84303db2453b7c19bef47a0c3e16a71c,8581bbeb56d3b44ff048f21b5d74eeab,9854,"sao bernardo do campo",SP,f3b5bbdfd20be94cc96583501d2819ce,beleza_saude,39,1572,1,400,30,10,17,a416b6a846a11724393025641d4edd5e,"sao paulo",SP,3702,credit_card,1,3,151.74,0.14,320.15,"2017-02-28 14:26:31","2017-02-22 14:26:31","2017-02-22 14:35:22","2017-02-24 15:39:12","2017-03-13 07:59:35","2017-04-25 00:00:00",Wednesday,February,2017,February-2017,delivered,7892d0d80149359046441dc6f4ae4794-1
661,0231382a78f19752dabca6a86b618152,1,02cb822eec8b6309e7ce715ccea3390d,88e435343ab7c7ef2f1d4a751a6c8a2b,4421,"sao paulo",SP,4e0d01d5e5e4bd454e71e7cd1491c052,beleza_saude,37,1148,1,525,23,12,15,a416b6a846a11724393025641d4edd5e,"sao paulo",SP,3702,credit_card,1,3,76.49,9.53,86.02,"2017-03-15 21:17:43","2017-03-09 21:17:43","2017-03-09 21:17:43","2017-03-16 09:30:51","2017-03-23 12:42:21","2017-03-28 00:00:00",Thursday,March,2017,March-2017,delivered,0231382a78f19752dabca6a86b618152-1
662,87a424bbf023a4cde87182d182480280,1,7f87098bc4fb9fcc84bd1dadeb940bf9,a5c57d8fcd9f5c0e5a7e5518a03af2c8,7122,guarulhos,SP,4e0d01d5e5e4bd454e71e7cd1491c052,beleza_saude,37,1148,1,525,23,12,15,a416b6a846a11724393025641d4edd5e,"sao paulo",SP,3702,credit_card,1,5,76.49,11.93,88.42,"2017-03-29 23:35:14","2017-03-23 23:26:04","2017-03-23 23:35:14","2017-03-27 15:29:48","2017-03-29 17:27:00","2017-04-11 00:00:00",Thursday,March,2017,March-2017,delivered,87a424bbf023a4cde87182d182480280-1
663,96f182413ae321e91ee91f3e422c6416,1,fe4a4b61b1485be6c8e635377ea8f0ec,7b7617a110435f0f5212a57af745bee0,22230,"rio de janeiro",RJ,4e0d01d5e5e4bd454e71e7cd1491c052,beleza_saude,37,1148,1,525,23,12,15,a416b6a846a11724393025641d4edd5e,"sao paulo",SP,3702,credit_card,1,1,76.49,15.3,91.79,"2017-03-21 15:54:53","2017-03-15 15:54:53","2017-03-15 15:54:53","2017-03-21 15:17:00","2017-03-28 13:48:15","2017-04-05 00:00:00",Wednesday,March,2017,March-2017,delivered,96f182413ae321e91ee91f3e422c6416-1
664,c1a86ab051ab4567d31bd8ffc3feec55,2,035fdb541390672b9938ad46570dad75,7fc3cdf9b7da8a526fde4bf5368d73c6,41195,salvador,BA,4e0d01d5e5e4bd454e71e7cd1491c052,beleza_saude,37,1148,1,525,23,12,15,a416b6a846a11724393025641d4edd5e,"sao paulo",SP,3702,credit_card,1,6,76.49,43.89,183.83,"2017-03-24 14:39:19","2017-03-20 14:39:19","2017-03-20 14:39:19","2017-03-21 15:16:59","2017-04-15 09:12:20","2017-04-19 00:00:00",Monday,March,2017,March-2017,delivered,c1a86ab051ab4567d31bd8ffc3feec55-2
665,c1a86ab051ab4567d31bd8ffc3feec55,1,035fdb541390672b9938ad46570dad75,7fc3cdf9b7da8a526fde4bf5368d73c6,41195,salvador,BA,4c8541293fb2d3359cf52485b4d59b8e,beleza_saude,46,1005,1,750,25,13,14,a416b6a846a11724393025641d4edd5e,"sao paulo",SP,3702,credit_card,1,6,63.36,0.09,183.83,"2017-03-24 14:39:19","2017-03-20 14:39:19","2017-03-20 14:39:19","2017-03-21 15:16:59","2017-04-15 09:12:20","2017-04-19 00:00:00",Monday,March,2017,March-2017,delivered,c1a86ab051ab4567d31bd8ffc3feec55-1
666,eb4d305848989350701a75e1cb3c0a93,1,00e200fe66bc8553bd83681887d6176f,fc5e5fe0a1c88aebef8f551bc84abd9c,69020,manaus,AM,ffd34459c21034d1da6df9800de0d7a3,beleza_saude,33,816,1,150,23,7,17,a416b6a846a11724393025641d4edd5e,"sao paulo",SP,3702,credit_card,1,1,48.85,26.09,74.94,"2017-04-27 10:05:15","2017-04-20 09:57:34","2017-04-20 10:05:45","2017-04-20 16:15:47","2017-05-02 14:33:30","2017-05-24 00:00:00",Thursday,April,2017,April-2017,delivered,eb4d305848989350701a75e1cb3c0a93-1
667,057bc88d7845bc736fbe1fb27f2932f2,1,894070d43ae4f9bab9980d3da7f8aa32,5b6f7e886ed4a13a0a666740e4788729,3570,"sao paulo",SP,1aa290cdf7d94d625562f35575218444,beleza_saude,56,787,1,1650,23,17,16,a416b6a846a11724393025641d4edd5e,"sao paulo",SP,3702,credit_card,1,8,185.85,12.51,198.36,"2018-02-01 17:22:34","2018-01-26 17:00:10","2018-01-26 17:22:34","2018-01-29 23:32:23","2018-01-31 20:08:04","2018-02-09 00:00:00",Friday,January,2018,January-2018,delivered,057bc88d7845bc736fbe1fb27f2932f2-1
668,0589d8b975f21fea2ad626ea99527911,1,77dc1be4c4766a308f7c7516b732a825,ea6f35445410a3f7e74c018be1642995,59151,parnamirim,RN,ba01cebc5a3c2494d0a97d4713ec8938,beleza_saude,35,558,1,1250,30,10,17,a416b6a846a11724393025641d4edd5e,"sao paulo",SP,3702,credit_card,1,3,201.34,25.96,227.3,"2018-03-06 16:31:15","2018-02-27 16:36:42","2018-02-28 16:35:43","2018-03-01 18:47:44","2018-03-07 22:44:26","2018-03-28 00:00:00",Tuesday,February,2018,February-2018,delivered,0589d8b975f21fea2ad626ea99527911-1
669,9c4bf952a421aa0ddf8714352db3f799,1,bd82e4fa6d9ab6c7c40ce2b13c3496f1,7e3040c20b1393e5d1fc3689c6b5b02b,3150,"sao paulo",SP,ba01cebc5a3c2494d0a97d4713ec8938,beleza_saude,35,558,1,1250,30,10,17,a416b6a846a11724393025641d4edd5e,"sao paulo",SP,3702,credit_card,1,5,201.34,12.61,213.95,"2018-02-01 19:59:06","2018-01-28 19:37:26","2018-01-28 19:59:06","2018-01-29 23:32:22","2018-01-31 20:41:34","2018-02-14 00:00:00",Sunday,January,2018,January-2018,delivered,9c4bf952a421aa0ddf8714352db3f799-1
670,082c2f05e569e5d095ac086461bef733,1,f9ef0db14774b4dd1e59705b596d6984,c60635e3c36e27ff9222fdac1ef3e17f,74013,goiania,GO,17704da54fb7512da5a72cc3b227185e,beleza_saude,58,670,2,700,33,18,18,a416b6a846a11724393025641d4edd5e,"sao paulo",SP,3702,credit_card,1,1,179.9,16.02,195.92,"2018-01-26 13:47:30","2018-01-21 11:29:19","2018-01-22 13:47:30","2018-01-24 23:27:50","2018-01-30 20:41:39","2018-02-16 00:00:00",Sunday,January,2018,January-2018,delivered,082c2f05e569e5d095ac086461bef733-1
671,409e4a6eadbdc33f16ccf0bda01eec1f,1,0e8ada3654b94e0d569b44233db3c9dc,430205ab3bd4700f1934a49b0f6c610e,71503,brasilia,DF,17704da54fb7512da5a72cc3b227185e,beleza_saude,58,670,2,700,33,18,18,a416b6a846a11724393025641d4edd5e,"sao paulo",SP,3702,boleto,1,1,179.9,16.02,195.92,"2017-09-13 02:44:03","2017-09-05 18:24:22","2017-09-07 02:44:03","2017-09-11 22:07:42","2017-09-17 15:31:51","2017-09-25 00:00:00",Tuesday,September,2017,September-2017,delivered,409e4a6eadbdc33f16ccf0bda01eec1f-1
672,7e37205095a33d75e22174f95e4d0ddd,1,0cfaa39c9decea286fe63edb1cf51507,a95d231f95b332299c4134d1da77ffdb,14620,orlandia,SP,17704da54fb7512da5a72cc3b227185e,beleza_saude,58,670,2,700,33,18,18,a416b6a846a11724393025641d4edd5e,"sao paulo",SP,3702,credit_card,1,10,179.9,13.6,193.5,"2017-07-20 15:35:13","2017-07-14 15:24:39","2017-07-14 15:35:13","2017-07-18 20:12:24","2017-07-26 10:05:05","2017-08-03 00:00:00",Friday,July,2017,July-2017,delivered,7e37205095a33d75e22174f95e4d0ddd-1
673,eaedef13bb9ae559e6db67c604793fed,1,4b91304e9812a64851cbdc97d4bc60c2,c86441c33cad9b9c13781a3624c4ae4c,5303,"sao paulo",SP,17704da54fb7512da5a72cc3b227185e,beleza_saude,58,670,2,700,33,18,18,a416b6a846a11724393025641d4edd5e,"sao paulo",SP,3702,credit_card,1,8,179.9,10.07,189.97,"2017-12-14 16:38:26","2017-12-10 16:30:50","2017-12-10 16:38:26","2017-12-11 23:15:24","2017-12-14 17:53:23","2017-12-28 00:00:00",Sunday,December,2017,December-2017,delivered,eaedef13bb9ae559e6db67c604793fed-1
674,0ad0daff42cf44b50d0bac4c64722e4f,1,19970def56bdc13635f5591fc47a3727,2da9c684118fafce96940108437b2480,37720,botelhos,MG,acdd9eaa79720ca045ce3768250b8e47,beleza_saude,59,669,1,400,30,10,17,a416b6a846a11724393025641d4edd5e,"sao paulo",SP,3702,credit_card,1,10,99.9,16.56,419.37,"2017-05-05 11:35:19","2017-04-30 11:27:15","2017-04-30 11:35:19","2017-05-05 13:58:06","2017-05-12 07:07:51","2017-05-25 00:00:00",Sunday,April,2017,April-2017,delivered,0ad0daff42cf44b50d0bac4c64722e4f-1
675,0ad0daff42cf44b50d0bac4c64722e4f,2,19970def56bdc13635f5591fc47a3727,2da9c684118fafce96940108437b2480,37720,botelhos,MG,79882368bfedd5f03e3beed890bd2f95,beleza_saude,36,2221,1,1950,30,10,17,a416b6a846a11724393025641d4edd5e,"sao paulo",SP,3702,credit_card,1,10,286.35,16.56,419.37,"2017-05-05 11:35:19","2017-04-30 11:27:15","2017-04-30 11:35:19","2017-05-05 13:58:06","2017-05-12 07:07:51","2017-05-25 00:00:00",Sunday,April,2017,April-2017,delivered,0ad0daff42cf44b50d0bac4c64722e4f-2
676,7daacf43d9593e9a2959cc753578ce09,1,0359293832be85974700b436b3ddc6ef,68ee254c5cbc9c8f62f9a656c8fbf11b,72602,brasilia,DF,acdd9eaa79720ca045ce3768250b8e47,beleza_saude,59,669,1,400,30,10,17,a416b6a846a11724393025641d4edd5e,"sao paulo",SP,3702,credit_card,1,3,99.9,17.13,67.03,"2017-03-31 11:35:16","2017-03-27 11:21:21","2017-03-27 11:35:16","2017-03-29 15:47:39","2017-04-07 06:57:26","2017-04-20 00:00:00",Monday,March,2017,March-2017,delivered,7daacf43d9593e9a2959cc753578ce09-1
677,7daacf43d9593e9a2959cc753578ce09,1,0359293832be85974700b436b3ddc6ef,68ee254c5cbc9c8f62f9a656c8fbf11b,72602,brasilia,DF,acdd9eaa79720ca045ce3768250b8e47,beleza_saude,59,669,1,400,30,10,17,a416b6a846a11724393025641d4edd5e,"sao paulo",SP,3702,voucher,2,1,99.9,17.13,50,"2017-03-31 11:35:16","2017-03-27 11:21:21","2017-03-27 11:35:16","2017-03-29 15:47:39","2017-04-07 06:57:26","2017-04-20 00:00:00",Monday,March,2017,March-2017,delivered,7daacf43d9593e9a2959cc753578ce09-1
678,b0e2da4433a10c624a9f71b187e93915,1,d34d3389bf81798f3e74dc622b038a95,ea72e7fcc3e097952148e9aaead45e43,3731,"sao paulo",SP,acdd9eaa79720ca045ce3768250b8e47,beleza_saude,59,669,1,400,30,10,17,a416b6a846a11724393025641d4edd5e,"sao paulo",SP,3702,credit_card,1,1,99.9,9.51,109.41,"2017-05-11 02:10:12","2017-05-06 21:55:41","2017-05-07 02:10:12","2017-05-11 15:20:11","2017-05-12 12:52:11","2017-05-19 00:00:00",Saturday,May,2017,May-2017,delivered,b0e2da4433a10c624a9f71b187e93915-1
679,eccfa9494767cbb5849832af90431606,1,8f8bb707c5803bbdf5c57fb926b79156,69e153a22aec26236b01d02d97406801,41217,salvador,BA,acdd9eaa79720ca045ce3768250b8e47,beleza_saude,59,669,1,400,30,10,17,a416b6a846a11724393025641d4edd5e,"sao paulo",SP,3702,boleto,1,1,99.9,22.2,122.1,"2017-04-10 06:05:36","2017-04-02 17:24:38","2017-04-04 06:05:36","2017-04-07 16:18:09","2017-04-23 14:05:14","2017-05-05 00:00:00",Sunday,April,2017,April-2017,delivered,eccfa9494767cbb5849832af90431606-1
680,fd9486ae13f513ac59c3f6c23bb003c7,1,b3533b37eba6b3bf4c05167aeac93673,368c35b244c7bafbebd6481be7a74a57,15885,novais,SP,acdd9eaa79720ca045ce3768250b8e47,beleza_saude,59,669,1,400,30,10,17,a416b6a846a11724393025641d4edd5e,"sao paulo",SP,3702,boleto,1,1,99.9,12.09,111.99,"2017-05-09 11:33:39","2017-05-01 08:59:52","2017-05-03 11:35:45","2017-05-05 13:58:17","2017-05-10 09:13:50","2017-05-23 00:00:00",Monday,May,2017,May-2017,delivered,fd9486ae13f513ac59c3f6c23bb003c7-1
681,3fb5cb07abb84703f0890f6c92589bb8,2,27f79ededcca8576f9fccc6679bd1794,41092bc6917d5a5eef6fa4053e08319d,5459,"sao paulo",SP,44f90f085c7a825863cbf867990e1513,beleza_saude,39,1200,1,517,25,13,16,a416b6a846a11724393025641d4edd5e,"sao paulo",SP,3702,credit_card,1,1,26.14,9.39,108.27,"2017-02-25 18:40:29","2017-02-19 18:40:29","2017-02-19 18:50:18","2017-02-22 15:08:20","2017-02-24 13:57:57","2017-03-23 00:00:00",Sunday,February,2017,February-2017,delivered,3fb5cb07abb84703f0890f6c92589bb8-2
682,3fb5cb07abb84703f0890f6c92589bb8,1,27f79ededcca8576f9fccc6679bd1794,41092bc6917d5a5eef6fa4053e08319d,5459,"sao paulo",SP,4c8541293fb2d3359cf52485b4d59b8e,beleza_saude,46,1005,1,750,25,13,14,a416b6a846a11724393025641d4edd5e,"sao paulo",SP,3702,credit_card,1,1,63.36,9.38,108.27,"2017-02-25 18:40:29","2017-02-19 18:40:29","2017-02-19 18:50:18","2017-02-22 15:08:20","2017-02-24 13:57:57","2017-03-23 00:00:00",Sunday,February,2017,February-2017,delivered,3fb5cb07abb84703f0890f6c92589bb8-1
683,6dce05516fc9a1e16b7a70e49ab656c2,1,e5426fc9fcee3dfa52fb048f6d0856e9,770c46cc8437a67264254f23c1786b97,13084,campinas,SP,44f90f085c7a825863cbf867990e1513,beleza_saude,39,1200,1,517,25,13,16,a416b6a846a11724393025641d4edd5e,"sao paulo",SP,3702,credit_card,1,10,26.14,9.36,126.43,"2017-05-18 11:15:13","2017-05-14 11:05:08","2017-05-14 11:15:13","2017-05-18 14:23:36","2017-05-25 12:55:59","2017-05-24 00:00:00",Sunday,May,2017,May-2017,delivered,6dce05516fc9a1e16b7a70e49ab656c2-1
684,6dce05516fc9a1e16b7a70e49ab656c2,2,e5426fc9fcee3dfa52fb048f6d0856e9,770c46cc8437a67264254f23c1786b97,13084,campinas,SP,1fe8e6e01596885617fa1c90d29c2f81,beleza_saude,41,1049,1,750,30,10,17,a416b6a846a11724393025641d4edd5e,"sao paulo",SP,3702,credit_card,1,10,81.56,9.37,126.43,"2017-05-18 11:15:13","2017-05-14 11:05:08","2017-05-14 11:15:13","2017-05-18 14:23:36","2017-05-25 12:55:59","2017-05-24 00:00:00",Sunday,May,2017,May-2017,delivered,6dce05516fc9a1e16b7a70e49ab656c2-2
685,8791bf41384da9d1984f98c71a007e85,1,017af68734338e58b5925665038650ed,523e25fb475e982925556f0a363e7891,22260,"rio de janeiro",RJ,44f90f085c7a825863cbf867990e1513,beleza_saude,39,1200,1,517,25,13,16,a416b6a846a11724393025641d4edd5e,"sao paulo",SP,3702,credit_card,1,8,26.14,16.08,385.3,"2017-03-22 11:11:09","2017-03-16 11:11:09","2017-03-16 11:11:09","2017-03-21 15:16:58","2017-03-28 15:55:48","2017-04-06 00:00:00",Thursday,March,2017,March-2017,delivered,8791bf41384da9d1984f98c71a007e85-1
686,8791bf41384da9d1984f98c71a007e85,2,017af68734338e58b5925665038650ed,523e25fb475e982925556f0a363e7891,22260,"rio de janeiro",RJ,f0fe4af158ebc28426b794c0b54d3df1,beleza_saude,46,1471,1,2200,30,10,17,a416b6a846a11724393025641d4edd5e,"sao paulo",SP,3702,credit_card,1,8,327,16.08,385.3,"2017-03-22 11:11:09","2017-03-16 11:11:09","2017-03-16 11:11:09","2017-03-21 15:16:58","2017-03-28 15:55:48","2017-04-06 00:00:00",Thursday,March,2017,March-2017,delivered,8791bf41384da9d1984f98c71a007e85-2
687,0c53c83ddb6fc0f6d915cda471c0aee5,1,bde4e157ee06c28735a5ed052ba76769,d5e80e1357cd0c9d5aad86fc0a260dff,38183,araxa,MG,aba0932cedf32b2a7b6b832f11769613,beleza_saude,29,556,1,2000,30,12,16,a416b6a846a11724393025641d4edd5e,"sao paulo",SP,3702,credit_card,1,8,315,19.46,334.46,"2017-09-05 20:10:14","2017-08-29 20:50:49","2017-08-30 20:10:14","2017-08-31 19:04:00","2017-09-13 22:22:31","2017-09-19 00:00:00",Tuesday,August,2017,August-2017,delivered,0c53c83ddb6fc0f6d915cda471c0aee5-1
688,0c9c4433b5b33bcc077a814c9dd7dc3b,1,d4e705a6e6b5f0c5cb1c2ad86d6dc306,46f54ba0c3b40ec2ef1f76e0bfc0a72b,74815,goiania,GO,2c190df9aeb8a3b7cfb2e07277fcdbd6,beleza_saude,44,2289,1,2300,30,12,16,a416b6a846a11724393025641d4edd5e,"sao paulo",SP,3702,credit_card,1,4,124,18.45,142.45,"2018-05-16 18:35:15","2018-05-08 18:39:36","2018-05-09 18:35:15","2018-05-10 11:07:00","2018-05-18 12:41:57","2018-05-29 00:00:00",Tuesday,May,2018,May-2018,delivered,0c9c4433b5b33bcc077a814c9dd7dc3b-1
689,0d17115bd61c612a87f11a25e904f8fc,1,4c058862806089b00d7b8abfefafdca8,a33827fe04507f45bffedaf84b6b5ade,71655,brasilia,DF,3cb883c745ef0016bbfc89e032b5a853,beleza_saude,31,485,1,1250,30,10,17,a416b6a846a11724393025641d4edd5e,"sao paulo",SP,3702,credit_card,1,1,227.17,17.78,244.95,"2018-07-25 17:05:19","2018-07-18 16:56:28","2018-07-18 17:05:19","2018-07-30 10:46:00","2018-08-06 14:58:25","2018-08-07 00:00:00",Wednesday,July,2018,July-2018,delivered,0d17115bd61c612a87f11a25e904f8fc-1
690,4d513811c3447933c3472defe4992141,1,cac1de9a447d5238cb62bd9ea20ff7d8,f55f92b28e828938355dfb6053dfaeb4,3112,"sao paulo",SP,3cb883c745ef0016bbfc89e032b5a853,beleza_saude,31,485,1,1250,30,10,17,a416b6a846a11724393025641d4edd5e,"sao paulo",SP,3702,credit_card,1,8,227.17,10.34,237.51,"2018-07-09 14:31:36","2018-07-03 13:26:10","2018-07-05 16:32:12","2018-07-06 11:06:00","2018-07-11 19:51:02","2018-07-18 00:00:00",Tuesday,July,2018,July-2018,delivered,4d513811c3447933c3472defe4992141-1
691,110d5bc31762806d51b736cb4b58ad75,1,a8aeb19975fcc42d0e82e00d627713fc,7b259f8f3478bbfd762784b4d1dabd1d,36950,ipanema,MG,9b20328274686c13d92234f6c1447c18,beleza_saude,42,693,1,1250,30,12,16,a416b6a846a11724393025641d4edd5e,"sao paulo",SP,3702,credit_card,1,8,132,23.5,311,"2018-05-22 15:19:06","2018-05-16 14:02:56","2018-05-16 15:19:06","2018-05-17 11:16:00","2018-06-05 17:27:47","2018-06-07 00:00:00",Wednesday,May,2018,May-2018,delivered,110d5bc31762806d51b736cb4b58ad75-1
692,110d5bc31762806d51b736cb4b58ad75,2,a8aeb19975fcc42d0e82e00d627713fc,7b259f8f3478bbfd762784b4d1dabd1d,36950,ipanema,MG,9b20328274686c13d92234f6c1447c18,beleza_saude,42,693,1,1250,30,12,16,a416b6a846a11724393025641d4edd5e,"sao paulo",SP,3702,credit_card,1,8,132,23.5,311,"2018-05-22 15:19:06","2018-05-16 14:02:56","2018-05-16 15:19:06","2018-05-17 11:16:00","2018-06-05 17:27:47","2018-06-07 00:00:00",Wednesday,May,2018,May-2018,delivered,110d5bc31762806d51b736cb4b58ad75-2
693,12907443c80937b0793096099e22990d,1,14ff02bb0043f9bbf84858c7aad8a05f,918fcec0cbd3b82c43d3bc58ae942277,90670,"porto alegre",RS,98d8b8d9df31604bf471f6d9483e94f5,beleza_saude,58,883,1,2000,30,12,16,a416b6a846a11724393025641d4edd5e,"sao paulo",SP,3702,credit_card,1,3,85.05,16.85,101.9,"2018-02-08 18:09:52","2018-02-04 17:44:16","2018-02-04 18:09:52","2018-02-05 23:44:50","2018-02-27 19:07:32","2018-03-08 00:00:00",Sunday,February,2018,February-2018,delivered,12907443c80937b0793096099e22990d-1
694,12f0d35d150a1645900980264e766cc6,1,b3f4c935e5e55ebf855699e8bc3c48ae,b2c20fdcb205a660b8d04f1f844bf220,34012,"nova lima",MG,a779813bc20484d25e7dddbacab940a7,beleza_saude,33,776,1,700,30,12,16,a416b6a846a11724393025641d4edd5e,"sao paulo",SP,3702,credit_card,1,5,99,16.88,115.88,"2018-07-09 20:31:46","2018-07-03 19:44:29","2018-07-05 16:32:47","2018-07-04 14:59:00","2018-07-07 17:28:48","2018-07-24 00:00:00",Tuesday,July,2018,July-2018,delivered,12f0d35d150a1645900980264e766cc6-1
695,75785442e7f4f3aee6dcdd92fd9328ba,1,c6ab84872f21f56c05e6c4ce5d7b9d18,baffecbd1fcc31f8a415cef1cd8cf772,12286,cacapava,SP,a779813bc20484d25e7dddbacab940a7,beleza_saude,33,776,1,700,30,12,16,a416b6a846a11724393025641d4edd5e,"sao paulo",SP,3702,credit_card,1,1,99,13.71,112.71,"2018-02-13 00:10:45","2018-02-06 00:19:09","2018-02-07 00:10:45","2018-02-07 22:48:36","2018-02-15 18:18:01","2018-03-02 00:00:00",Tuesday,February,2018,February-2018,delivered,75785442e7f4f3aee6dcdd92fd9328ba-1
696,130aa16eb157e7606fcafbd807c8048e,1,1bf2e63bdc996f880d01aa10e1c0ccbf,742405ae9634962bb67f54214a8247c9,33400,"lagoa santa",MG,dfac7527b7d46b412ac29dcabad2f619,beleza_saude,38,1018,1,2500,35,16,16,a416b6a846a11724393025641d4edd5e,"sao paulo",SP,3702,credit_card,1,1,113,20.28,133.28,"2017-12-07 17:38:27","2017-12-03 17:28:57","2017-12-03 17:38:27","2017-12-04 23:53:45","2017-12-13 20:51:50","2017-12-28 00:00:00",Sunday,December,2017,December-2017,delivered,130aa16eb157e7606fcafbd807c8048e-1
697,14c482cac944c8cec7bd0f58bc09514a,1,f0a308d95f7fd39dceffab5b8976eb27,33bfe44dcdc35082e2b0a7293cb7ca8f,88070,florianopolis,SC,b5f15ee3cd14a7ad279b7f07aa6c8aa3,beleza_saude,31,506,1,4550,30,10,17,a416b6a846a11724393025641d4edd5e,"sao paulo",SP,3702,credit_card,1,6,315.6,16.97,332.57,"2017-12-06 11:11:33","2017-11-30 10:59:46","2017-11-30 11:11:33","2017-12-06 23:12:55","2017-12-15 19:36:37","2017-12-27 00:00:00",Thursday,November,2017,November-2017,delivered,14c482cac944c8cec7bd0f58bc09514a-1
698,156d8a00b4b8bb9ef74ca1e450035eb8,1,a927ff01b2ce8eda3341ba16a1e80068,f423d666a14b78372731db1f37426bb4,9330,maua,SP,43c78ce98fcf40ac29ce5912c85eee20,beleza_saude,44,1394,1,1150,30,12,16,a416b6a846a11724393025641d4edd5e,"sao paulo",SP,3702,credit_card,1,1,67,11.73,78.73,"2017-12-07 10:53:19","2017-12-03 10:24:02","2017-12-03 10:53:19","2017-12-05 22:56:56","2017-12-09 00:42:21","2017-12-20 00:00:00",Sunday,December,2017,December-2017,delivered,156d8a00b4b8bb9ef74ca1e450035eb8-1
699,b367cc1437c9d0b2794f759930e61eba,1,719100f2027a507b233cce1b52773a90,3690f2eb38dfa6ad08be64ea86fea3a2,23520,"rio de janeiro",RJ,43c78ce98fcf40ac29ce5912c85eee20,beleza_saude,44,1394,1,1150,30,12,16,a416b6a846a11724393025641d4edd5e,"sao paulo",SP,3702,credit_card,1,4,65,18.03,83.03,"2018-04-26 10:31:00","2018-04-21 09:43:04","2018-04-24 18:42:20","2018-04-23 22:28:54","2018-04-28 15:03:18","2018-05-30 00:00:00",Saturday,April,2018,April-2018,delivered,b367cc1437c9d0b2794f759930e61eba-1
700,1b54abf9a3a5c9a800878f91a25a6299,1,ff5357994d94da35b69ee05d44805916,6d1c40bf80d9f5957e11d9877df90e50,12061,taubate,SP,619276505340bdbe2845a35afde86cc0,beleza_saude,54,1941,1,350,16,12,12,a416b6a846a11724393025641d4edd5e,"sao paulo",SP,3702,boleto,1,1,82.95,13.02,95.97,"2018-03-12 03:50:52","2018-03-05 20:50:18","2018-03-06 03:51:25","2018-03-07 21:08:45","2018-03-16 15:08:52","2018-03-21 00:00:00",Monday,March,2018,March-2018,delivered,1b54abf9a3a5c9a800878f91a25a6299-1
701,adf0faf55bcd8289814220aea34f1e4b,1,9131a413a15ad07ccf7654611d6436a7,251fcf428c0afa7383a65eba13d7eba5,2927,"sao paulo",SP,619276505340bdbe2845a35afde86cc0,beleza_saude,54,1941,1,350,16,12,12,a416b6a846a11724393025641d4edd5e,"sao paulo",SP,3702,voucher,1,1,82.95,8.35,91.3,"2018-03-27 14:27:41","2018-03-20 14:25:13","2018-03-21 14:27:41","2018-03-22 20:23:40","2018-03-24 14:40:59","2018-04-02 00:00:00",Tuesday,March,2018,March-2018,delivered,adf0faf55bcd8289814220aea34f1e4b-1
702,bc803635394fe3d07b22474558c8509d,1,60ac5710c1bdce2a9a20a7e257137d5e,d118da7323679c69a5a99166f548f0a1,64052,teresina,PI,619276505340bdbe2845a35afde86cc0,beleza_saude,54,1941,1,350,16,12,12,a416b6a846a11724393025641d4edd5e,"sao paulo",SP,3702,credit_card,1,5,82.95,23.08,106.03,"2018-03-12 11:31:25","2018-03-06 10:57:45","2018-03-06 11:40:23","2018-03-07 21:08:44","2018-03-28 15:51:45","2018-03-26 00:00:00",Tuesday,March,2018,March-2018,delivered,bc803635394fe3d07b22474558c8509d-1
703,1d637e7a91e7c3e0e94a91cdf693855e,1,58eac1322f421c65176db804697c9bf4,0655191062e3fe49b0f128131c62d1ae,29985,"sao joao do sobrado",ES,415800ba8edc079e255fcc4ee5790376,beleza_saude,53,1451,1,1150,30,12,16,a416b6a846a11724393025641d4edd5e,"sao paulo",SP,3702,credit_card,1,5,55.92,17.64,73.56,"2017-11-30 16:52:30","2017-11-26 16:41:58","2017-11-26 16:52:30","2017-11-29 22:03:05","2017-12-13 22:16:05","2017-12-20 00:00:00",Sunday,November,2017,November-2017,delivered,1d637e7a91e7c3e0e94a91cdf693855e-1
704,4d70edd024b83dac3189ecc2c9d802b7,1,53798226c7b9a315d93909d3ade79654,9a2a773f825d14c6640c7bbfdfd07d9a,5209,"sao paulo",SP,415800ba8edc079e255fcc4ee5790376,beleza_saude,53,1451,1,1150,30,12,16,a416b6a846a11724393025641d4edd5e,"sao paulo",SP,3702,credit_card,1,6,55.92,11.73,67.65,"2018-01-25 16:59:54","2018-01-18 07:44:13","2018-01-19 16:59:54","2018-01-22 23:19:19","2018-01-27 02:41:12","2018-02-02 00:00:00",Thursday,January,2018,January-2018,delivered,4d70edd024b83dac3189ecc2c9d802b7-1
705,c8760b2b21e61235273701a644b5fd95,1,180791a90665e8124094adce3e0b56c7,39afb2cd9cd64ff6219384e0bda04ffd,4166,"sao paulo",SP,415800ba8edc079e255fcc4ee5790376,beleza_saude,53,1451,1,1150,30,12,16,a416b6a846a11724393025641d4edd5e,"sao paulo",SP,3702,voucher,2,1,55.92,11.15,45.1,"2018-05-30 18:31:26","2018-05-24 16:46:17","2018-05-24 18:38:14","2018-05-25 18:25:00","2018-05-28 20:42:07","2018-06-13 00:00:00",Thursday,May,2018,May-2018,delivered,c8760b2b21e61235273701a644b5fd95-1
706,c8760b2b21e61235273701a644b5fd95,1,180791a90665e8124094adce3e0b56c7,39afb2cd9cd64ff6219384e0bda04ffd,4166,"sao paulo",SP,415800ba8edc079e255fcc4ee5790376,beleza_saude,53,1451,1,1150,30,12,16,a416b6a846a11724393025641d4edd5e,"sao paulo",SP,3702,credit_card,1,1,55.92,11.15,21.97,"2018-05-30 18:31:26","2018-05-24 16:46:17","2018-05-24 18:38:14","2018-05-25 18:25:00","2018-05-28 20:42:07","2018-06-13 00:00:00",Thursday,May,2018,May-2018,delivered,c8760b2b21e61235273701a644b5fd95-1
707,246dd6417fa15cba189361fdf6907017,1,e1915798c4c479ac75abf35afc3dd45e,336d97e745d589a1533a07536680cf2f,90690,"porto alegre",RS,1fe8e6e01596885617fa1c90d29c2f81,beleza_saude,41,1049,1,750,30,10,17,a416b6a846a11724393025641d4edd5e,"sao paulo",SP,3702,credit_card,1,3,81.56,15.33,96.89,"2017-05-16 12:32:06","2017-05-10 12:11:22","2017-05-10 13:02:33","2017-05-18 12:54:32","2017-05-24 11:05:13","2017-06-01 00:00:00",Wednesday,May,2017,May-2017,delivered,246dd6417fa15cba189361fdf6907017-1
708,7fecf198f9da11744da727bafd6702e9,1,108c2cefbc1052c7ff4d02e7c2051264,a84b8a54d15e5e00f194e0a1b16db954,36880,muriae,MG,1fe8e6e01596885617fa1c90d29c2f81,beleza_saude,41,1049,1,750,30,10,17,a416b6a846a11724393025641d4edd5e,"sao paulo",SP,3702,credit_card,1,9,81.56,16.33,97.89,"2017-05-22 18:55:18","2017-05-16 18:41:49","2017-05-16 18:55:18","2017-05-22 14:58:05","2017-05-30 15:08:56","2017-06-07 00:00:00",Tuesday,May,2017,May-2017,delivered,7fecf198f9da11744da727bafd6702e9-1
709,8238c8981751f59176cb33a393282ae4,1,5eede8ea10ae483cfbe88a8e4be22b03,91f3a63e7a6e55e11f8a41dea6bb0505,44600,ipira,BA,1fe8e6e01596885617fa1c90d29c2f81,beleza_saude,41,1049,1,750,30,10,17,a416b6a846a11724393025641d4edd5e,"sao paulo",SP,3702,credit_card,1,2,81.56,18.14,199.4,"2017-05-15 17:45:18","2017-05-09 17:35:02","2017-05-09 17:45:18","2017-05-15 16:01:15","2017-05-24 17:18:08","2017-06-06 00:00:00",Tuesday,May,2017,May-2017,delivered,8238c8981751f59176cb33a393282ae4-1
710,8238c8981751f59176cb33a393282ae4,2,5eede8ea10ae483cfbe88a8e4be22b03,91f3a63e7a6e55e11f8a41dea6bb0505,44600,ipira,BA,1fe8e6e01596885617fa1c90d29c2f81,beleza_saude,41,1049,1,750,30,10,17,a416b6a846a11724393025641d4edd5e,"sao paulo",SP,3702,credit_card,1,2,81.56,18.14,199.4,"2017-05-15 17:45:18","2017-05-09 17:35:02","2017-05-09 17:45:18","2017-05-15 16:01:15","2017-05-24 17:18:08","2017-06-06 00:00:00",Tuesday,May,2017,May-2017,delivered,8238c8981751f59176cb33a393282ae4-2
711,990dd7fbb9ecbada4647e9e05a4739d2,1,6929301c2dd23e9c034837037a2ad189,584f32308dadfc727c78c03c16697b5d,57046,maceio,AL,1fe8e6e01596885617fa1c90d29c2f81,beleza_saude,41,1049,1,750,30,10,17,a416b6a846a11724393025641d4edd5e,"sao paulo",SP,3702,credit_card,1,1,81.56,22.07,103.63,"2017-04-14 14:10:28","2017-04-10 13:54:32","2017-04-10 14:10:28","2017-04-13 16:33:47","2017-05-22 15:46:12","2017-05-12 00:00:00",Monday,April,2017,April-2017,delivered,990dd7fbb9ecbada4647e9e05a4739d2-1
712,b6700ed8b78e4b1cba7fbc83e0f5f831,1,d736b37b534972c1961ceb67f5c6bbd4,3d922ff7603d8c4da860193e07f67ec1,71655,brasilia,DF,1fe8e6e01596885617fa1c90d29c2f81,beleza_saude,41,1049,1,750,30,10,17,a416b6a846a11724393025641d4edd5e,"sao paulo",SP,3702,credit_card,1,2,99,11.66,110.66,"2018-05-11 15:31:18","2018-05-07 12:23:53","2018-05-07 15:32:17","2018-05-09 10:47:00","2018-05-16 14:38:49","2018-05-24 00:00:00",Monday,May,2018,May-2018,delivered,b6700ed8b78e4b1cba7fbc83e0f5f831-1
713,ee3322ff7174b7401b95b18fb8ea1e6c,1,1856438e1615630ccc65ed9a11394213,3ab195a29a2b0e131d57df59024d6d50,69309,"boa vista",RR,1fe8e6e01596885617fa1c90d29c2f81,beleza_saude,41,1049,1,750,30,10,17,a416b6a846a11724393025641d4edd5e,"sao paulo",SP,3702,credit_card,1,10,81.56,27.42,217.96,"2017-05-18 19:30:09","2017-05-12 19:17:43","2017-05-12 19:30:09","2017-05-18 14:23:28","2017-06-13 15:54:40","2017-06-16 00:00:00",Friday,May,2017,May-2017,delivered,ee3322ff7174b7401b95b18fb8ea1e6c-1
714,ee3322ff7174b7401b95b18fb8ea1e6c,2,1856438e1615630ccc65ed9a11394213,3ab195a29a2b0e131d57df59024d6d50,69309,"boa vista",RR,1fe8e6e01596885617fa1c90d29c2f81,beleza_saude,41,1049,1,750,30,10,17,a416b6a846a11724393025641d4edd5e,"sao paulo",SP,3702,credit_card,1,10,81.56,27.42,217.96,"2017-05-18 19:30:09","2017-05-12 19:17:43","2017-05-12 19:30:09","2017-05-18 14:23:28","2017-06-13 15:54:40","2017-06-16 00:00:00",Friday,May,2017,May-2017,delivered,ee3322ff7174b7401b95b18fb8ea1e6c-2
715,f1340835d29043d62518455ea808c84e,1,659e17d303758fa459f2b37ef353f5c4,0dd933d1e0253343083013791bf5d5e9,76804,"porto velho",RO,1fe8e6e01596885617fa1c90d29c2f81,beleza_saude,41,1049,1,750,30,10,17,a416b6a846a11724393025641d4edd5e,"sao paulo",SP,3702,voucher,2,1,90,22.95,90.09,"2017-06-19 11:35:57","2017-06-13 11:11:47","2017-06-13 11:35:57","2017-06-19 17:26:46","2017-06-29 15:27:46","2017-07-18 00:00:00",Tuesday,June,2017,June-2017,delivered,f1340835d29043d62518455ea808c84e-1
716,f1340835d29043d62518455ea808c84e,1,659e17d303758fa459f2b37ef353f5c4,0dd933d1e0253343083013791bf5d5e9,76804,"porto velho",RO,1fe8e6e01596885617fa1c90d29c2f81,beleza_saude,41,1049,1,750,30,10,17,a416b6a846a11724393025641d4edd5e,"sao paulo",SP,3702,credit_card,1,1,90,22.95,19.57,"2017-06-19 11:35:57","2017-06-13 11:11:47","2017-06-13 11:35:57","2017-06-19 17:26:46","2017-06-29 15:27:46","2017-07-18 00:00:00",Tuesday,June,2017,June-2017,delivered,f1340835d29043d62518455ea808c84e-1
717,f1340835d29043d62518455ea808c84e,1,659e17d303758fa459f2b37ef353f5c4,0dd933d1e0253343083013791bf5d5e9,76804,"porto velho",RO,1fe8e6e01596885617fa1c90d29c2f81,beleza_saude,41,1049,1,750,30,10,17,a416b6a846a11724393025641d4edd5e,"sao paulo",SP,3702,voucher,3,1,90,22.95,3.29,"2017-06-19 11:35:57","2017-06-13 11:11:47","2017-06-13 11:35:57","2017-06-19 17:26:46","2017-06-29 15:27:46","2017-07-18 00:00:00",Tuesday,June,2017,June-2017,delivered,f1340835d29043d62518455ea808c84e-1
718,251777a5426d33b7fd9f124cd2d18972,1,5f7e0f5b3114c2a393b18f1a136e13a1,9cdc9ca1c83941c3383cd90db1033295,5889,"sao paulo",SP,602be4713d609927aca6161cf5b45220,beleza_saude,51,604,1,200,30,12,16,a416b6a846a11724393025641d4edd5e,"sao paulo",SP,3702,credit_card,1,1,123.88,13.01,136.89,"2018-03-13 21:10:33","2018-03-06 21:14:40","2018-03-07 21:10:33","2018-03-09 00:40:53","2018-03-21 00:57:26","2018-03-16 00:00:00",Tuesday,March,2018,March-2018,delivered,251777a5426d33b7fd9f124cd2d18972-1
719,25f881c06011a27d879e9f15328a57e0,1,633586e0e4e3686ee988c54b28e1f4bf,95e1a76e3dda082394fc342b13e9e762,23580,"rio de janeiro",RJ,e224d922abe83aaa3e7c47962cbbe1ff,beleza_saude,39,1306,1,1200,30,12,16,a416b6a846a11724393025641d4edd5e,"sao paulo",SP,3702,credit_card,1,5,133,18.51,151.51,"2018-03-21 15:55:25","2018-03-15 15:45:18","2018-03-15 15:55:25","2018-03-16 18:44:26","2018-03-27 20:08:50","2018-04-17 00:00:00",Thursday,March,2018,March-2018,delivered,25f881c06011a27d879e9f15328a57e0-1
720,5491ab8eec3a104e7f0a3a4895c1621e,1,eb73b2df5594ed5948920669c8f25bd7,fcb93894d90b597710feb4b896c7a053,56800,"afogados da ingazeira",PE,e224d922abe83aaa3e7c47962cbbe1ff,beleza_saude,39,1306,1,1200,30,12,16,a416b6a846a11724393025641d4edd5e,"sao paulo",SP,3702,credit_card,1,1,133,43.21,176.21,"2018-06-21 21:55:14","2018-06-17 21:41:22","2018-06-17 21:55:14","2018-06-18 15:36:00","2018-06-28 18:55:51","2018-07-24 00:00:00",Sunday,June,2018,June-2018,delivered,5491ab8eec3a104e7f0a3a4895c1621e-1
721,ce7da3c96f70e4febad6c91b835784d8,1,2542745ac649a2a8e9d27da530a80d3f,038124edcdaa5fae5dceb9b71f0c49d8,2066,"sao paulo",SP,e224d922abe83aaa3e7c47962cbbe1ff,beleza_saude,39,1306,1,1200,30,12,16,a416b6a846a11724393025641d4edd5e,"sao paulo",SP,3702,boleto,1,1,133,11.95,144.95,"2018-08-28 04:04:23","2018-08-21 21:43:35","2018-08-22 04:04:23","2018-08-22 14:59:00","2018-08-23 23:05:38","2018-08-28 00:00:00",Tuesday,August,2018,August-2018,delivered,ce7da3c96f70e4febad6c91b835784d8-1
722,272cb4760cf5b97f2b4bddd15520e10a,1,f458a61218c7206fe37d24d130304f29,bdf71800659e839719245cb3bd3d156d,1231,"sao paulo",SP,c752f2bc46ad4b389290cf5828a1db62,beleza_saude,40,654,1,650,25,13,14,a416b6a846a11724393025641d4edd5e,"sao paulo",SP,3702,credit_card,1,1,29.89,9.34,39.23,"2017-03-30 01:23:25","2017-03-23 23:58:10","2017-03-24 01:23:25","2017-03-27 15:29:45","2017-03-29 16:28:07","2017-04-12 00:00:00",Thursday,March,2017,March-2017,delivered,272cb4760cf5b97f2b4bddd15520e10a-1
723,6345437ab1ffa04f5a791c668934e196,1,24b6516fc43836e57e9292a1d919ed3e,130ed01dc02c7f30cea9a7faabda07b7,13015,campinas,SP,c752f2bc46ad4b389290cf5828a1db62,beleza_saude,40,654,1,650,25,13,14,a416b6a846a11724393025641d4edd5e,"sao paulo",SP,3702,credit_card,1,1,39.9,9.34,49.24,"2017-08-28 11:15:12","2017-08-22 11:03:51","2017-08-22 11:15:12","2017-08-25 17:42:47","2017-08-28 18:14:24","2017-09-04 00:00:00",Tuesday,August,2017,August-2017,delivered,6345437ab1ffa04f5a791c668934e196-1
724,30c3c6388d83af1e5d2919082f177a66,1,b46989bc8ae3f4c80f08e9117a3f3d5b,b8d9b1b15ca56677760055d06f10a796,15015,"sao jose do rio preto",SP,b91b2431ca8a681073c72cab18054e6e,beleza_saude,44,768,1,1200,30,12,16,a416b6a846a11724393025641d4edd5e,"sao paulo",SP,3702,credit_card,1,4,239.5,15.99,255.49,"2018-08-10 17:50:28","2018-08-06 17:38:40","2018-08-06 17:50:28","2018-08-08 11:04:00","2018-08-13 18:35:00","2018-08-16 00:00:00",Monday,August,2018,August-2018,delivered,30c3c6388d83af1e5d2919082f177a66-1
725,3302bf91faabf99f49bb481f349e3c39,1,ceabccf902b8ad0e15d6429e00d10805,fe03a5113f0192c520dc6ae4fd76a933,89825,xaxim,SC,8281b348c92d101d10c17e412b99d748,beleza_saude,47,332,1,2000,30,12,16,a416b6a846a11724393025641d4edd5e,"sao paulo",SP,3702,credit_card,1,3,123.4,18.11,141.51,"2018-02-08 23:49:52","2018-02-04 23:27:25","2018-02-04 23:49:52","2018-02-05 22:22:57","2018-03-01 20:19:13","2018-03-08 00:00:00",Sunday,February,2018,February-2018,delivered,3302bf91faabf99f49bb481f349e3c39-1
726,337a9f67f1a66c4e9a9734911c1bf2ee,1,10091d0f711745db12815a7935577e26,a8bd559f5b029d6f96e3c9d134288dba,9993,diadema,SP,871238c57d25f282d163be9e712c36a9,beleza_saude,57,2227,1,2400,30,12,16,a416b6a846a11724393025641d4edd5e,"sao paulo",SP,3702,credit_card,1,8,599,15.4,614.4,"2018-02-08 19:23:04","2018-02-02 18:33:43","2018-02-02 19:31:15","2018-02-05 22:44:59","2018-02-08 17:07:53","2018-02-20 00:00:00",Friday,February,2018,February-2018,delivered,337a9f67f1a66c4e9a9734911c1bf2ee-1
727,344aec04212ff4fb3b73f86f50ad49b9,1,59cc843769a7a0247161ebb5979f0e69,4515150852347d1fc0deeb2d86c18500,3589,"sao paulo",SP,f883f9b139767a9577cdb99523c31d06,beleza_saude,34,1115,1,1150,30,12,16,a416b6a846a11724393025641d4edd5e,"sao paulo",SP,3702,credit_card,1,3,49.9,11.15,61.05,"2018-05-24 12:50:13","2018-05-18 10:56:51","2018-05-18 12:50:13","2018-05-21 16:28:00","2018-05-23 17:16:39","2018-05-30 00:00:00",Friday,May,2018,May-2018,delivered,344aec04212ff4fb3b73f86f50ad49b9-1
728,351a4161d1abb1089cd923ba455f46cb,1,137405e93186f07fb1006c5015695907,effecf2e702b13058b6ca07a0a649691,80630,curitiba,PR,8ad94542132b0e6ff0bc2fd20bf4353a,beleza_saude,51,625,1,2000,30,12,16,a416b6a846a11724393025641d4edd5e,"sao paulo",SP,3702,credit_card,1,8,131.25,17.17,148.42,"2018-01-24 15:36:30","2018-01-18 15:26:35","2018-01-18 15:36:30","2018-01-19 22:42:18","2018-01-25 19:22:40","2018-02-09 00:00:00",Thursday,January,2018,January-2018,delivered,351a4161d1abb1089cd923ba455f46cb-1
729,3716f40c5211dc25902ffd174d8d198b,1,f513c0312e420bf280324fc64f3e652f,547f444dac7d970761bfe5d93dcecd67,13056,campinas,SP,13ce216ee959a22dbaec66c182a1b87f,beleza_saude,52,1376,1,500,30,10,17,a416b6a846a11724393025641d4edd5e,"sao paulo",SP,3702,credit_card,1,2,29.32,11.74,41.06,"2017-05-09 16:05:23","2017-05-03 15:54:31","2017-05-03 16:05:23","2017-05-05 13:58:12","2017-05-19 10:27:47","2017-05-24 00:00:00",Wednesday,May,2017,May-2017,delivered,3716f40c5211dc25902ffd174d8d198b-1
730,39d18a242f33a2e77c51d59dabea2e44,1,f201f8d2882fad39ea91f37ba357dc8e,a291f0619f47f63318acc68165faa087,82820,curitiba,PR,f3b5bbdfd20be94cc96583501d2819ce,beleza_saude,39,1572,1,400,30,10,17,a416b6a846a11724393025641d4edd5e,"sao paulo",SP,3702,credit_card,1,6,151.74,15.82,167.56,"2017-02-22 09:48:14","2017-02-16 10:48:14","2017-02-16 11:03:17","2017-02-16 14:41:22","2017-03-01 14:58:01","2017-03-21 00:00:00",Thursday,February,2017,February-2017,delivered,39d18a242f33a2e77c51d59dabea2e44-1
731,3d6031aba8562253267cc241b6113b98,1,7a33b68891edd3370f13fc2adbb312ac,ef95fc30ec507e9c99984f33121a8276,1220,"sao paulo",SP,f3b5bbdfd20be94cc96583501d2819ce,beleza_saude,39,1572,1,400,30,10,17,a416b6a846a11724393025641d4edd5e,"sao paulo",SP,3702,credit_card,1,2,151.74,10.05,161.79,"2017-04-26 22:30:18","2017-04-19 22:15:27","2017-04-19 22:30:18","2017-04-20 16:15:48","2017-05-15 09:45:43","2017-05-09 00:00:00",Wednesday,April,2017,April-2017,delivered,3d6031aba8562253267cc241b6113b98-1
732,3b3f7687e938ba0e58002a3640110a8a,1,1c13647bc40d5c7295f101211d55a8ef,eb3828a99ffb2f8b560d5ec97a0dac26,17056,bauru,SP,2033d09ad6c9ca9a5f3344e4846ca449,beleza_saude,28,686,1,1200,30,12,16,a416b6a846a11724393025641d4edd5e,"sao paulo",SP,3702,credit_card,1,1,52.74,14.46,67.2,"2018-03-20 22:30:28","2018-03-14 22:16:30","2018-03-14 22:30:28","2018-03-15 23:12:11","2018-04-05 21:58:53","2018-04-02 00:00:00",Wednesday,March,2018,March-2018,delivered,3b3f7687e938ba0e58002a3640110a8a-1
733,3d6024a65d547d75ce7c38da01993565,1,71dcbb257571501de1dc58ac8321a39b,dd50e82d933fda90b62adbb0f15705d2,18031,sorocaba,SP,7ca389d3eaebd21435892c359851ffa7,beleza_saude,58,323,2,2000,30,12,16,a416b6a846a11724393025641d4edd5e,"sao paulo",SP,3702,credit_card,1,3,56,11.15,67.15,"2018-06-06 18:51:21","2018-05-29 18:27:08","2018-05-29 18:51:21","2018-05-30 16:40:00","2018-06-02 11:16:42","2018-06-21 00:00:00",Tuesday,May,2018,May-2018,delivered,3d6024a65d547d75ce7c38da01993565-1
734,3dbf60040199f502ec5dd67f86b804ab,1,62cf43d7c0b82fa2b6910138d7f4f14e,48e765b31aa7359bdc26fb32b1b6825f,21330,"rio de janeiro",RJ,3d22445510fe5a03299a8d2a5da7abf4,beleza_saude,46,1472,1,2250,30,10,17,a416b6a846a11724393025641d4edd5e,"sao paulo",SP,3702,credit_card,1,8,326.66,17.05,343.71,"2017-03-08 11:30:20","2017-03-02 11:20:23","2017-03-02 11:30:20","2017-03-31 15:12:14","2017-04-13 11:39:04","2017-03-27 00:00:00",Thursday,March,2017,March-2017,delivered,3dbf60040199f502ec5dd67f86b804ab-1
735,3e1298fc81396a1e3ad660c0cd0fab65,1,d45f5ececd49006ee69bd7e852bb26bd,33edf95746326a241e75697cf52fb603,17860,pacaembu,SP,c40b12e92be6aee40cc2adab6693820c,beleza_saude,36,1514,1,1100,30,12,16,a416b6a846a11724393025641d4edd5e,"sao paulo",SP,3702,credit_card,1,4,190,14.35,172.55,"2017-10-04 16:07:10","2017-09-28 15:55:37","2017-09-28 16:07:10","2017-09-29 23:36:58","2017-10-05 17:40:08","2017-10-20 00:00:00",Thursday,September,2017,September-2017,delivered,3e1298fc81396a1e3ad660c0cd0fab65-1
736,3e1298fc81396a1e3ad660c0cd0fab65,1,d45f5ececd49006ee69bd7e852bb26bd,33edf95746326a241e75697cf52fb603,17860,pacaembu,SP,c40b12e92be6aee40cc2adab6693820c,beleza_saude,36,1514,1,1100,30,12,16,a416b6a846a11724393025641d4edd5e,"sao paulo",SP,3702,voucher,2,1,190,14.35,31.8,"2017-10-04 16:07:10","2017-09-28 15:55:37","2017-09-28 16:07:10","2017-09-29 23:36:58","2017-10-05 17:40:08","2017-10-20 00:00:00",Thursday,September,2017,September-2017,delivered,3e1298fc81396a1e3ad660c0cd0fab65-1
737,91fbd38c414f6f3a3450d7e5aa6e10fa,1,8c6f3db79370e5d22eefe15c91ae37ca,f8daef44c2589a488bfed29f1be8396a,5026,"sao paulo",SP,c40b12e92be6aee40cc2adab6693820c,beleza_saude,36,1514,1,1100,30,12,16,a416b6a846a11724393025641d4edd5e,"sao paulo",SP,3702,boleto,1,1,190,12.53,202.53,"2017-10-26 05:34:36","2017-10-19 17:02:53","2017-10-20 05:34:36","2017-10-20 21:07:08","2017-10-23 17:27:11","2017-10-31 00:00:00",Thursday,October,2017,October-2017,delivered,91fbd38c414f6f3a3450d7e5aa6e10fa-1
738,f28cf65c040ec0031234f04085debe30,1,82dca5a0d58f3e7847e28a177e70f1e0,af4c1cf7039f636488d13fded958e7fe,78556,sinop,MT,c40b12e92be6aee40cc2adab6693820c,beleza_saude,36,1514,1,1100,30,12,16,a416b6a846a11724393025641d4edd5e,"sao paulo",SP,3702,credit_card,1,5,190,28.06,218.06,"2018-03-15 12:28:18","2018-03-10 12:12:15","2018-03-10 12:28:18","2018-03-14 21:05:37","2018-03-20 20:48:44","2018-04-05 00:00:00",Saturday,March,2018,March-2018,delivered,f28cf65c040ec0031234f04085debe30-1
739,7e8072dc0f35ebb0c1b2a4743e0f179a,1,8a8476a80099f2b63c573d23679532ec,56f8e0d601a82ef7d2f05589daacd600,94370,ipiranga,RS,4c8541293fb2d3359cf52485b4d59b8e,beleza_saude,46,1005,1,750,25,13,14,a416b6a846a11724393025641d4edd5e,"sao paulo",SP,3702,voucher,2,1,79,16.74,95.52,"2018-07-04 20:10:14","2018-06-27 14:07:03","2018-06-28 20:10:14","2018-06-29 08:25:00","2018-07-11 00:12:50","2018-07-27 00:00:00",Wednesday,June,2018,June-2018,delivered,7e8072dc0f35ebb0c1b2a4743e0f179a-1
740,7e8072dc0f35ebb0c1b2a4743e0f179a,1,8a8476a80099f2b63c573d23679532ec,56f8e0d601a82ef7d2f05589daacd600,94370,ipiranga,RS,4c8541293fb2d3359cf52485b4d59b8e,beleza_saude,46,1005,1,750,25,13,14,a416b6a846a11724393025641d4edd5e,"sao paulo",SP,3702,credit_card,1,1,79,16.74,0.22,"2018-07-04 20:10:14","2018-06-27 14:07:03","2018-06-28 20:10:14","2018-06-29 08:25:00","2018-07-11 00:12:50","2018-07-27 00:00:00",Wednesday,June,2018,June-2018,delivered,7e8072dc0f35ebb0c1b2a4743e0f179a-1
741,b46902d53ee0054d077220fefa87e7d5,1,83d7ab5d806218715a5e5a07d5d37dad,9bff551dd73fdb455a7c2ceb6bed2d39,32186,contagem,MG,4c8541293fb2d3359cf52485b4d59b8e,beleza_saude,46,1005,1,750,25,13,14,a416b6a846a11724393025641d4edd5e,"sao paulo",SP,3702,credit_card,1,1,63.36,15.65,79.01,"2017-02-14 15:53:07","2017-02-08 15:53:07","2017-02-08 16:05:18","2017-02-09 13:16:22","2017-02-14 13:03:40","2017-03-13 00:00:00",Wednesday,February,2017,February-2017,delivered,b46902d53ee0054d077220fefa87e7d5-1
742,4336f383d6d1f9c9d968406c7a920fd3,1,e2aae3069bad7962c01d7ecfa869bb80,a0bebbf4bd719425ed6c754e487e3ce9,8215,"sao paulo",SP,5b3e03e8dfa69568003b9f9ca8e9344d,beleza_saude,36,535,1,2000,30,12,16,a416b6a846a11724393025641d4edd5e,"sao paulo",SP,3702,voucher,2,1,26.14,11.73,70.84,"2018-02-16 19:28:19","2018-02-12 19:12:37","2018-02-12 19:28:19","2018-02-16 23:52:08","2018-02-22 12:08:57","2018-02-26 00:00:00",Monday,February,2018,February-2018,delivered,4336f383d6d1f9c9d968406c7a920fd3-1
743,4336f383d6d1f9c9d968406c7a920fd3,1,e2aae3069bad7962c01d7ecfa869bb80,a0bebbf4bd719425ed6c754e487e3ce9,8215,"sao paulo",SP,5b3e03e8dfa69568003b9f9ca8e9344d,beleza_saude,36,535,1,2000,30,12,16,a416b6a846a11724393025641d4edd5e,"sao paulo",SP,3702,credit_card,1,1,26.14,11.73,4.9,"2018-02-16 19:28:19","2018-02-12 19:12:37","2018-02-12 19:28:19","2018-02-16 23:52:08","2018-02-22 12:08:57","2018-02-26 00:00:00",Monday,February,2018,February-2018,delivered,4336f383d6d1f9c9d968406c7a920fd3-1
744,4336f383d6d1f9c9d968406c7a920fd3,2,e2aae3069bad7962c01d7ecfa869bb80,a0bebbf4bd719425ed6c754e487e3ce9,8215,"sao paulo",SP,5b3e03e8dfa69568003b9f9ca8e9344d,beleza_saude,36,535,1,2000,30,12,16,a416b6a846a11724393025641d4edd5e,"sao paulo",SP,3702,voucher,2,1,26.14,11.73,70.84,"2018-02-16 19:28:19","2018-02-12 19:12:37","2018-02-12 19:28:19","2018-02-16 23:52:08","2018-02-22 12:08:57","2018-02-26 00:00:00",Monday,February,2018,February-2018,delivered,4336f383d6d1f9c9d968406c7a920fd3-2
745,4336f383d6d1f9c9d968406c7a920fd3,2,e2aae3069bad7962c01d7ecfa869bb80,a0bebbf4bd719425ed6c754e487e3ce9,8215,"sao paulo",SP,5b3e03e8dfa69568003b9f9ca8e9344d,beleza_saude,36,535,1,2000,30,12,16,a416b6a846a11724393025641d4edd5e,"sao paulo",SP,3702,credit_card,1,1,26.14,11.73,4.9,"2018-02-16 19:28:19","2018-02-12 19:12:37","2018-02-12 19:28:19","2018-02-16 23:52:08","2018-02-22 12:08:57","2018-02-26 00:00:00",Monday,February,2018,February-2018,delivered,4336f383d6d1f9c9d968406c7a920fd3-2
746,4865bde237624673cb82058b4d23327d,1,86e12fd59aa9f06ed8c9fd7b1e36c139,90c2607a022b5434ceda7bce15da1fd6,12516,guaratingueta,SP,be0711db7f99b4443f68c8b9f13235af,beleza_saude,57,561,1,1000,30,10,17,a416b6a846a11724393025641d4edd5e,"sao paulo",SP,3702,credit_card,1,2,196.36,13.71,210.07,"2017-09-05 14:30:23","2017-08-30 14:19:37","2017-08-30 14:30:23","2017-08-31 19:04:03","2017-09-05 23:51:35","2017-09-18 00:00:00",Wednesday,August,2017,August-2017,delivered,4865bde237624673cb82058b4d23327d-1
747,49287801ce45d679f7744b39f6fb6131,1,cf0b26e3090443f40ddbeea9ff6924c5,dba313d50ef08e5865d9efe56823e881,3581,"sao paulo",SP,d2c26c86faaf287263610735e07f1b3d,beleza_saude,49,2296,1,400,30,12,16,a416b6a846a11724393025641d4edd5e,"sao paulo",SP,3702,credit_card,1,3,106,11.37,117.37,"2018-05-14 20:15:09","2018-05-07 09:15:27","2018-05-08 20:15:09","2018-05-11 12:14:00","2018-05-14 12:04:57","2018-05-17 00:00:00",Monday,May,2018,May-2018,delivered,49287801ce45d679f7744b39f6fb6131-1
748,aa9807c58e870fca0fbe582723264ed8,1,07a0f2cfb244ec5172ac0fbec747a6f2,020c0844de3cbc0e65fe2cd62ddbc985,85857,"foz do iguacu",PR,d2c26c86faaf287263610735e07f1b3d,beleza_saude,49,2296,1,400,30,12,16,a416b6a846a11724393025641d4edd5e,"sao paulo",SP,3702,credit_card,1,2,106,23.32,129.32,"2018-04-19 10:50:19","2018-04-13 10:30:29","2018-04-13 10:50:19","2018-04-18 20:16:32","2018-04-27 19:32:29","2018-05-11 00:00:00",Friday,April,2018,April-2018,delivered,aa9807c58e870fca0fbe582723264ed8-1
749,e82e8e5dfb4288f8cb62bd9b46a4c8e6,1,bba0c954a4b69a8bd33cb47b27e34d29,f6b5b396284a78521244c8aca8089ca8,13214,jundiai,SP,d2c26c86faaf287263610735e07f1b3d,beleza_saude,49,2296,1,400,30,12,16,a416b6a846a11724393025641d4edd5e,"sao paulo",SP,3702,credit_card,1,5,106,11.37,117.37,"2018-04-12 20:35:08","2018-04-06 20:23:43","2018-04-06 20:35:08","2018-04-09 23:41:40","2018-04-12 01:32:44","2018-04-23 00:00:00",Friday,April,2018,April-2018,delivered,e82e8e5dfb4288f8cb62bd9b46a4c8e6-1
750,4e71d6b2e9f221c46838b30c18443f84,1,db1b14bc26ae944bdf0cec69ccf63398,8e943fda076dc4b113ef88b539de335d,69074,manaus,AM,68f2b86d618f20c45d7a0db6db2cc664,beleza_saude,37,382,1,767,25,13,16,a416b6a846a11724393025641d4edd5e,"sao paulo",SP,3702,credit_card,1,6,57.17,26.14,83.31,"2017-04-25 20:05:17","2017-04-16 19:58:37","2017-04-16 20:05:17","2017-04-20 16:15:44","2017-05-02 15:54:03","2017-05-24 00:00:00",Sunday,April,2017,April-2017,delivered,4e71d6b2e9f221c46838b30c18443f84-1
751,a487f3a5b2b3e028ef50c93210a69e71,1,7a0e84fdd2b16140c23afec336362877,945041c387344cf82a668dd2076dd072,5364,"sao paulo",SP,68f2b86d618f20c45d7a0db6db2cc664,beleza_saude,37,382,1,767,25,13,16,a416b6a846a11724393025641d4edd5e,"sao paulo",SP,3702,credit_card,1,6,57.17,9.39,66.56,"2017-05-10 07:35:17","2017-05-04 07:21:32","2017-05-04 07:35:17","2017-05-05 13:58:12","2017-05-09 20:32:58","2017-05-25 00:00:00",Thursday,May,2017,May-2017,delivered,a487f3a5b2b3e028ef50c93210a69e71-1
752,505c74a8514300103db4767c595fd85a,1,a73385b519aa26aecb154a13fec20b62,faf8998ee937be39f234e0ad9792c1df,6413,barueri,SP,7027d0fc936cee48f395376be9bb733c,beleza_saude,43,577,1,2000,26,17,19,a416b6a846a11724393025641d4edd5e,"sao paulo",SP,3702,credit_card,1,1,29.42,11.15,40.57,"2018-04-12 15:50:13","2018-04-06 15:34:59","2018-04-06 15:50:13","2018-04-09 23:41:39","2018-04-12 01:21:00","2018-04-23 00:00:00",Friday,April,2018,April-2018,delivered,505c74a8514300103db4767c595fd85a-1
753,519d2277452787b455e35df047b6476f,1,f90bcfd0da9c6d64675bf7e956f828c3,7b7d279dcd8c4096df6622f18d344569,48460,"nova soure",BA,f2c6bb3c72a67ac37f14bae1faddcf40,beleza_saude,52,676,1,350,30,12,16,a416b6a846a11724393025641d4edd5e,"sao paulo",SP,3702,credit_card,1,10,151.72,28.01,179.73,"2018-08-27 00:50:14","2018-08-20 23:52:39","2018-08-21 00:50:14","2018-08-21 10:41:00","2018-08-27 16:52:13","2018-09-25 00:00:00",Monday,August,2018,August-2018,delivered,519d2277452787b455e35df047b6476f-1
754,52619537cf1e982e097feae63cd2e083,1,cb4c6e7b2011034ef5cbe350af33ef2a,f400871ed2f7caaf0b7848d156c8a97b,4303,"sao paulo",SP,a357f84a03304a2b4e051596920249eb,beleza_saude,31,1267,1,850,25,13,16,a416b6a846a11724393025641d4edd5e,"sao paulo",SP,3702,credit_card,1,1,59.41,9.41,137.64,"2017-03-31 10:05:21","2017-03-27 09:51:42","2017-03-27 10:05:21","2017-03-27 15:29:39","2017-03-29 10:23:02","2017-04-13 00:00:00",Monday,March,2017,March-2017,delivered,52619537cf1e982e097feae63cd2e083-1
755,52619537cf1e982e097feae63cd2e083,2,cb4c6e7b2011034ef5cbe350af33ef2a,f400871ed2f7caaf0b7848d156c8a97b,4303,"sao paulo",SP,a357f84a03304a2b4e051596920249eb,beleza_saude,31,1267,1,850,25,13,16,a416b6a846a11724393025641d4edd5e,"sao paulo",SP,3702,credit_card,1,1,59.41,9.41,137.64,"2017-03-31 10:05:21","2017-03-27 09:51:42","2017-03-27 10:05:21","2017-03-27 15:29:39","2017-03-29 10:23:02","2017-04-13 00:00:00",Monday,March,2017,March-2017,delivered,52619537cf1e982e097feae63cd2e083-2
756,526e5c7b86409498289e780020805f70,1,677ea793bab5253b52c7f73f0e120b74,abf60c6ebc739e6f4e4319a9044073af,9890,"sao bernardo do campo",SP,08a7edee09bde7cfc9504bc369e64cb1,beleza_saude,52,637,1,917,28,16,20,a416b6a846a11724393025641d4edd5e,"sao paulo",SP,3702,boleto,1,1,230.98,12.82,243.8,"2017-12-05 02:20:25","2017-11-28 12:00:16","2017-11-29 02:20:25","2017-12-01 22:41:53","2017-12-05 22:04:17","2017-12-12 00:00:00",Tuesday,November,2017,November-2017,delivered,526e5c7b86409498289e780020805f70-1
757,f3d5876234a5858786970f692f06c3ad,1,d904f9160d1d66c620b81536ec9399e3,0cf744fa8ef832c2bd5f9208629d3967,78552,sinop,MT,08a7edee09bde7cfc9504bc369e64cb1,beleza_saude,52,637,1,917,28,16,20,a416b6a846a11724393025641d4edd5e,"sao paulo",SP,3702,credit_card,1,3,230.98,20.86,251.84,"2017-11-09 16:10:33","2017-11-03 15:56:17","2017-11-03 16:30:26","2017-11-09 00:46:44","2017-11-24 20:29:15","2017-11-30 00:00:00",Friday,November,2017,November-2017,delivered,f3d5876234a5858786970f692f06c3ad-1
758,52fb3b22b5c78d0b753ffeb820ed01a1,1,12d6c8927ce18ddc37dc9e74ec9dec83,725ac83d391c3bb912446c52f2507295,1406,"sao paulo",SP,da16d51397a128691eb2fec79f2daaf0,beleza_saude,48,534,1,2000,30,12,16,a416b6a846a11724393025641d4edd5e,"sao paulo",SP,3702,credit_card,1,2,126.52,11.51,138.03,"2018-04-19 14:30:24","2018-04-14 14:06:55","2018-04-14 14:31:32","2018-04-19 21:06:58","2018-04-23 19:38:46","2018-05-03 00:00:00",Saturday,April,2018,April-2018,delivered,52fb3b22b5c78d0b753ffeb820ed01a1-1
759,565a7bc14e1f825b163c6a51d74f4206,1,7a94daa481a6da66609f5d721c4cecee,84e608f9dafd94d0749f99368bec4ff5,76200,ipora,GO,f236d6f238239abfba8268f427d07c33,beleza_saude,29,538,1,3000,30,12,16,a416b6a846a11724393025641d4edd5e,"sao paulo",SP,3702,credit_card,1,8,92.97,23.45,116.42,"2018-08-13 14:04:50","2018-08-07 13:44:12","2018-08-07 14:04:50","2018-08-09 11:56:00","2018-08-30 16:49:02","2018-08-28 00:00:00",Tuesday,August,2018,August-2018,delivered,565a7bc14e1f825b163c6a51d74f4206-1
760,5c92575d54d9782d6f943b342d27646f,1,2382733f0f5edc1be5b3b4e3a6ac0e17,4ce423721c74231c174d0bb22367645a,6826,"embu das artes",SP,11068d52d5927407c556ffd893c3feae,beleza_saude,43,1364,1,2300,30,12,16,a416b6a846a11724393025641d4edd5e,"sao paulo",SP,3702,credit_card,1,8,78,11.17,178.34,"2018-03-26 09:50:26","2018-03-20 09:40:46","2018-03-20 09:50:26","2018-03-22 20:23:39","2018-03-27 00:25:43","2018-04-02 00:00:00",Tuesday,March,2018,March-2018,delivered,5c92575d54d9782d6f943b342d27646f-1
761,5c92575d54d9782d6f943b342d27646f,2,2382733f0f5edc1be5b3b4e3a6ac0e17,4ce423721c74231c174d0bb22367645a,6826,"embu das artes",SP,11068d52d5927407c556ffd893c3feae,beleza_saude,43,1364,1,2300,30,12,16,a416b6a846a11724393025641d4edd5e,"sao paulo",SP,3702,credit_card,1,8,78,11.17,178.34,"2018-03-26 09:50:26","2018-03-20 09:40:46","2018-03-20 09:50:26","2018-03-22 20:23:39","2018-03-27 00:25:43","2018-04-02 00:00:00",Tuesday,March,2018,March-2018,delivered,5c92575d54d9782d6f943b342d27646f-2
762,5e34d391098747231b726e35a9ef3e5f,1,fe8ab673369a385622558606f2c0e4d2,70be06cb5569d9a52f8f4fc13068477c,30575,"belo horizonte",MG,48d402f7e2e296fe1fb7d29220857042,beleza_saude,52,975,1,250,30,12,16,a416b6a846a11724393025641d4edd5e,"sao paulo",SP,3702,credit_card,1,10,177.97,17.5,390.94,"2017-11-27 20:47:05","2017-11-20 20:52:34","2017-11-21 20:47:35","2017-11-22 21:48:27","2017-11-27 17:28:37","2017-12-08 00:00:00",Monday,November,2017,November-2017,delivered,5e34d391098747231b726e35a9ef3e5f-1
763,5e34d391098747231b726e35a9ef3e5f,2,fe8ab673369a385622558606f2c0e4d2,70be06cb5569d9a52f8f4fc13068477c,30575,"belo horizonte",MG,48d402f7e2e296fe1fb7d29220857042,beleza_saude,52,975,1,250,30,12,16,a416b6a846a11724393025641d4edd5e,"sao paulo",SP,3702,credit_card,1,10,177.97,17.5,390.94,"2017-11-27 20:47:05","2017-11-20 20:52:34","2017-11-21 20:47:35","2017-11-22 21:48:27","2017-11-27 17:28:37","2017-12-08 00:00:00",Monday,November,2017,November-2017,delivered,5e34d391098747231b726e35a9ef3e5f-2
764,5ef2b9c9a5e997664dcaacc5fa769e07,1,90f9c01a499464834ab71ad103053acf,f42a6889e68a6c60099cc748300ee004,87010,maringa,PR,61e10f3719455e41bd5956ef8dc29092,beleza_saude,43,1386,1,1500,30,10,17,a416b6a846a11724393025641d4edd5e,"sao paulo",SP,3702,boleto,1,1,164.9,16.36,181.26,"2017-03-30 02:10:41","2017-03-23 23:55:55","2017-03-25 02:10:41","2017-03-27 15:29:45","2017-04-03 16:23:52","2017-04-13 00:00:00",Thursday,March,2017,March-2017,delivered,5ef2b9c9a5e997664dcaacc5fa769e07-1
765,8fb7236f391b9205b932db6f239478c0,1,40e6102abbae17bcfd69cd6feaedf315,971f7a951aedb20372d7db7bbac66ad5,38413,uberlandia,MG,61e10f3719455e41bd5956ef8dc29092,beleza_saude,43,1386,1,1500,30,10,17,a416b6a846a11724393025641d4edd5e,"sao paulo",SP,3702,credit_card,1,5,199.9,18.65,218.55,"2017-12-03 23:39:22","2017-11-27 23:25:48","2017-11-27 23:39:22","2017-11-28 23:18:54","2017-12-07 17:33:45","2017-12-19 00:00:00",Monday,November,2017,November-2017,delivered,8fb7236f391b9205b932db6f239478c0-1
766,6094159cbb1c76bdf3249a954c2da017,1,e2a1ab008932ae1211651ffb0cffe7ea,b35bbea722303bf6e700f2b67ed6a88e,19906,ourinhos,SP,79863f997e214f8f98c423694c745f3d,beleza_saude,20,1688,1,1450,30,12,16,a416b6a846a11724393025641d4edd5e,"sao paulo",SP,3702,credit_card,1,6,166,15.25,181.25,"2018-05-24 00:14:56","2018-05-17 14:40:34","2018-05-18 00:14:56","2018-05-18 11:20:00","2018-05-30 20:44:25","2018-06-05 00:00:00",Thursday,May,2018,May-2018,delivered,6094159cbb1c76bdf3249a954c2da017-1
767,622e1ac05d77a0fe978afdbb3d174017,1,34532438b4bd25e285a454257543b521,2cb009fbb4a8d0a75b6f1226f4e6a97f,22081,"rio de janeiro",RJ,691c1cc8a89f47bf99b00a7aeee5c4f3,beleza_saude,55,180,1,5350,30,10,17,a416b6a846a11724393025641d4edd5e,"sao paulo",SP,3702,credit_card,1,8,493,25.77,518.77,"2017-10-06 12:24:39","2017-10-02 12:05:39","2017-10-02 12:24:39","2017-10-05 22:46:11","2017-10-17 16:32:05","2017-10-24 00:00:00",Monday,October,2017,October-2017,delivered,622e1ac05d77a0fe978afdbb3d174017-1
768,eac90790570a2c6eae97928fb9a3383e,1,f48846a6588c8bd78f09e4255b9b5379,165a8bdaa0c1c792e220ea116f9c6d50,5588,"sao paulo",SP,691c1cc8a89f47bf99b00a7aeee5c4f3,beleza_saude,55,180,1,5350,30,10,17,a416b6a846a11724393025641d4edd5e,"sao paulo",SP,3702,credit_card,1,8,493,18.21,511.21,"2018-01-24 23:20:15","2018-01-20 22:59:25","2018-01-20 23:20:15","2018-01-22 22:51:52","2018-01-24 17:25:41","2018-02-06 00:00:00",Saturday,January,2018,January-2018,delivered,eac90790570a2c6eae97928fb9a3383e-1
769,641682198a3f69b843b8d88fd145b8de,1,9a3feacf0ab6c455903766201558c15f,37b724372b14d67a4296519f579d8697,57545,inhapi,AL,9127a26242f9a9cfb2154f60f2dd5951,beleza_saude,42,740,1,2000,30,12,16,a416b6a846a11724393025641d4edd5e,"sao paulo",SP,3702,credit_card,1,10,810,43.22,853.22,"2017-08-23 21:44:18","2017-08-19 21:23:39","2017-08-19 21:44:18","2017-08-21 21:42:38","2017-09-27 16:38:25","2017-09-21 00:00:00",Saturday,August,2017,August-2017,delivered,641682198a3f69b843b8d88fd145b8de-1
770,6a28c44002c98cf309fc9e2b8fe21f16,1,0cb9c2acb9820a501aa35c2209108cbb,d1354cbb8e551a07e14f00d4f063e91f,16600,pirajui,SP,ddbb759beb54e5f4ce6e43018cc6d2ec,beleza_saude,55,2511,1,2483,27,21,22,a416b6a846a11724393025641d4edd5e,"sao paulo",SP,3702,credit_card,1,5,160,15.21,175.21,"2018-03-15 18:30:24","2018-03-10 18:21:42","2018-03-10 18:30:24","2018-03-13 03:39:29","2018-03-22 15:42:16","2018-03-28 00:00:00",Saturday,March,2018,March-2018,delivered,6a28c44002c98cf309fc9e2b8fe21f16-1
771,6cc170c0199d6d09ed3ae398bbfe01af,1,0050ee32fbb93383fb0d9e3d8ee89a07,0301e2b22f44b5a060987ecf49f8ada8,78400,diamantino,MT,9fcd066d9a5d85dbd05e7d8348539300,beleza_saude,58,1091,1,750,30,12,16,a416b6a846a11724393025641d4edd5e,"sao paulo",SP,3702,credit_card,1,6,99,23.84,122.84,"2018-07-30 15:44:47","2018-07-23 14:33:11","2018-07-23 15:59:52","2018-07-25 14:11:00","2018-08-02 21:44:47","2018-08-20 00:00:00",Monday,July,2018,July-2018,delivered,6cc170c0199d6d09ed3ae398bbfe01af-1
772,6f334a2e1303fe798ae16f4c33269e82,1,d69688d427da267e3c2d564db094796a,c1254a1e8dde33aa9aa2ec0a5b93452a,31741,"belo horizonte",MG,cea0783f5748d01abec8fd268dccba49,beleza_saude,44,1487,1,1150,30,10,17,a416b6a846a11724393025641d4edd5e,"sao paulo",SP,3702,credit_card,1,5,89.57,18,107.57,"2017-02-02 13:43:36","2017-01-27 13:43:36","2017-01-27 14:31:23","2017-02-06 12:37:59","2017-02-12 12:21:54","2017-03-08 00:00:00",Friday,January,2017,January-2017,delivered,6f334a2e1303fe798ae16f4c33269e82-1
773,e08f76fed43c999d57979d1879871ce1,1,61aecad4ecccb2ef8e88726a68d832d5,c8bc38379b2217871ffd56f27cebda40,81450,curitiba,PR,cea0783f5748d01abec8fd268dccba49,beleza_saude,44,1487,1,1150,30,10,17,a416b6a846a11724393025641d4edd5e,"sao paulo",SP,3702,boleto,1,1,89.57,15.39,104.96,"2017-02-01 16:48:24","2017-01-26 16:48:24","2017-01-28 04:36:02","2017-02-01 12:38:57","2017-02-08 16:54:37","2017-02-28 00:00:00",Thursday,January,2017,January-2017,delivered,e08f76fed43c999d57979d1879871ce1-1
774,6f7e6a9cce69876915e47a146ef300e5,1,b616c86b6c67abc4ee6da42829d374c3,63df651d5e8adb6a0e4baeb66a0eea37,16202,birigui,SP,57f90b6fc66c06410e02e8bacfba79b5,beleza_saude,51,621,1,250,30,12,16,a416b6a846a11724393025641d4edd5e,"sao paulo",SP,3702,credit_card,1,7,131.25,13.94,290.38,"2017-09-08 10:45:14","2017-09-01 10:33:16","2017-09-02 10:45:14","2017-09-05 18:33:30","2017-09-12 20:31:56","2017-09-20 00:00:00",Friday,September,2017,September-2017,delivered,6f7e6a9cce69876915e47a146ef300e5-1
775,6f7e6a9cce69876915e47a146ef300e5,2,b616c86b6c67abc4ee6da42829d374c3,63df651d5e8adb6a0e4baeb66a0eea37,16202,birigui,SP,57f90b6fc66c06410e02e8bacfba79b5,beleza_saude,51,621,1,250,30,12,16,a416b6a846a11724393025641d4edd5e,"sao paulo",SP,3702,credit_card,1,7,131.25,13.94,290.38,"2017-09-08 10:45:14","2017-09-01 10:33:16","2017-09-02 10:45:14","2017-09-05 18:33:30","2017-09-12 20:31:56","2017-09-20 00:00:00",Friday,September,2017,September-2017,delivered,6f7e6a9cce69876915e47a146ef300e5-2
776,76263f760191f470b92de7f5ff14053a,1,674366004ccd62e6960110afc9998ffb,cfe3afae435863f0eb15aaa90cfa4246,29111,"vila velha",ES,708cf9598cc7a8ed22f6f060d3ab547c,cool_stuff,58,1392,1,2000,23,14,16,a416b6a846a11724393025641d4edd5e,"sao paulo",SP,3702,credit_card,1,8,386.4,18.95,405.35,"2017-10-19 20:14:22","2017-10-13 18:56:10","2017-10-13 19:14:22","2017-10-19 19:44:54","2017-10-25 19:38:08","2017-11-01 00:00:00",Friday,October,2017,October-2017,delivered,76263f760191f470b92de7f5ff14053a-1
777,7701acffdc4a67fac70f9ba0d45cdf41,1,2c3e6d34925ae17def03b796b63e8dfe,7ae8bd64bbd6f4342d2f802e88565dd1,12302,jacarei,SP,c3040abf937069c3552391d63d89ece1,beleza_saude,33,1693,1,550,30,10,17,a416b6a846a11724393025641d4edd5e,"sao paulo",SP,3702,credit_card,1,1,80.25,14.33,94.58,"2017-04-03 21:55:20","2017-03-28 21:45:33","2017-03-28 21:55:20","2017-03-29 15:47:41","2017-04-04 17:36:29","2017-04-17 00:00:00",Tuesday,March,2017,March-2017,delivered,7701acffdc4a67fac70f9ba0d45cdf41-1
778,79ecc3e68b2d54e056223964de8bca98,1,568d5759e341018b8a9fb7d0aa2d4c25,7011c18021a7ba540f53349a324677ed,28695,papucaia,RJ,408e4bb5c406ec8c1609f6a8a2e49deb,beleza_saude,30,1729,1,2400,30,12,16,a416b6a846a11724393025641d4edd5e,"sao paulo",SP,3702,voucher,1,1,118.33,18.08,136.41,"2017-09-11 01:30:13","2017-09-04 01:18:42","2017-09-04 01:30:13","2017-09-05 18:33:27","2017-09-11 19:13:32","2017-09-27 00:00:00",Monday,September,2017,September-2017,delivered,79ecc3e68b2d54e056223964de8bca98-1
779,7c303e55404bf2462c89a320c8d47688,1,46562c13f2603ce314ac9047cf85bc42,29829306a1ae979ec4542f001b85822d,2765,"sao paulo",SP,574a84e6ebd42413eb6d2a7e97f04612,beleza_saude,51,1764,1,2000,26,17,19,a416b6a846a11724393025641d4edd5e,"sao paulo",SP,3702,credit_card,1,8,74.67,11.73,86.4,"2017-10-18 18:28:27","2017-10-11 17:15:54","2017-10-11 17:28:27","2017-10-16 23:49:04","2017-10-21 16:08:15","2017-10-24 00:00:00",Wednesday,October,2017,October-2017,delivered,7c303e55404bf2462c89a320c8d47688-1
780,7df4a1e4f63494920c5e53da93a08183,1,35dd14f3ffded4b92a1569a0ee3e6d1d,b3ce8008bc829850e11183c51c6e824a,36081,"juiz de fora",MG,bb7a5793447637a7bb096f75dd7e5dbe,beleza_saude,46,1377,1,1300,25,12,12,a416b6a846a11724393025641d4edd5e,"sao paulo",SP,3702,credit_card,1,2,99,23.27,122.27,"2018-04-25 12:31:34","2018-04-19 11:43:20","2018-04-19 12:34:15","2018-04-20 22:28:31","2018-05-04 20:08:54","2018-05-15 00:00:00",Thursday,April,2018,April-2018,delivered,7df4a1e4f63494920c5e53da93a08183-1
781,d279acf202b55cb48ca420ecd39105e3,1,64e4610c79c90cff2b13643f3708ea16,16bc082ee7adc9bbc573a092d2b9da2f,29942,"sao mateus",ES,bb7a5793447637a7bb096f75dd7e5dbe,beleza_saude,46,1377,1,1300,25,12,12,a416b6a846a11724393025641d4edd5e,"sao paulo",SP,3702,boleto,1,1,99,17.94,116.94,"2018-02-28 12:30:34","2018-02-21 19:39:07","2018-02-22 12:35:40","2018-02-22 23:15:15","2018-03-03 15:52:23","2018-03-14 00:00:00",Wednesday,February,2018,February-2018,delivered,d279acf202b55cb48ca420ecd39105e3-1
782,803b1bae34b452deca8621b507e483f4,1,ad9439bef45682118667887e90404479,bbfe3f3e85aa0fcd0161729fb4f3c80f,11500,cubatao,SP,7f253218cda162fcc215fd4e0768b00c,cool_stuff,56,1826,1,2000,28,19,21,a416b6a846a11724393025641d4edd5e,"sao paulo",SP,3702,credit_card,1,4,369,13.79,382.79,"2017-11-30 11:51:40","2017-11-24 10:32:10","2017-11-24 11:52:10","2017-11-28 23:28:28","2017-12-01 22:04:57","2017-12-08 00:00:00",Friday,November,2017,November-2017,delivered,803b1bae34b452deca8621b507e483f4-1
783,82f29ec26f706651b906acc60ba4ab72,1,53e7d67eeb84c9b9c79929c6de3d1612,198ba72088fecd3caeaf2dca0addcfb9,29102,"vila velha",ES,ffbb3c00e9687ad738ace3977e821da5,beleza_saude,41,2639,1,2350,30,12,12,a416b6a846a11724393025641d4edd5e,"sao paulo",SP,3702,credit_card,1,10,99,20.18,119.18,"2018-02-15 16:47:49","2018-02-09 16:49:44","2018-02-10 16:47:49","2018-02-16 02:51:39","2018-03-03 01:32:37","2018-03-06 00:00:00",Friday,February,2018,February-2018,delivered,82f29ec26f706651b906acc60ba4ab72-1
784,85d42749c9d00c658c40e73f8e4d667b,1,5a243113bcf3f3cfd3708809dd8ee311,d9e93817b666dcc2e615e90372038b4b,13054,campinas,SP,c14d410aea63d378e1934e00f20924cc,beleza_saude,45,1544,1,2000,22,12,16,a416b6a846a11724393025641d4edd5e,"sao paulo",SP,3702,credit_card,1,8,183,12.49,195.49,"2018-03-08 11:15:42","2018-03-02 11:07:48","2018-03-02 11:15:42","2018-03-06 22:06:35","2018-03-19 15:18:59","2018-03-14 00:00:00",Friday,March,2018,March-2018,delivered,85d42749c9d00c658c40e73f8e4d667b-1
785,8bd3b0d275f7d6d8686ddb86f88a71f6,1,c1c43a59da4d71581ded4e06a39bb37c,d55b1d8c88528efb311e84d850c4914e,68903,macapa,AP,7194ad9c6144dbbc1f3d4c389222035a,beleza_saude,40,2371,1,2150,35,11,23,a416b6a846a11724393025641d4edd5e,"sao paulo",SP,3702,credit_card,1,5,75,29.94,104.94,"2017-11-09 12:10:49","2017-11-04 11:58:49","2017-11-04 12:10:49","2017-11-06 22:39:36","2017-11-27 21:02:25","2017-12-20 00:00:00",Saturday,November,2017,November-2017,delivered,8bd3b0d275f7d6d8686ddb86f88a71f6-1
786,8d21d47aa6bcf56b94fec17960b994ae,1,74d6e55c0adc5d0d9ba5d802f1bc2d0b,d74f4428fcc52828ba891deccd965703,70670,brasilia,DF,e24ef3f9a7a1d8c6c2d932c53fcb1fbe,beleza_saude,47,1842,1,2300,30,12,16,a416b6a846a11724393025641d4edd5e,"sao paulo",SP,3702,boleto,1,1,244,17.96,261.96,"2017-08-31 02:10:55","2017-08-25 10:22:47","2017-08-26 02:10:55","2017-08-29 20:16:57","2017-09-04 17:21:49","2017-09-21 00:00:00",Friday,August,2017,August-2017,delivered,8d21d47aa6bcf56b94fec17960b994ae-1
787,8e3aafa608957bdc2ddb74b7d9a7a559,1,87cce77249ac03aee91db1e962c3f5ed,adef59974ee894d29a09f8490a1e797b,14700,bebedouro,SP,17a116d0390ebc37c44ecfd8c6e36d00,beleza_saude,43,446,1,1250,30,12,16,a416b6a846a11724393025641d4edd5e,"sao paulo",SP,3702,credit_card,1,2,103.95,15.04,118.99,"2018-08-09 15:35:16","2018-08-03 15:21:05","2018-08-03 15:35:16","2018-08-06 09:12:00","2018-08-09 17:07:47","2018-08-23 00:00:00",Friday,August,2018,August-2018,delivered,8e3aafa608957bdc2ddb74b7d9a7a559-1
788,90e4d4f7e2221bf7f81a4873e3161b96,1,03cc0d8c8f25cd1e7134599ffadc585c,8c2663e10d731208f3e5b3cdf6737638,4674,"sao paulo",SP,35780c73ee3f0cda4f99733734a30cf6,beleza_saude,45,375,1,2000,30,12,16,a416b6a846a11724393025641d4edd5e,"sao paulo",SP,3702,debit_card,1,1,58,11.43,69.43,"2018-07-25 16:22:43","2018-07-18 16:06:19","2018-07-18 16:22:43","2018-07-19 15:07:00","2018-07-20 19:53:39","2018-07-31 00:00:00",Wednesday,July,2018,July-2018,delivered,90e4d4f7e2221bf7f81a4873e3161b96-1
789,9630c683d2abb010ae3d4c70fdc7225f,1,6893cf3b3146616cda5e6fbdcd68db9a,8d9ec84608e4d7259a55a3a95cc84710,56318,petrolina,PE,024553ca83fc6e9ec93f5a9c823d1834,beleza_saude,41,1572,1,2000,30,12,16,a416b6a846a11724393025641d4edd5e,"sao paulo",SP,3702,credit_card,1,8,131.25,29.32,160.57,"2017-11-07 21:31:16","2017-10-30 10:44:51","2017-10-31 21:31:16","2017-11-01 20:05:06","2017-11-12 15:16:50","2017-11-29 00:00:00",Monday,October,2017,October-2017,delivered,9630c683d2abb010ae3d4c70fdc7225f-1
790,9b3c2b8781519d1fe7fe363c5a0e573f,1,7b6b52357ea318f79f31e816bb6a98e9,9edac7d8bdeeaa1858ad6d6d34bbd252,31565,"belo horizonte",MG,dbb00dd9b017066946537423958bd4ea,beleza_saude,50,546,1,1000,16,12,13,a416b6a846a11724393025641d4edd5e,"sao paulo",SP,3702,credit_card,1,5,59,15.17,74.17,"2018-02-09 09:35:29","2018-02-05 09:24:21","2018-02-05 09:35:29","2018-02-05 22:44:57","2018-02-21 20:25:58","2018-03-01 00:00:00",Monday,February,2018,February-2018,delivered,9b3c2b8781519d1fe7fe363c5a0e573f-1
791,9c1065a9bf5514fd2349797c407c61b7,1,d19f71039cf48477275961be96df0a13,45cb645cd8d03a8704424516bf9d01d0,4019,"sao paulo",SP,3b027a2faa13b442a89696f121015474,beleza_saude,53,877,1,1000,24,13,15,a416b6a846a11724393025641d4edd5e,"sao paulo",SP,3702,credit_card,1,2,74,8.88,82.88,"2018-03-22 10:48:57","2018-03-16 10:30:59","2018-03-16 10:48:57","2018-03-19 13:05:39","2018-03-20 22:28:45","2018-03-28 00:00:00",Friday,March,2018,March-2018,delivered,9c1065a9bf5514fd2349797c407c61b7-1
792,f30e9b83b1b7557b48c20dc8cf2e383f,1,8b0c6a16ffaa6a3242da476acb35704d,ce81cc2da4ecf56095a85747e45cf307,13185,hortolandia,SP,3b027a2faa13b442a89696f121015474,beleza_saude,53,877,1,1000,24,13,15,a416b6a846a11724393025641d4edd5e,"sao paulo",SP,3702,boleto,1,1,59,9.34,68.34,"2017-07-13 03:30:22","2017-07-07 11:39:44","2017-07-08 03:30:22","2017-07-10 18:16:10","2017-07-20 21:45:43","2017-07-20 00:00:00",Friday,July,2017,July-2017,delivered,f30e9b83b1b7557b48c20dc8cf2e383f-1
793,9e5ce745945c1ffe01121296711a5663,1,88e61c7252619768a61932ecdb8df0bd,e67837162e0e814752b92823f611306d,41810,salvador,BA,ba5aeff0d2c2150a200bfffdc8b06ebd,beleza_saude,37,1288,1,850,30,12,16,a416b6a846a11724393025641d4edd5e,"sao paulo",SP,3702,credit_card,1,8,232.32,19.87,252.19,"2018-01-25 17:05:29","2018-01-19 16:57:27","2018-01-19 17:05:29","2018-01-24 23:27:56","2018-02-02 01:53:37","2018-02-16 00:00:00",Friday,January,2018,January-2018,delivered,9e5ce745945c1ffe01121296711a5663-1
794,a12ac41904fb4122fafbd91fbb9230ed,1,8641ccf2e70d0cc04229db3e0b887fd7,eb1795057421adaf16b0eea967b8d325,30180,"belo horizonte",MG,6ddcabeba730cb81a3c9570a595a12da,beleza_saude,53,386,1,700,30,12,16,a416b6a846a11724393025641d4edd5e,"sao paulo",SP,3702,boleto,1,1,77,16.79,93.79,"2017-10-26 02:49:16","2017-10-20 10:08:59","2017-10-21 02:49:16","2017-10-23 20:33:36","2017-10-26 21:05:59","2017-11-09 00:00:00",Friday,October,2017,October-2017,delivered,a12ac41904fb4122fafbd91fbb9230ed-1
795,a2ca5377628d6a20bacb91260767bb69,1,69ad2710e68c0c7cbd5ed2e76ccf0ada,c91c021edc02c2af424017d01223f8c8,35600,"bom despacho",MG,e4bf89766decbc6dd5e5c29edff02990,beleza_saude,49,843,1,250,30,12,16,a416b6a846a11724393025641d4edd5e,"sao paulo",SP,3702,boleto,1,1,139.54,18.23,157.77,"2017-12-04 03:21:49","2017-11-26 17:10:03","2017-11-28 03:32:45","2017-11-30 22:34:48","2017-12-13 17:42:37","2017-12-20 00:00:00",Sunday,November,2017,November-2017,delivered,a2ca5377628d6a20bacb91260767bb69-1
796,a39da066364213f94f3fe99a34a1c4b2,1,dcb8ccf8642ced8c655b5cd038af93e2,ecfdca4856f0758293f2ec18a051fbd7,21512,"rio de janeiro",RJ,317dba41947df9cb9fec77921ee2d22e,beleza_saude,50,528,1,350,30,12,16,a416b6a846a11724393025641d4edd5e,"sao paulo",SP,3702,credit_card,1,6,149.62,18.63,168.25,"2018-04-20 19:51:45","2018-04-16 18:58:57","2018-04-16 19:51:45","2018-04-17 20:26:25","2018-05-10 13:08:45","2018-05-23 00:00:00",Monday,April,2018,April-2018,delivered,a39da066364213f94f3fe99a34a1c4b2-1
797,a761862f0091efb27d04d58ad23de019,1,11e9d0879e2a681f8c73e99d56c8c613,973f2fba63a7eb540f8860b0c75b63cb,91550,"porto alegre",RS,e7bc716e2ba2575a2f572b7a4bd281d6,cool_stuff,56,1398,1,2000,23,14,16,a416b6a846a11724393025641d4edd5e,"sao paulo",SP,3702,credit_card,1,4,369,18.83,387.83,"2017-11-23 12:06:52","2017-11-18 11:47:13","2017-11-18 12:06:52","2017-11-24 16:39:15","2017-12-27 23:18:28","2017-12-14 00:00:00",Saturday,November,2017,November-2017,delivered,a761862f0091efb27d04d58ad23de019-1
798,aa0bc25a48a3d53cc009df13ed116b23,1,629abd181c1d9ef4bb09740b75ad1cbc,21f3e8fc2cbd789feeb985a80f6a55b1,9321,maua,SP,7b8c427eb09be88d32fcfaa8018f5caa,beleza_saude,55,624,1,2000,30,12,16,a416b6a846a11724393025641d4edd5e,"sao paulo",SP,3702,credit_card,1,3,96.49,11.3,107.79,"2018-03-23 10:07:24","2018-03-19 09:32:37","2018-03-19 10:07:24","2018-03-19 21:06:00","2018-03-29 18:23:06","2018-03-29 00:00:00",Monday,March,2018,March-2018,delivered,aa0bc25a48a3d53cc009df13ed116b23-1
799,abddcf171f361ed313e1f191d71d046a,1,48db5996674ec9678ed781d29f8489fa,db805b3c93209de1af0f032450f33cd3,40150,salvador,BA,37167b49712cb4ce822d51958a4ec0c3,beleza_saude,48,1859,1,3300,30,10,17,a416b6a846a11724393025641d4edd5e,"sao paulo",SP,3702,credit_card,1,8,458.85,24.71,483.56,"2017-03-20 12:19:57","2017-03-14 12:19:57","2017-03-14 12:19:57","2017-03-21 09:57:05","2017-04-08 03:04:31","2017-04-12 00:00:00",Tuesday,March,2017,March-2017,delivered,abddcf171f361ed313e1f191d71d046a-1
800,ad19ba88530f3b247cf8c1bacc479741,1,05bb610f8efc9a227c9c88ca5bdac554,84aa21c4ad6d2331fae37dee0d4660de,33600,"pedro leopoldo",MG,cc71571b2ddfca828e182f9d029bb764,beleza_saude,59,725,1,400,30,10,17,a416b6a846a11724393025641d4edd5e,"sao paulo",SP,3702,credit_card,1,3,91.99,16.61,108.6,"2018-03-28 08:15:36","2018-03-22 08:08:32","2018-03-22 08:15:36","2018-03-29 23:42:59","2018-04-12 21:06:39","2018-04-11 00:00:00",Thursday,March,2018,March-2018,delivered,ad19ba88530f3b247cf8c1bacc479741-1
801,b786694b440fb6943dad1dcbffb42da9,1,0cd37b96e1f5c5d8152914365a58ba0a,15c9fa4304cd1887a9c3ab3d71c32a43,74565,goiania,GO,62a5a3de0af802fb3718a83c74c3ff8d,beleza_saude,59,2456,1,2750,25,16,18,a416b6a846a11724393025641d4edd5e,"sao paulo",SP,3702,credit_card,1,2,145.95,17.27,163.22,"2017-10-26 13:14:47","2017-10-22 13:01:29","2017-10-22 13:14:47","2017-10-23 20:33:36","2017-10-30 19:34:06","2017-11-13 00:00:00",Sunday,October,2017,October-2017,delivered,b786694b440fb6943dad1dcbffb42da9-1
802,b7d04f39e98c5fc85abf2652d719385c,1,aa017c3944e3b9c97646a4fe0bdcca77,e455dae27c6f0915856011323395429a,45615,buerarema,BA,3d9a059cad84dedd0c4cdec92570bf52,beleza_saude,51,392,1,1250,30,12,16,a416b6a846a11724393025641d4edd5e,"sao paulo",SP,3702,credit_card,1,5,33.8,19.59,53.39,"2018-03-08 14:55:37","2018-03-03 14:42:43","2018-03-03 14:55:37","2018-03-06 00:37:34","2018-04-12 00:10:47","2018-03-29 00:00:00",Saturday,March,2018,March-2018,delivered,b7d04f39e98c5fc85abf2652d719385c-1
803,ba4ddff2b9082f079de9a84d7a5605fd,1,fbfba770bf13f470f63d1854a765a2d3,213ce7ea2a0345a65b4045cf55be42d8,4815,"sao paulo",SP,58a84286399d234f7234d54d9daf6418,beleza_saude,49,800,1,2450,30,12,16,a416b6a846a11724393025641d4edd5e,"sao paulo",SP,3702,credit_card,1,1,52.39,13.08,65.47,"2018-01-24 09:38:30","2018-01-18 09:30:54","2018-01-18 09:38:30","2018-01-18 23:43:46","2018-01-20 17:56:44","2018-02-02 00:00:00",Thursday,January,2018,January-2018,delivered,ba4ddff2b9082f079de9a84d7a5605fd-1
804,bb4eb3e71b30365a580e5a718bd8d1ae,1,e15fc5eebbb46681049d28f79fde5419,7fb211f99a01b4971fd1e07e3a256458,66063,belem,PA,cd442924cc287cda38d9de01d285b263,beleza_saude,53,1014,1,200,30,12,16,a416b6a846a11724393025641d4edd5e,"sao paulo",SP,3702,credit_card,1,1,151.72,23.34,175.06,"2018-07-31 11:23:32","2018-07-24 08:10:01","2018-07-24 11:23:32","2018-07-25 14:06:00","2018-09-01 01:22:46","2018-08-22 00:00:00",Tuesday,July,2018,July-2018,delivered,bb4eb3e71b30365a580e5a718bd8d1ae-1
805,bb95c9f509ff2da87b6015a0d9046f0f,1,8e7952773b680825d0c65e05592440e7,b9d9da6805f069d2324edb4952e9d0c7,15685,ouroeste,SP,c06d2c20b8ddf6d40c23294a6e361c78,beleza_saude,42,857,1,1250,30,12,16,a416b6a846a11724393025641d4edd5e,"sao paulo",SP,3702,boleto,1,1,144,15.1,159.1,"2018-05-14 04:15:29","2018-05-05 16:47:08","2018-05-08 04:15:29","2018-05-09 11:06:00","2018-05-14 18:42:36","2018-05-24 00:00:00",Saturday,May,2018,May-2018,delivered,bb95c9f509ff2da87b6015a0d9046f0f-1
806,bbdcda6bc4c7d4051fb9d26422a602ea,1,0199164bec886c94218205248559d7b6,90b1c133c701d73bea3f50a1d78730ec,13333,indaiatuba,SP,70275b3042e4c4b6f18637720387bc0c,beleza_saude,57,493,1,1250,30,10,17,a416b6a846a11724393025641d4edd5e,"sao paulo",SP,3702,boleto,1,1,185.6,10.11,195.71,"2018-03-06 09:31:07","2018-02-27 07:39:20","2018-02-28 09:51:05","2018-03-09 23:48:38","2018-03-12 13:03:26","2018-03-13 00:00:00",Tuesday,February,2018,February-2018,delivered,bbdcda6bc4c7d4051fb9d26422a602ea-1
807,be6619cf0f41dbf6491aafc3b5a0d638,1,51f6210c02eb2afeda1b62f940bc39b8,3490168e3acaf7c79dc72a00dfaa500b,5051,"sao paulo",SP,7d537f37cb20c7ccb74397390322047d,beleza_saude,52,588,1,2000,30,12,16,a416b6a846a11724393025641d4edd5e,"sao paulo",SP,3702,boleto,1,1,84.52,11.8,192.64,"2017-11-16 02:47:23","2017-11-08 22:49:54","2017-11-09 05:31:31","2017-11-22 01:48:36","2017-11-26 20:37:34","2017-11-22 00:00:00",Wednesday,November,2017,November-2017,delivered,be6619cf0f41dbf6491aafc3b5a0d638-1
808,be6619cf0f41dbf6491aafc3b5a0d638,2,51f6210c02eb2afeda1b62f940bc39b8,3490168e3acaf7c79dc72a00dfaa500b,5051,"sao paulo",SP,7d537f37cb20c7ccb74397390322047d,beleza_saude,52,588,1,2000,30,12,16,a416b6a846a11724393025641d4edd5e,"sao paulo",SP,3702,boleto,1,1,84.52,11.8,192.64,"2017-11-16 02:47:23","2017-11-08 22:49:54","2017-11-09 05:31:31","2017-11-22 01:48:36","2017-11-26 20:37:34","2017-11-22 00:00:00",Wednesday,November,2017,November-2017,delivered,be6619cf0f41dbf6491aafc3b5a0d638-2
809,bef626fc782c8b4f824510ddf2e335ac,1,72d3414ecbce9f4d2ddab40a0e7c8747,191e0f453bea7f50ce1fcd514af38835,97670,"sao borja",RS,5e544127b9716110dc0cf017218896c2,beleza_saude,50,1953,1,2000,28,19,21,a416b6a846a11724393025641d4edd5e,"sao paulo",SP,3702,voucher,2,1,56.29,17.64,50,"2017-08-13 23:03:16","2017-08-07 21:58:33","2017-08-07 23:03:16","2017-08-09 20:52:08","2017-08-17 21:59:58","2017-08-31 00:00:00",Monday,August,2017,August-2017,delivered,bef626fc782c8b4f824510ddf2e335ac-1
810,bef626fc782c8b4f824510ddf2e335ac,1,72d3414ecbce9f4d2ddab40a0e7c8747,191e0f453bea7f50ce1fcd514af38835,97670,"sao borja",RS,5e544127b9716110dc0cf017218896c2,beleza_saude,50,1953,1,2000,28,19,21,a416b6a846a11724393025641d4edd5e,"sao paulo",SP,3702,credit_card,1,1,56.29,17.64,23.93,"2017-08-13 23:03:16","2017-08-07 21:58:33","2017-08-07 23:03:16","2017-08-09 20:52:08","2017-08-17 21:59:58","2017-08-31 00:00:00",Monday,August,2017,August-2017,delivered,bef626fc782c8b4f824510ddf2e335ac-1
811,c1dafa077556522d38557ad3452e3ac6,1,c4f8ebdb558f6064130ea0b705f65997,444d0536d399ae2628da259c742cc4cb,2021,"sao paulo",SP,b2467a0d160e2d74cf50312ff80e75c7,beleza_saude,53,986,1,2000,30,12,16,a416b6a846a11724393025641d4edd5e,"sao paulo",SP,3702,credit_card,1,4,155.29,12.29,167.58,"2017-12-01 16:10:17","2017-11-27 15:54:16","2017-11-27 16:10:17","2017-11-28 23:28:24","2017-11-29 20:16:42","2017-12-11 00:00:00",Monday,November,2017,November-2017,delivered,c1dafa077556522d38557ad3452e3ac6-1
812,c3efd4a2e8fb35fdc26a1312de8e2ca2,1,7cbab7262068bd74f2094dd3b0a275c0,85fabe9e0c67b1c39ac8f9c72d1f0925,13236,"campo limpo paulista",SP,2dc0d95288983b8c91627bab326284ae,beleza_saude,48,515,1,3100,30,12,16,a416b6a846a11724393025641d4edd5e,"sao paulo",SP,3702,credit_card,1,3,96.35,13.69,110.04,"2017-10-09 20:28:20","2017-10-03 20:18:01","2017-10-03 20:28:20","2017-10-06 20:01:16","2017-10-13 23:27:23","2017-10-25 00:00:00",Tuesday,October,2017,October-2017,delivered,c3efd4a2e8fb35fdc26a1312de8e2ca2-1
813,c981128521975354988b8e88309a898d,1,9cf2a42feb9dfd6fa2f0fccf54fbc20b,4b4b6c80670b645e78fdc3438ffc0720,55295,garanhuns,PE,c615ac0ef96d723029051d29d7cd2d16,beleza_saude,57,1479,1,100,30,12,16,a416b6a846a11724393025641d4edd5e,"sao paulo",SP,3702,credit_card,1,10,253.57,38.69,292.26,"2018-08-09 18:31:15","2018-08-05 18:06:10","2018-08-05 18:40:07","2018-08-06 19:19:00","2018-08-09 00:10:53","2018-10-01 00:00:00",Sunday,August,2018,August-2018,delivered,c981128521975354988b8e88309a898d-1
814,c9b045114b2a561d952e2b7a3e7593b3,1,6439a106087fb08855efa02ecc62900a,1c3d71e403c34f60c6566d08b451c138,31515,"belo horizonte",MG,e90eaf827c96655742e955fd615026ca,beleza_saude,32,2154,1,1650,30,12,16,a416b6a846a11724393025641d4edd5e,"sao paulo",SP,3702,credit_card,1,8,244,17.96,261.96,"2017-08-24 14:15:21","2017-08-18 13:59:26","2017-08-18 14:15:21","2017-08-21 21:42:38","2017-08-25 20:09:19","2017-09-12 00:00:00",Friday,August,2017,August-2017,delivered,c9b045114b2a561d952e2b7a3e7593b3-1
815,ca649df2968bbbc843a5c75c7bc803ba,1,2cfe4a934e085d0311823648400e4cd2,d172060f03b2863504103b5a0e9c8f6d,60115,fortaleza,CE,65bfaa2fff2cfb55a0b7a466549e6758,beleza_saude,29,1773,1,2000,30,12,16,a416b6a846a11724393025641d4edd5e,"sao paulo",SP,3702,credit_card,1,3,420,23.34,443.34,"2017-11-21 11:50:41","2017-11-14 11:33:24","2017-11-14 11:50:41","2017-11-17 21:52:55","2017-11-28 01:40:39","2017-12-07 00:00:00",Tuesday,November,2017,November-2017,delivered,ca649df2968bbbc843a5c75c7bc803ba-1
816,cb55e6deb67ba10e409f5e3e0a968254,1,ca585d20191f99e8dd7c811fe666b63c,a00dacbc666efe1dadcc55a56a62603a,83370,antonina,PR,8a15d0ee52b120e0b2bd5549434f05cc,beleza_saude,39,820,1,2450,35,16,16,a416b6a846a11724393025641d4edd5e,"sao paulo",SP,3702,credit_card,1,2,113,21.28,134.28,"2017-12-07 15:30:38","2017-12-01 15:11:37","2017-12-01 15:30:45","2017-12-04 23:53:45","2017-12-13 20:27:02","2018-01-02 00:00:00",Friday,December,2017,December-2017,delivered,cb55e6deb67ba10e409f5e3e0a968254-1
817,d1092f5c7d5bd489e3fe4c7d0746c2aa,1,139e44006d2388e32faf1718a043675e,406a1ba5fdcd424df15806a036414d61,41760,salvador,BA,08a58baf17f52ea9cfb3dffdfda0595b,beleza_saude,56,2004,1,2000,30,12,16,a416b6a846a11724393025641d4edd5e,"sao paulo",SP,3702,credit_card,1,4,129,19.14,148.14,"2017-09-21 15:43:30","2017-09-16 15:28:46","2017-09-16 15:43:30","2017-09-18 23:21:45","2017-10-11 20:57:23","2017-10-09 00:00:00",Saturday,September,2017,September-2017,delivered,d1092f5c7d5bd489e3fe4c7d0746c2aa-1
818,d6f2337b7df53866592eb81ac57cdf74,1,b45ccf2d0ce0106a433bae91a7a42d56,44859cf48c8a8c5de12460df1a984dab,5541,"sao paulo",SP,8096dd79187d317b844454d6e6d9039a,cool_stuff,43,1462,1,900,25,7,12,a416b6a846a11724393025641d4edd5e,"sao paulo",SP,3702,credit_card,1,2,829,14.62,843.62,"2018-01-10 20:31:46","2018-01-04 19:59:45","2018-01-04 20:31:46","2018-01-05 22:26:55","2018-01-08 20:22:41","2018-01-22 00:00:00",Thursday,January,2018,January-2018,delivered,d6f2337b7df53866592eb81ac57cdf74-1
819,d7c877c5db825f754e75a32ac35e13b0,1,75cc2d098cc1aa9cb7ea863100b5c200,ad025c560160b103fa526e237381ece7,88340,camboriu,SC,243332c5551ef72c46bb6885fcaaa848,beleza_saude,55,2221,1,2000,30,12,16,a416b6a846a11724393025641d4edd5e,"sao paulo",SP,3702,credit_card,1,1,120,18.09,276.18,"2018-03-08 15:35:29","2018-03-04 15:23:16","2018-03-04 15:35:29","2018-03-06 00:37:36","2018-03-15 22:28:26","2018-03-28 00:00:00",Sunday,March,2018,March-2018,delivered,d7c877c5db825f754e75a32ac35e13b0-1
820,d7c877c5db825f754e75a32ac35e13b0,2,75cc2d098cc1aa9cb7ea863100b5c200,ad025c560160b103fa526e237381ece7,88340,camboriu,SC,243332c5551ef72c46bb6885fcaaa848,beleza_saude,55,2221,1,2000,30,12,16,a416b6a846a11724393025641d4edd5e,"sao paulo",SP,3702,credit_card,1,1,120,18.09,276.18,"2018-03-08 15:35:29","2018-03-04 15:23:16","2018-03-04 15:35:29","2018-03-06 00:37:36","2018-03-15 22:28:26","2018-03-28 00:00:00",Sunday,March,2018,March-2018,delivered,d7c877c5db825f754e75a32ac35e13b0-2
821,da2b50d5837f2e4ffffe075865ca8b98,1,4ce9ca52dba093efebe5fcda0d986da5,998b6cba01b8f81af7ad0e068084015f,38700,"patos de minas",MG,c23687a012b702cc7d231d3b07deb6e2,beleza_saude,41,1632,1,1600,25,16,18,a416b6a846a11724393025641d4edd5e,"sao paulo",SP,3702,boleto,1,1,69.3,17.74,87.04,"2017-12-26 09:59:41","2017-12-18 18:59:22","2017-12-19 09:59:41","2017-12-19 23:19:47","2017-12-27 00:52:43","2018-01-15 00:00:00",Monday,December,2017,December-2017,delivered,da2b50d5837f2e4ffffe075865ca8b98-1
822,dac20199c3b53e630f19bf3dc1744bba,1,03326ac6bdb11c844b82c85df77525cb,0783cb00028b2271dca70a603e36a447,59575,extremoz,RN,03d5bcd7db52bee20887c5034650185d,beleza_saude,50,1238,1,575,25,20,23,a416b6a846a11724393025641d4edd5e,"sao paulo",SP,3702,credit_card,1,1,59.99,21.22,81.21,"2017-12-07 08:53:22","2017-12-01 08:41:02","2017-12-01 11:31:23","2017-12-05 22:56:55","2018-01-12 20:59:18","2018-01-08 00:00:00",Friday,December,2017,December-2017,delivered,dac20199c3b53e630f19bf3dc1744bba-1
823,e264592bd65236932df8193bed000e39,1,ad68c4246c1d9103b42ec8aaa5e85483,220e9027e82d084db3fad8882094abf2,51020,recife,PE,3f9051ef3d646215621400c6a9b50e01,beleza_saude,56,1148,1,2000,30,12,16,a416b6a846a11724393025641d4edd5e,"sao paulo",SP,3702,credit_card,1,10,733.95,25.54,759.49,"2018-03-05 11:50:26","2018-02-26 11:58:39","2018-02-27 11:50:26","2018-02-28 21:21:51","2018-03-12 17:52:29","2018-03-23 00:00:00",Monday,February,2018,February-2018,delivered,e264592bd65236932df8193bed000e39-1
824,e466da8b1fce311e8469cb62530c18a9,1,68d8144a07678ddc6c45bf0af744e865,06befcbb6c53f601d005532bb48d7410,5016,"sao paulo",SP,f54cd09fa7e3c0f502187f200eb84084,beleza_saude,41,424,1,2000,30,12,16,a416b6a846a11724393025641d4edd5e,"sao paulo",SP,3702,credit_card,1,3,139.34,12,151.34,"2018-08-23 06:10:06","2018-08-16 05:54:30","2018-08-16 06:10:06","2018-08-16 15:07:00","2018-08-17 20:28:25","2018-08-24 00:00:00",Thursday,August,2018,August-2018,delivered,e466da8b1fce311e8469cb62530c18a9-1
825,e80d57705140f5094ac949c1c982fe70,1,96d288e02fd830e85326526a2eccb935,57cb3c639461ff73e3ef963ebec63089,86870,ivaipora,PR,0368744ea61d6163219e3bcbbbac3680,beleza_saude,46,799,1,2000,30,12,16,a416b6a846a11724393025641d4edd5e,"sao paulo",SP,3702,credit_card,1,1,209.89,18.72,228.61,"2017-07-27 15:23:17","2017-07-21 21:14:56","2017-07-22 15:23:17","2017-07-25 19:48:25","2017-08-02 14:52:08","2017-08-14 00:00:00",Friday,July,2017,July-2017,delivered,e80d57705140f5094ac949c1c982fe70-1
826,eef276c7d2a8add364316e714f060623,1,c79c8d356d92bb1b74efb6c4a7766527,bc19782d13a3729e8ebcd477e849034f,4571,"sao paulo",SP,d696ead711c63f9d5d1af6fcfbc3fca2,beleza_saude,59,971,1,2200,26,17,19,a416b6a846a11724393025641d4edd5e,"sao paulo",SP,3702,credit_card,1,2,102.28,13.27,115.55,"2018-02-01 15:31:15","2018-01-26 15:10:11","2018-01-26 15:40:12","2018-01-29 23:32:23","2018-01-31 19:53:08","2018-02-09 00:00:00",Friday,January,2018,January-2018,delivered,eef276c7d2a8add364316e714f060623-1
827,f09126bf1e12e8ed060f26f510be949f,1,3e46d957b84b38b6d616d4a486ef89a2,8a8184964479ee3db54e895e5a0a0d00,30692,"belo horizonte",MG,d0b746fab0f305184f317eab7547fec3,beleza_saude,50,833,1,1525,25,16,18,a416b6a846a11724393025641d4edd5e,"sao paulo",SP,3702,credit_card,1,1,72.34,16.76,89.1,"2017-10-03 14:35:16","2017-09-27 14:19:23","2017-09-27 14:35:16","2017-09-27 19:57:58","2017-10-05 20:23:42","2017-10-20 00:00:00",Wednesday,September,2017,September-2017,delivered,f09126bf1e12e8ed060f26f510be949f-1
828,f4b7dd32932ce541611390cebb64b110,1,9fab04dc9d3e7a724b546cf3ca3ba3bb,73de59bf3a2643b862a6045683ab50a8,38400,uberlandia,MG,7a40001d3da620600ab80109510f3496,beleza_saude,47,3963,1,850,16,24,16,a416b6a846a11724393025641d4edd5e,"sao paulo",SP,3702,credit_card,1,1,125,20.07,145.07,"2018-08-13 19:30:17","2018-08-07 19:13:54","2018-08-07 19:30:29","2018-08-08 11:04:00","2018-08-10 17:38:05","2018-08-21 00:00:00",Tuesday,August,2018,August-2018,delivered,f4b7dd32932ce541611390cebb64b110-1
829,f52952f4c900a5c0295a392769f7538e,1,e98719d1f6780ce146828b440839781e,3b82170500b55585ed1e146663291132,8235,"sao paulo",SP,25d5e7a4f8052c1843acdb8bf8969fc6,beleza_saude,53,1121,1,3300,30,12,16,a416b6a846a11724393025641d4edd5e,"sao paulo",SP,3702,credit_card,1,1,99,13.99,112.99,"2018-06-19 23:32:29","2018-06-13 23:06:08","2018-06-13 23:38:36","2018-06-14 15:07:00","2018-06-18 23:21:59","2018-06-28 00:00:00",Wednesday,June,2018,June-2018,delivered,f52952f4c900a5c0295a392769f7538e-1
830,fe200ad195ed77d67e1de3300313f170,1,121d3c0609b8e4783396c134b682711e,692c055d3498b3654eee909e6656d30b,17507,marilia,SP,1e8c13efcd43c9fb018a870ba9dd73a5,beleza_saude,55,235,1,500,30,12,16,a416b6a846a11724393025641d4edd5e,"sao paulo",SP,3702,credit_card,1,2,57,13.42,70.42,"2018-01-24 18:14:53","2018-01-18 17:58:30","2018-01-18 18:14:53","2018-01-19 22:42:22","2018-01-26 16:51:52","2018-02-08 00:00:00",Thursday,January,2018,January-2018,delivered,fe200ad195ed77d67e1de3300313f170-1
831,0005f50442cb953dcd1d21e1fb923495,1,351d3cb2cee3c7fd0af6616c82df21d3,0782c41380992a5a533489063df0eef6,6636,jandira,SP,4535b0e1091c278dfd193e5a1d63b39f,livros_tecnicos,52,1192,1,850,29,3,21,ba143b05f0110f0dc71ad71b4466ce92,"sao paulo",SP,2274,credit_card,1,1,53.99,11.4,65.39,"2018-07-06 14:10:56","2018-07-02 13:59:39","2018-07-02 14:10:56","2018-07-03 14:25:00","2018-07-04 17:28:31","2018-07-23 00:00:00",Monday,July,2018,July-2018,delivered,0005f50442cb953dcd1d21e1fb923495-1
832,40ef667b4259d5f521a0fd1a093d0415,1,bb8bd97c39739129411746c4ca7c754f,990302c82284e848fd5985e4f0c917ad,7114,guarulhos,SP,4535b0e1091c278dfd193e5a1d63b39f,livros_tecnicos,52,1192,1,850,29,3,21,ba143b05f0110f0dc71ad71b4466ce92,"sao paulo",SP,2274,boleto,1,1,53.99,9.13,63.12,"2018-07-17 04:06:09","2018-07-11 19:25:07","2018-07-12 04:06:09","2018-07-12 15:04:00","2018-07-13 17:45:33","2018-07-20 00:00:00",Wednesday,July,2018,July-2018,delivered,40ef667b4259d5f521a0fd1a093d0415-1
833,4cdbb26aa0dc8e7179f33edf59722fa8,1,07de064ec1b736d53124c6275c05fee3,bd723d073dbd7a197adadb1049a08a71,2712,"sao paulo",SP,4535b0e1091c278dfd193e5a1d63b39f,livros_tecnicos,52,1192,1,850,29,3,21,ba143b05f0110f0dc71ad71b4466ce92,"sao paulo",SP,2274,debit_card,1,1,53.99,9.13,63.12,"2018-07-09 20:31:51","2018-07-03 19:29:11","2018-07-05 16:32:16","2018-07-04 14:52:00","2018-07-05 18:21:48","2018-07-20 00:00:00",Tuesday,July,2018,July-2018,delivered,4cdbb26aa0dc8e7179f33edf59722fa8-1
834,01c1644529b18608f086d2ff0f3b8181,1,3c90bb0fba16e889f898e2da1df5fb32,95206211b1daa20267e50fdd46555802,78643,querencia,MT,8b41f2becf919f6177cca1ff15dfd311,livros_tecnicos,41,1362,1,1550,29,5,21,ba143b05f0110f0dc71ad71b4466ce92,"sao paulo",SP,2274,boleto,1,1,103.99,31.6,135.59,"2018-07-02 05:12:58","2018-06-23 09:55:44","2018-06-26 05:12:58","2018-06-26 14:25:00","2018-07-05 20:24:21","2018-08-01 00:00:00",Saturday,June,2018,June-2018,delivered,01c1644529b18608f086d2ff0f3b8181-1
835,034fe9142b806fe19c1cbc1c752ab08d,1,9805ae32c145edf1ad0e8d8ab5e8fd8e,15bfb86101ff330333ec4d68ae7c96c9,26015,"nova iguacu",RJ,20fb650ad1615624d7e202031400f695,livros_tecnicos,53,1417,1,750,29,3,21,ba143b05f0110f0dc71ad71b4466ce92,"sao paulo",SP,2274,credit_card,1,1,37.5,16.32,53.82,"2018-05-04 14:55:20","2018-04-28 14:44:05","2018-04-28 14:55:20","2018-05-02 09:23:00","2018-05-11 23:56:37","2018-05-18 00:00:00",Saturday,April,2018,April-2018,delivered,034fe9142b806fe19c1cbc1c752ab08d-1
836,27a67bd7466cbdf5af5708129e2ca7e5,1,4c756f2c4da833ba391a526d128e1fbf,707464f6fc1bb8238162a2ed443d226a,22743,"rio de janeiro",RJ,20fb650ad1615624d7e202031400f695,livros_tecnicos,53,1417,1,750,29,3,21,ba143b05f0110f0dc71ad71b4466ce92,"sao paulo",SP,2274,credit_card,1,5,37.5,16.45,53.95,"2018-07-31 12:55:25","2018-07-26 12:43:09","2018-07-26 12:55:25","2018-07-27 12:39:00","2018-08-02 17:42:12","2018-08-24 00:00:00",Thursday,July,2018,July-2018,delivered,27a67bd7466cbdf5af5708129e2ca7e5-1
837,9d0ca265751868d6105b4e52c50125a9,1,fc365f3d1e68addeaeaf7d5910104107,8e69969e07cc4b37724212374ea79033,20720,"rio de janeiro",RJ,20fb650ad1615624d7e202031400f695,livros_tecnicos,53,1417,1,750,29,3,21,ba143b05f0110f0dc71ad71b4466ce92,"sao paulo",SP,2274,credit_card,1,2,37.5,16.45,53.95,"2018-08-16 18:31:38","2018-08-14 18:05:43","2018-08-14 18:35:06","2018-08-15 14:36:00","2018-08-20 23:47:48","2018-08-29 00:00:00",Tuesday,August,2018,August-2018,delivered,9d0ca265751868d6105b4e52c50125a9-1
838,d68d5c93a1000f0278b511ffa6aeaa50,1,1b8cd2bc8b536be7634caf5929c70704,71a5cdf7a8c5994c5845613c8c011057,11700,"praia grande",SP,20fb650ad1615624d7e202031400f695,livros_tecnicos,53,1417,1,750,29,3,21,ba143b05f0110f0dc71ad71b4466ce92,"sao paulo",SP,2274,credit_card,1,1,37.5,9.01,46.51,"2018-08-09 08:44:48","2018-08-06 12:11:14","2018-08-07 08:44:48","2018-08-10 18:11:00","2018-08-13 16:57:42","2018-08-13 00:00:00",Monday,August,2018,August-2018,delivered,d68d5c93a1000f0278b511ffa6aeaa50-1
839,03d6e874e44c091359a3ad62f2bec233,1,59d26debe9d60cc8467a7bf2b835959f,9476d3ad0ab0f072a52c1b5fc5612313,3470,"sao paulo",SP,173e9fe34bfe97f3a5e6dc57fe897b74,livros_tecnicos,36,890,1,950,29,3,21,ba143b05f0110f0dc71ad71b4466ce92,"sao paulo",SP,2274,boleto,1,1,57.49,11.15,68.64,"2018-05-10 03:12:07","2018-05-02 13:42:27","2018-05-04 03:12:07","2018-05-07 14:52:00","2018-05-08 17:08:48","2018-05-14 00:00:00",Wednesday,May,2018,May-2018,delivered,03d6e874e44c091359a3ad62f2bec233-1
840,150f52d53dc64bc95bac1d22d50fdcb5,1,1e962f6745aa0b6926f1ff0561512454,bfb00593503594f777586aee0f73788f,18520,cerquilho,SP,173e9fe34bfe97f3a5e6dc57fe897b74,livros_tecnicos,36,890,1,950,29,3,21,ba143b05f0110f0dc71ad71b4466ce92,"sao paulo",SP,2274,credit_card,1,2,57.89,10.29,68.18,"2018-05-23 21:10:26","2018-05-20 20:48:30","2018-05-20 21:10:26","2018-05-23 14:12:00","2018-06-06 15:12:35","2018-06-06 00:00:00",Sunday,May,2018,May-2018,delivered,150f52d53dc64bc95bac1d22d50fdcb5-1
841,157ca6af9e09fbc0742ec25ceb3f0f67,1,501a71dd201c522f49ddd9630e71f24e,28c168011ad8f640afda4c852be57df3,95555,"capao da canoa",RS,173e9fe34bfe97f3a5e6dc57fe897b74,livros_tecnicos,36,890,1,950,29,3,21,ba143b05f0110f0dc71ad71b4466ce92,"sao paulo",SP,2274,boleto,1,1,57.89,22.99,80.88,"2018-05-15 03:51:47","2018-05-07 18:42:24","2018-05-09 03:51:47","2018-05-11 11:12:00","2018-05-17 19:04:09","2018-06-05 00:00:00",Monday,May,2018,May-2018,delivered,157ca6af9e09fbc0742ec25ceb3f0f67-1
842,1a2f6c0996af3c2c4aa6eb3e3d536e0b,1,66112b1cd81cd04a54f4315599e8a66a,882d0fd31adb8726ad70e59db5128f8b,11013,santos,SP,173e9fe34bfe97f3a5e6dc57fe897b74,livros_tecnicos,36,890,1,950,29,3,21,ba143b05f0110f0dc71ad71b4466ce92,"sao paulo",SP,2274,credit_card,1,1,57.89,11.15,69.04,"2018-05-28 13:16:34","2018-05-23 12:46:35","2018-05-23 13:16:34","2018-05-24 15:58:00","2018-06-02 16:38:39","2018-06-11 00:00:00",Wednesday,May,2018,May-2018,delivered,1a2f6c0996af3c2c4aa6eb3e3d536e0b-1
843,244e8c98d54a7a388245e6b5b85d37ee,1,26ef1573f4d7d4d8ddf8f351200c2068,92804e89b4f4cfd4da6c62da8e68c62a,4822,"sao paulo",SP,173e9fe34bfe97f3a5e6dc57fe897b74,livros_tecnicos,36,890,1,950,29,3,21,ba143b05f0110f0dc71ad71b4466ce92,"sao paulo",SP,2274,credit_card,1,1,57.89,11.43,69.32,"2018-07-10 22:31:32","2018-07-04 21:32:55","2018-07-05 16:35:20","2018-07-05 14:36:00","2018-07-06 18:33:36","2018-07-20 00:00:00",Wednesday,July,2018,July-2018,delivered,244e8c98d54a7a388245e6b5b85d37ee-1
844,33d3d6ef8e5cb45848d12d1a05bc1d1e,1,bad9465f854efad22cb4b4b376224b71,74b0c4459430b807fce50b7894607742,2652,"sao paulo",SP,173e9fe34bfe97f3a5e6dc57fe897b74,livros_tecnicos,36,890,1,950,29,3,21,ba143b05f0110f0dc71ad71b4466ce92,"sao paulo",SP,2274,boleto,1,1,57.49,11.15,68.64,"2018-05-10 02:35:11","2018-05-03 01:54:33","2018-05-04 02:35:11","2018-05-07 11:09:00","2018-05-08 15:39:06","2018-05-15 00:00:00",Thursday,May,2018,May-2018,delivered,33d3d6ef8e5cb45848d12d1a05bc1d1e-1
845,34a989b4dcc21e3151e957dfe67df824,1,319c850f33954b0d3911b7317282b335,76de6c90299164750e98433eae294dea,12224,"sao jose dos campos",SP,173e9fe34bfe97f3a5e6dc57fe897b74,livros_tecnicos,36,890,1,950,29,3,21,ba143b05f0110f0dc71ad71b4466ce92,"sao paulo",SP,2274,credit_card,1,1,57.49,11.15,68.64,"2018-05-07 12:59:27","2018-05-01 12:31:07","2018-05-01 12:59:27","2018-05-03 17:14:00","2018-05-07 17:52:45","2018-05-14 00:00:00",Tuesday,May,2018,May-2018,delivered,34a989b4dcc21e3151e957dfe67df824-1
846,3644a0f31cdec4bf8c4b7b9285a21c9b,1,3610c1f3ac5cfb96a72b822965fc8e19,416a472c8f407f12b47e045ad7c3e3d5,14094,"ribeirao preto",SP,173e9fe34bfe97f3a5e6dc57fe897b74,livros_tecnicos,36,890,1,950,29,3,21,ba143b05f0110f0dc71ad71b4466ce92,"sao paulo",SP,2274,credit_card,1,3,57.89,14.5,72.39,"2018-05-10 18:16:12","2018-05-04 17:58:27","2018-05-04 18:16:12","2018-05-08 10:30:00","2018-05-14 13:43:43","2018-05-22 00:00:00",Friday,May,2018,May-2018,delivered,3644a0f31cdec4bf8c4b7b9285a21c9b-1
847,3a584d92b987a7c7424dbff14eea843c,1,18298056f3ce66cf7c6a09d22407ea9f,3447db498f10ea4a1935ea8390cd8bf8,89234,joinville,SC,173e9fe34bfe97f3a5e6dc57fe897b74,livros_tecnicos,36,890,1,950,29,3,21,ba143b05f0110f0dc71ad71b4466ce92,"sao paulo",SP,2274,credit_card,1,3,57.89,16.32,74.21,"2018-05-21 08:31:14","2018-05-16 08:16:32","2018-05-16 08:37:06","2018-05-17 12:42:00","2018-05-22 16:39:03","2018-06-06 00:00:00",Wednesday,May,2018,May-2018,delivered,3a584d92b987a7c7424dbff14eea843c-1
848,3a5e90544587e9755b94618af63ab9de,1,4cad82e85b102488a286e95130b8de6a,9f379a9b2a8b4356b1775c90cd76c66f,65950,"barra do corda",MA,173e9fe34bfe97f3a5e6dc57fe897b74,livros_tecnicos,36,890,1,950,29,3,21,ba143b05f0110f0dc71ad71b4466ce92,"sao paulo",SP,2274,credit_card,1,1,57.89,56.96,114.85,"2018-05-11 18:31:54","2018-05-07 18:02:15","2018-05-07 18:34:46","2018-05-09 09:37:00","2018-05-23 00:18:49","2018-06-01 00:00:00",Monday,May,2018,May-2018,delivered,3a5e90544587e9755b94618af63ab9de-1
849,3c1bdb3d635a802bc38ca0b87c14f2e5,1,6d869e6b0b62654adddfa7f8dcc8f2f4,27364ade3735aa4e6883d94ee1c48f44,4571,"sao paulo",SP,173e9fe34bfe97f3a5e6dc57fe897b74,livros_tecnicos,36,890,1,950,29,3,21,ba143b05f0110f0dc71ad71b4466ce92,"sao paulo",SP,2274,credit_card,1,1,57.89,11.15,69.04,"2018-05-25 16:58:29","2018-05-22 09:36:38","2018-05-22 16:58:29","2018-05-23 14:53:00","2018-05-24 18:04:53","2018-06-01 00:00:00",Tuesday,May,2018,May-2018,delivered,3c1bdb3d635a802bc38ca0b87c14f2e5-1
850,43900dda470fa7bbf2a0bcae68491435,1,ca2dc7d40c6aca30553ce1c68a0a1d4a,3279712e1ea8d52462488b4fb9dd7014,37704,"pocos de caldas",MG,173e9fe34bfe97f3a5e6dc57fe897b74,livros_tecnicos,36,890,1,950,29,3,21,ba143b05f0110f0dc71ad71b4466ce92,"sao paulo",SP,2274,boleto,1,1,57.89,10.29,136.36,"2018-05-16 02:57:21","2018-05-09 12:45:54","2018-05-10 02:57:21","2018-05-14 14:58:00","2018-05-22 19:31:37","2018-05-28 00:00:00",Wednesday,May,2018,May-2018,delivered,43900dda470fa7bbf2a0bcae68491435-1
851,43900dda470fa7bbf2a0bcae68491435,2,ca2dc7d40c6aca30553ce1c68a0a1d4a,3279712e1ea8d52462488b4fb9dd7014,37704,"pocos de caldas",MG,173e9fe34bfe97f3a5e6dc57fe897b74,livros_tecnicos,36,890,1,950,29,3,21,ba143b05f0110f0dc71ad71b4466ce92,"sao paulo",SP,2274,boleto,1,1,57.89,10.29,136.36,"2018-05-16 02:57:21","2018-05-09 12:45:54","2018-05-10 02:57:21","2018-05-14 14:58:00","2018-05-22 19:31:37","2018-05-28 00:00:00",Wednesday,May,2018,May-2018,delivered,43900dda470fa7bbf2a0bcae68491435-2
852,4b13014a5302b496d85822e47906556c,1,436dfa90e6b1c6ec640492f4b7a39ffe,661cb49d3e85d45012f4d977b577e72f,91740,"porto alegre",RS,173e9fe34bfe97f3a5e6dc57fe897b74,livros_tecnicos,36,890,1,950,29,3,21,ba143b05f0110f0dc71ad71b4466ce92,"sao paulo",SP,2274,credit_card,1,3,57.89,12.77,70.66,"2018-05-23 19:10:28","2018-05-20 18:46:16","2018-05-20 19:10:28","2018-05-23 14:37:00","2018-06-08 15:56:43","2018-06-13 00:00:00",Sunday,May,2018,May-2018,delivered,4b13014a5302b496d85822e47906556c-1
853,4da1c4073a1bdbb3968cd681337f254d,1,7dca8ae78b5b510249184750e69930f5,66f0798f6d6678e98714e62c1f7735a7,14702,bebedouro,SP,173e9fe34bfe97f3a5e6dc57fe897b74,livros_tecnicos,36,890,1,950,29,3,21,ba143b05f0110f0dc71ad71b4466ce92,"sao paulo",SP,2274,boleto,1,1,57.89,10.29,68.18,"2018-05-17 03:10:52","2018-05-09 17:38:07","2018-05-11 03:10:52","2018-05-29 13:18:00","2018-06-08 16:12:45","2018-05-25 00:00:00",Wednesday,May,2018,May-2018,delivered,4da1c4073a1bdbb3968cd681337f254d-1
854,5791377a72320ea9128214180b17c54f,1,e76321220dd8fd5186c478b2ad214265,7831e0249ea8a971fa69a10bd3686395,5267,"sao paulo",SP,173e9fe34bfe97f3a5e6dc57fe897b74,livros_tecnicos,36,890,1,950,29,3,21,ba143b05f0110f0dc71ad71b4466ce92,"sao paulo",SP,2274,boleto,1,1,57.89,11.43,69.32,"2018-06-28 02:58:39","2018-06-20 20:02:11","2018-06-22 02:58:39","2018-06-22 14:53:00","2018-06-25 20:54:39","2018-07-12 00:00:00",Wednesday,June,2018,June-2018,delivered,5791377a72320ea9128214180b17c54f-1
855,646484e2931fb5d965e847f865fbc26a,1,5c8e83c881311741e0b462641ae02f0d,36128496a8835d7db5a8b51f0bba64e2,83406,colombo,PR,173e9fe34bfe97f3a5e6dc57fe897b74,livros_tecnicos,36,890,1,950,29,3,21,ba143b05f0110f0dc71ad71b4466ce92,"sao paulo",SP,2274,boleto,1,1,57.89,12.77,70.66,"2018-05-17 03:30:42","2018-05-10 10:30:41","2018-05-12 03:32:32","2018-05-15 14:44:00","2018-06-17 14:18:46","2018-06-01 00:00:00",Thursday,May,2018,May-2018,delivered,646484e2931fb5d965e847f865fbc26a-1
856,6a2bb0f0f146e59e7b2669959798670e,1,e8b0ff75e9847ee1b34fddb882b41b85,a7a054aada3cfdef011a637e301ac87f,35171,"coronel fabriciano",MG,173e9fe34bfe97f3a5e6dc57fe897b74,livros_tecnicos,36,890,1,950,29,3,21,ba143b05f0110f0dc71ad71b4466ce92,"sao paulo",SP,2274,credit_card,1,3,57.89,16.32,74.21,"2018-05-21 13:30:26","2018-05-16 13:16:35","2018-05-16 13:33:39","2018-05-17 14:10:00","2018-05-22 17:46:27","2018-06-04 00:00:00",Wednesday,May,2018,May-2018,delivered,6a2bb0f0f146e59e7b2669959798670e-1
857,79f0fd0747eee58c3980cc9cdb2afbb1,1,cd40f10a04ad8f35228520b212ff43ff,3f2d7b08a695103e3929c7d99b9416c4,12071,taubate,SP,173e9fe34bfe97f3a5e6dc57fe897b74,livros_tecnicos,36,890,1,950,29,3,21,ba143b05f0110f0dc71ad71b4466ce92,"sao paulo",SP,2274,credit_card,1,1,57.89,14.5,72.39,"2018-05-14 15:50:40","2018-05-08 15:27:23","2018-05-08 15:50:40","2018-05-10 09:46:00","2018-05-16 20:39:00","2018-05-24 00:00:00",Tuesday,May,2018,May-2018,delivered,79f0fd0747eee58c3980cc9cdb2afbb1-1
858,7cb430e983dbba3559fa0f62ec454d5a,1,ba97a138522901f3c9694658b912c80c,84e9ba76684828812312d1140876623e,29090,vitoria,ES,173e9fe34bfe97f3a5e6dc57fe897b74,livros_tecnicos,36,890,1,950,29,3,21,ba143b05f0110f0dc71ad71b4466ce92,"sao paulo",SP,2274,credit_card,1,2,57.89,12.77,70.66,"2018-05-23 02:31:26","2018-05-17 21:05:51","2018-05-18 02:36:28","2018-05-21 15:20:00","2018-06-14 19:58:39","2018-06-04 00:00:00",Thursday,May,2018,May-2018,delivered,7cb430e983dbba3559fa0f62ec454d5a-1
859,81672c21ff06fb612df0660ff7d9ae06,1,937afb3c743cbde0849c9f8463628d15,7e152bb52633a3cb351bf4bc2a75e0bd,38407,uberlandia,MG,173e9fe34bfe97f3a5e6dc57fe897b74,livros_tecnicos,36,890,1,950,29,3,21,ba143b05f0110f0dc71ad71b4466ce92,"sao paulo",SP,2274,boleto,1,1,57.89,19.38,77.27,"2018-06-08 03:30:59","2018-05-29 10:48:05","2018-05-31 03:36:18","2018-06-04 14:24:00","2018-06-13 21:06:58","2018-07-04 00:00:00",Tuesday,May,2018,May-2018,delivered,81672c21ff06fb612df0660ff7d9ae06-1
860,83bdd2499feae1bac3b451293f37ebf6,1,42329f6f9ded091237c82dd2a87dab28,ab7d9fdcd69ca947247b4fd6e3dd5001,29100,"vila velha",ES,173e9fe34bfe97f3a5e6dc57fe897b74,livros_tecnicos,36,890,1,950,29,3,21,ba143b05f0110f0dc71ad71b4466ce92,"sao paulo",SP,2274,credit_card,1,1,57.89,17.99,75.88,"2018-05-10 15:10:28","2018-05-04 14:57:17","2018-05-04 15:10:28","2018-05-07 10:07:00","2018-05-24 20:46:39","2018-05-23 00:00:00",Friday,May,2018,May-2018,delivered,83bdd2499feae1bac3b451293f37ebf6-1
861,8d197eef337470b4ef3c9d7ef80d14fb,1,f09a06597ebdc4eb72ecb8470fef9f48,37ffa5420cf7284f58e1f77192d71259,7600,mairipora,SP,173e9fe34bfe97f3a5e6dc57fe897b74,livros_tecnicos,36,890,1,950,29,3,21,ba143b05f0110f0dc71ad71b4466ce92,"sao paulo",SP,2274,credit_card,1,3,57.89,11.15,69.04,"2018-05-11 09:31:18","2018-05-06 19:01:58","2018-05-07 09:32:45","2018-05-09 10:24:00","2018-05-11 22:47:40","2018-05-17 00:00:00",Sunday,May,2018,May-2018,delivered,8d197eef337470b4ef3c9d7ef80d14fb-1
862,8f003b284055ebd824f3f4b259a49045,1,3999dd9f3c72e5c982a3912820741d92,3279712e1ea8d52462488b4fb9dd7014,37704,"pocos de caldas",MG,173e9fe34bfe97f3a5e6dc57fe897b74,livros_tecnicos,36,890,1,950,29,3,21,ba143b05f0110f0dc71ad71b4466ce92,"sao paulo",SP,2274,credit_card,1,1,57.89,10.29,68.18,"2018-05-22 22:58:11","2018-05-18 22:32:01","2018-05-18 22:58:11","2018-05-23 14:28:00","2018-06-14 01:57:23","2018-06-06 00:00:00",Friday,May,2018,May-2018,delivered,8f003b284055ebd824f3f4b259a49045-1
863,92758dbac7384604fdbbd5e1715a1625,1,f940d63b2eea16e8ecf8704b38c79af3,e5ced7e7c1bcaf19986f2e68afcfc2a5,6820,"embu das artes",SP,173e9fe34bfe97f3a5e6dc57fe897b74,livros_tecnicos,36,890,1,950,29,3,21,ba143b05f0110f0dc71ad71b4466ce92,"sao paulo",SP,2274,debit_card,1,1,57.89,9.16,67.05,"2018-06-18 14:31:45","2018-06-12 00:38:07","2018-06-12 14:45:45","2018-06-13 14:49:00","2018-06-14 15:36:47","2018-06-28 00:00:00",Tuesday,June,2018,June-2018,delivered,92758dbac7384604fdbbd5e1715a1625-1
864,a1ab6845d58938601eb0043797e0c3be,1,1b0a18910e5f795fbd5bf07f830493fa,7460731fb0cb8186c3bf15d30aba3724,29135,viana,ES,173e9fe34bfe97f3a5e6dc57fe897b74,livros_tecnicos,36,890,1,950,29,3,21,ba143b05f0110f0dc71ad71b4466ce92,"sao paulo",SP,2274,credit_card,1,3,57.89,12.77,70.66,"2018-05-18 12:52:29","2018-05-14 12:33:23","2018-05-14 12:52:29","2018-05-17 12:59:00","2018-06-20 01:06:28","2018-06-05 00:00:00",Monday,May,2018,May-2018,delivered,a1ab6845d58938601eb0043797e0c3be-1
865,a29bcf8d70584aadea21cb6b6f80ea56,1,a624e908c25a33b47b1e0e08fd1bf08e,017da2695c69ee376b8b4220cf0f61ec,39260,"varzea da palma",MG,173e9fe34bfe97f3a5e6dc57fe897b74,livros_tecnicos,36,890,1,950,29,3,21,ba143b05f0110f0dc71ad71b4466ce92,"sao paulo",SP,2274,credit_card,1,1,57.89,23.21,81.1,"2018-06-25 19:32:07","2018-06-18 19:25:28","2018-06-19 19:35:59","2018-06-20 14:37:00","2018-06-28 15:42:55","2018-07-19 00:00:00",Monday,June,2018,June-2018,delivered,a29bcf8d70584aadea21cb6b6f80ea56-1
866,a2c0b600ee987c3536f835e83313d63b,1,0bfd87b3237294958395d3cc81097e20,921a745c4d7724ca0fef71f67d9d02e9,9930,diadema,SP,173e9fe34bfe97f3a5e6dc57fe897b74,livros_tecnicos,36,890,1,950,29,3,21,ba143b05f0110f0dc71ad71b4466ce92,"sao paulo",SP,2274,boleto,1,1,57.89,11.15,69.04,"2018-05-16 04:16:25","2018-05-08 19:50:19","2018-05-10 04:16:25","2018-05-14 15:03:00","2018-05-19 12:16:37","2018-05-18 00:00:00",Tuesday,May,2018,May-2018,delivered,a2c0b600ee987c3536f835e83313d63b-1
867,a36a813c74f1991b48c5e3403bcebba5,1,0a3bc6054705cbcbc069154c83ab3df4,3b880d16945e9d8fca79af632c433ced,26562,mesquita,RJ,173e9fe34bfe97f3a5e6dc57fe897b74,livros_tecnicos,36,890,1,950,29,3,21,ba143b05f0110f0dc71ad71b4466ce92,"sao paulo",SP,2274,boleto,1,1,57.89,17.99,75.88,"2018-05-16 03:36:53","2018-05-08 16:06:32","2018-05-10 03:36:53","2018-05-29 13:18:00","2018-06-04 20:51:52","2018-05-30 00:00:00",Tuesday,May,2018,May-2018,delivered,a36a813c74f1991b48c5e3403bcebba5-1
868,b82c76472b3bc51acb8f5db576ec974f,1,459edfef30398de90952c216dae7e3cf,eff4bfe61fd7528ff872ea9e2f430b94,22610,"rio de janeiro",RJ,173e9fe34bfe97f3a5e6dc57fe897b74,livros_tecnicos,36,890,1,950,29,3,21,ba143b05f0110f0dc71ad71b4466ce92,"sao paulo",SP,2274,credit_card,1,2,57.49,17.98,75.47,"2018-05-06 21:29:47","2018-04-29 16:38:27","2018-04-30 21:29:47","2018-05-03 14:28:00","2018-05-08 23:05:24","2018-06-01 00:00:00",Sunday,April,2018,April-2018,delivered,b82c76472b3bc51acb8f5db576ec974f-1
869,c1d674e39c5817a71ecd386821d865c4,1,01ebd22baace52e484a1c52ff136ebe1,903db28e56c4f89d0909f6e8ff7c6050,11703,"praia grande",SP,173e9fe34bfe97f3a5e6dc57fe897b74,livros_tecnicos,36,890,1,950,29,3,21,ba143b05f0110f0dc71ad71b4466ce92,"sao paulo",SP,2274,credit_card,1,2,57.49,11.15,68.64,"2018-05-07 13:31:22","2018-04-29 08:50:21","2018-04-30 13:34:31","2018-05-03 17:14:00","2018-05-04 22:05:19","2018-05-11 00:00:00",Sunday,April,2018,April-2018,delivered,c1d674e39c5817a71ecd386821d865c4-1
870,dbc0a83e6165e4eed41ed8ad3007194a,1,4a4804b52fabbfb59a3f0369082894eb,e037cf974fe8687f83c1704c8877fcad,50970,recife,PE,173e9fe34bfe97f3a5e6dc57fe897b74,livros_tecnicos,36,890,1,950,29,3,21,ba143b05f0110f0dc71ad71b4466ce92,"sao paulo",SP,2274,credit_card,1,2,57.49,22.46,79.95,"2018-05-07 02:53:09","2018-04-29 20:14:36","2018-05-01 02:53:09","2018-05-03 14:23:00","2018-05-10 00:31:59","2018-05-24 00:00:00",Sunday,April,2018,April-2018,delivered,dbc0a83e6165e4eed41ed8ad3007194a-1
871,dc7bacef52434bbb170215d90c616a54,1,adcaea0e5307a0655aa9302836e89410,d6f8af6630b16a063da05d85db65f833,30285,"belo horizonte",MG,173e9fe34bfe97f3a5e6dc57fe897b74,livros_tecnicos,36,890,1,950,29,3,21,ba143b05f0110f0dc71ad71b4466ce92,"sao paulo",SP,2274,credit_card,1,3,57.89,12.77,70.66,"2018-05-28 01:18:11","2018-05-22 08:35:42","2018-05-23 01:18:11","2018-05-23 14:37:00","2018-06-06 15:42:39","2018-06-07 00:00:00",Tuesday,May,2018,May-2018,delivered,dc7bacef52434bbb170215d90c616a54-1
872,e3acdd7e09cf9634ef55e156730bb843,1,dc638d0bcd9bd2fefbbcf1ddf40bd8ce,1d7237644b96fa58cea2cfcaf1e43da2,4515,"sao paulo",SP,173e9fe34bfe97f3a5e6dc57fe897b74,livros_tecnicos,36,890,1,950,29,3,21,ba143b05f0110f0dc71ad71b4466ce92,"sao paulo",SP,2274,credit_card,1,3,57.89,11.15,69.04,"2018-05-28 10:31:48","2018-05-23 10:07:15","2018-05-23 10:36:01","2018-05-24 14:20:00","2018-05-25 19:08:39","2018-06-04 00:00:00",Wednesday,May,2018,May-2018,delivered,e3acdd7e09cf9634ef55e156730bb843-1
873,e4175c48cab7af2bed0f9d9001f006af,1,6506edb17b5013a8f83112e5b76ec0e9,7ebdbdb58c8897d6f84dba51360f6a62,7161,guarulhos,SP,173e9fe34bfe97f3a5e6dc57fe897b74,livros_tecnicos,36,890,1,950,29,3,21,ba143b05f0110f0dc71ad71b4466ce92,"sao paulo",SP,2274,credit_card,1,2,57.89,11.15,69.04,"2018-05-18 19:12:44","2018-05-15 18:55:23","2018-05-15 19:12:44","2018-05-17 14:45:00","2018-05-18 19:03:02","2018-05-24 00:00:00",Tuesday,May,2018,May-2018,delivered,e4175c48cab7af2bed0f9d9001f006af-1
874,e5ede2994d0d9af5205331bb7b222d3e,1,ba8c40efa4d4cf98a7260ad538b5c927,cec2fc26da9e54a174085b4dbc4752d5,8588,itaquaquecetuba,SP,173e9fe34bfe97f3a5e6dc57fe897b74,livros_tecnicos,36,890,1,950,29,3,21,ba143b05f0110f0dc71ad71b4466ce92,"sao paulo",SP,2274,credit_card,1,2,57.49,11.15,68.64,"2018-05-07 02:31:02","2018-04-30 15:43:07","2018-05-01 02:38:15","2018-05-03 14:56:00","2018-05-04 20:38:42","2018-05-11 00:00:00",Monday,April,2018,April-2018,delivered,e5ede2994d0d9af5205331bb7b222d3e-1
875,e6fd9f0475405c18cd73f21ec473814a,1,d7f9e3bed56f2896a2bd3a7a369d7d9a,22a93d651c1f3443f3547fcfd9619840,35740,esmeraldas,MG,173e9fe34bfe97f3a5e6dc57fe897b74,livros_tecnicos,36,890,1,950,29,3,21,ba143b05f0110f0dc71ad71b4466ce92,"sao paulo",SP,2274,credit_card,1,3,57.89,16.78,126.45,"2018-06-28 11:31:28","2018-06-23 11:17:27","2018-06-23 11:40:47","2018-06-25 13:42:00","2018-07-05 15:28:36","2018-07-25 00:00:00",Saturday,June,2018,June-2018,delivered,e6fd9f0475405c18cd73f21ec473814a-1
876,e6fd9f0475405c18cd73f21ec473814a,2,d7f9e3bed56f2896a2bd3a7a369d7d9a,22a93d651c1f3443f3547fcfd9619840,35740,esmeraldas,MG,2fea0f2cec6b6324a277d4a61c2ed2c6,beleza_saude,57,2026,3,100,11,11,11,beadbee30901a7f61d031b6b686095ad,guarulhos,SP,7097,credit_card,1,3,35,16.78,126.45,"2018-06-28 11:31:28","2018-06-23 11:17:27","2018-06-23 11:40:47","2018-06-25 13:42:00","2018-07-05 15:28:36","2018-07-25 00:00:00",Saturday,June,2018,June-2018,delivered,e6fd9f0475405c18cd73f21ec473814a-2
877,ec4f4f7e31b79905b7626cbbdf077813,1,eaa3bef3175bbdfb86ea8310d25abbac,e249b6c456edd4e50b70e5b19a57b180,5786,"sao paulo",SP,173e9fe34bfe97f3a5e6dc57fe897b74,livros_tecnicos,36,890,1,950,29,3,21,ba143b05f0110f0dc71ad71b4466ce92,"sao paulo",SP,2274,credit_card,1,1,57.89,11.15,69.04,"2018-05-09 19:31:35","2018-05-03 19:11:29","2018-05-03 19:33:44","2018-05-07 11:21:00","2018-05-11 17:32:03","2018-05-15 00:00:00",Thursday,May,2018,May-2018,delivered,ec4f4f7e31b79905b7626cbbdf077813-1
878,eed6de9f4e402f8a8f204646b98307ab,1,de017a7470c1080fb969cf1241087883,2bdf174cea1c333018d52cd105ef9782,37140,areado,MG,173e9fe34bfe97f3a5e6dc57fe897b74,livros_tecnicos,36,890,1,950,29,3,21,ba143b05f0110f0dc71ad71b4466ce92,"sao paulo",SP,2274,boleto,1,1,57.89,19.38,77.27,"2018-06-11 03:31:11","2018-05-30 02:17:36","2018-06-02 03:31:49","2018-06-04 14:31:00","2018-06-12 12:13:52","2018-07-11 00:00:00",Wednesday,May,2018,May-2018,delivered,eed6de9f4e402f8a8f204646b98307ab-1
879,efd2fcff6bef918e8a4ad7bb4c829acf,1,fbbc61fafbafa45406320a04a2c39c2f,b1ad70441b90fcb12c95f62aabde33d8,20551,"rio de janeiro",RJ,173e9fe34bfe97f3a5e6dc57fe897b74,livros_tecnicos,36,890,1,950,29,3,21,ba143b05f0110f0dc71ad71b4466ce92,"sao paulo",SP,2274,boleto,1,1,57.89,12.77,70.66,"2018-05-23 12:19:02","2018-05-17 16:42:34","2018-05-18 13:31:22","2018-05-21 15:10:00","2018-06-09 17:36:23","2018-06-19 00:00:00",Thursday,May,2018,May-2018,delivered,efd2fcff6bef918e8a4ad7bb4c829acf-1
880,fc6ef99a4b7e2803585c610285aef179,1,1bc460ac476cf353ba60f0a5f339f734,0582b201db50b4a6a7e80e27f380de9c,39565,rubelita,MG,173e9fe34bfe97f3a5e6dc57fe897b74,livros_tecnicos,36,890,1,950,29,3,21,ba143b05f0110f0dc71ad71b4466ce92,"sao paulo",SP,2274,boleto,1,1,57.89,22.99,80.88,"2018-05-14 04:14:41","2018-05-05 08:27:10","2018-05-08 04:14:41","2018-05-11 11:33:00","2018-05-21 11:37:44","2018-05-29 00:00:00",Saturday,May,2018,May-2018,delivered,fc6ef99a4b7e2803585c610285aef179-1
881,ff92fd3088a85112214acbc08d72afbf,1,49f4d10e2b8d62d6346a0f8f8a4eb064,a2d6e2bd889620a0eecb67d20f27c441,8452,"sao paulo",SP,173e9fe34bfe97f3a5e6dc57fe897b74,livros_tecnicos,36,890,1,950,29,3,21,ba143b05f0110f0dc71ad71b4466ce92,"sao paulo",SP,2274,credit_card,1,1,57.89,11.15,69.04,"2018-05-25 20:30:43","2018-05-22 20:17:56","2018-05-22 20:37:13","2018-05-23 14:54:00","2018-05-30 23:44:18","2018-06-01 00:00:00",Tuesday,May,2018,May-2018,delivered,ff92fd3088a85112214acbc08d72afbf-1
882,07c33a9470d0df2a30cc8a8ebd0288d1,1,b4a2eabc4ac6b82d0f3aa2961fc9220b,8639374fa74fade3b0f3f5381297b88d,1534,"sao paulo",SP,8ac47b3ab13c68f49f10dde899674149,dvds_blu_ray,46,957,4,2150,30,5,20,ba143b05f0110f0dc71ad71b4466ce92,"sao paulo",SP,2274,boleto,1,1,83.99,11.21,95.2,"2018-05-23 05:16:30","2018-05-16 18:29:24","2018-05-18 05:16:30","2018-05-21 15:02:00","2018-05-23 14:58:36","2018-05-25 00:00:00",Wednesday,May,2018,May-2018,delivered,07c33a9470d0df2a30cc8a8ebd0288d1-1
883,795c82851ecf97d34d24459d11a86a40,1,dff05c8eceda05173f9124e80e286170,bc02a06ff7438f1c8247554ce5035faf,22250,"rio de janeiro",RJ,8ac47b3ab13c68f49f10dde899674149,dvds_blu_ray,46,957,4,2150,30,5,20,ba143b05f0110f0dc71ad71b4466ce92,"sao paulo",SP,2274,boleto,1,1,83.99,18.17,102.16,"2018-05-14 04:14:31","2018-05-05 10:11:19","2018-05-08 04:14:31","2018-05-11 11:11:00","2018-05-16 20:17:37","2018-06-07 00:00:00",Saturday,May,2018,May-2018,delivered,795c82851ecf97d34d24459d11a86a40-1
884,7bda7fb1e596f90f607376af2ca647cd,1,458f0c44547ae6e5a5f5fba63eaf25e0,a6f2e4a9ff6fdb7626039136dee62c4b,2846,"sao paulo",SP,8ac47b3ab13c68f49f10dde899674149,dvds_blu_ray,46,957,4,2150,30,5,20,ba143b05f0110f0dc71ad71b4466ce92,"sao paulo",SP,2274,credit_card,1,1,83.99,12.89,96.88,"2018-07-19 17:31:37","2018-07-15 16:57:17","2018-07-16 17:31:37","2018-07-17 14:56:00","2018-07-31 15:11:42","2018-07-25 00:00:00",Sunday,July,2018,July-2018,delivered,7bda7fb1e596f90f607376af2ca647cd-1
885,8a8bd4a338e17ace44431e99a2add1d2,1,460a1052bb04a53c2d748b89ef49f1c5,130e47a42ad5259d8843abe21bf87d5d,71691,brasilia,DF,8ac47b3ab13c68f49f10dde899674149,dvds_blu_ray,46,957,4,2150,30,5,20,ba143b05f0110f0dc71ad71b4466ce92,"sao paulo",SP,2274,voucher,2,1,83.99,18.17,20,"2018-05-20 21:54:02","2018-05-15 21:31:55","2018-05-15 21:54:02","2018-05-17 12:40:00","2018-05-29 18:51:46","2018-06-01 00:00:00",Tuesday,May,2018,May-2018,delivered,8a8bd4a338e17ace44431e99a2add1d2-1
886,8a8bd4a338e17ace44431e99a2add1d2,1,460a1052bb04a53c2d748b89ef49f1c5,130e47a42ad5259d8843abe21bf87d5d,71691,brasilia,DF,8ac47b3ab13c68f49f10dde899674149,dvds_blu_ray,46,957,4,2150,30,5,20,ba143b05f0110f0dc71ad71b4466ce92,"sao paulo",SP,2274,voucher,6,1,83.99,18.17,2.16,"2018-05-20 21:54:02","2018-05-15 21:31:55","2018-05-15 21:54:02","2018-05-17 12:40:00","2018-05-29 18:51:46","2018-06-01 00:00:00",Tuesday,May,2018,May-2018,delivered,8a8bd4a338e17ace44431e99a2add1d2-1
887,8a8bd4a338e17ace44431e99a2add1d2,1,460a1052bb04a53c2d748b89ef49f1c5,130e47a42ad5259d8843abe21bf87d5d,71691,brasilia,DF,8ac47b3ab13c68f49f10dde899674149,dvds_blu_ray,46,957,4,2150,30,5,20,ba143b05f0110f0dc71ad71b4466ce92,"sao paulo",SP,2274,voucher,3,1,83.99,18.17,20,"2018-05-20 21:54:02","2018-05-15 21:31:55","2018-05-15 21:54:02","2018-05-17 12:40:00","2018-05-29 18:51:46","2018-06-01 00:00:00",Tuesday,May,2018,May-2018,delivered,8a8bd4a338e17ace44431e99a2add1d2-1
888,8a8bd4a338e17ace44431e99a2add1d2,1,460a1052bb04a53c2d748b89ef49f1c5,130e47a42ad5259d8843abe21bf87d5d,71691,brasilia,DF,8ac47b3ab13c68f49f10dde899674149,dvds_blu_ray,46,957,4,2150,30,5,20,ba143b05f0110f0dc71ad71b4466ce92,"sao paulo",SP,2274,voucher,5,1,83.99,18.17,20,"2018-05-20 21:54:02","2018-05-15 21:31:55","2018-05-15 21:54:02","2018-05-17 12:40:00","2018-05-29 18:51:46","2018-06-01 00:00:00",Tuesday,May,2018,May-2018,delivered,8a8bd4a338e17ace44431e99a2add1d2-1
889,8a8bd4a338e17ace44431e99a2add1d2,1,460a1052bb04a53c2d748b89ef49f1c5,130e47a42ad5259d8843abe21bf87d5d,71691,brasilia,DF,8ac47b3ab13c68f49f10dde899674149,dvds_blu_ray,46,957,4,2150,30,5,20,ba143b05f0110f0dc71ad71b4466ce92,"sao paulo",SP,2274,voucher,4,1,83.99,18.17,20,"2018-05-20 21:54:02","2018-05-15 21:31:55","2018-05-15 21:54:02","2018-05-17 12:40:00","2018-05-29 18:51:46","2018-06-01 00:00:00",Tuesday,May,2018,May-2018,delivered,8a8bd4a338e17ace44431e99a2add1d2-1
890,8a8bd4a338e17ace44431e99a2add1d2,1,460a1052bb04a53c2d748b89ef49f1c5,130e47a42ad5259d8843abe21bf87d5d,71691,brasilia,DF,8ac47b3ab13c68f49f10dde899674149,dvds_blu_ray,46,957,4,2150,30,5,20,ba143b05f0110f0dc71ad71b4466ce92,"sao paulo",SP,2274,voucher,1,1,83.99,18.17,20,"2018-05-20 21:54:02","2018-05-15 21:31:55","2018-05-15 21:54:02","2018-05-17 12:40:00","2018-05-29 18:51:46","2018-06-01 00:00:00",Tuesday,May,2018,May-2018,delivered,8a8bd4a338e17ace44431e99a2add1d2-1
891,8a90aa7c88256981f18784086121349c,1,8712d805700fade0c5aa62b792edcbbd,d56bcceb82af49761c77a74bffe8f618,38465,arapora,MG,8ac47b3ab13c68f49f10dde899674149,dvds_blu_ray,46,957,4,2150,30,5,20,ba143b05f0110f0dc71ad71b4466ce92,"sao paulo",SP,2274,credit_card,1,1,83.99,23.17,107.16,"2018-05-15 10:15:16","2018-05-09 09:58:45","2018-05-09 10:15:16","2018-05-10 15:12:00","2018-05-17 18:57:51","2018-05-30 00:00:00",Wednesday,May,2018,May-2018,delivered,8a90aa7c88256981f18784086121349c-1
892,0e7be6aaa59ac324e8b9b4e71a84f3be,1,6ce4c7bd3926439373aeb50dd50569e8,c48b56da021ee338f55ae79297f042b5,6126,osasco,SP,69268ea255c0a531db56f066777fdcf1,livros_tecnicos,53,1232,1,1300,29,3,21,ba143b05f0110f0dc71ad71b4466ce92,"sao paulo",SP,2274,credit_card,1,1,68.99,11.5,80.49,"2018-08-16 14:45:31","2018-08-14 14:34:56","2018-08-14 14:46:05","2018-08-15 14:47:00","2018-08-16 17:14:43","2018-08-17 00:00:00",Tuesday,August,2018,August-2018,delivered,0e7be6aaa59ac324e8b9b4e71a84f3be-1
893,5ec380985852821300051ef687ab6254,1,fb4b42ef1e45724b01c24c034c1043dc,a57ff048e76ea9d507d5cc93fa28c4ab,3363,"sao paulo",SP,69268ea255c0a531db56f066777fdcf1,livros_tecnicos,53,1232,1,1300,29,3,21,ba143b05f0110f0dc71ad71b4466ce92,"sao paulo",SP,2274,boleto,1,1,68.99,11.5,80.49,"2018-06-28 02:20:26","2018-06-21 19:28:14","2018-06-23 02:20:26","2018-06-25 10:43:00","2018-06-26 17:59:49","2018-07-13 00:00:00",Thursday,June,2018,June-2018,delivered,5ec380985852821300051ef687ab6254-1
894,2df3629aa299e4d981055ac3f6be5817,1,d60f4a3046f0f5a081711930422bd04f,d89fd46bae9fc4ec46c41f9a46193747,8031,"sao paulo",SP,cdd914e78124a73cc28a165cfc4a0bbc,livros_tecnicos,34,1580,1,1800,29,3,21,ba143b05f0110f0dc71ad71b4466ce92,"sao paulo",SP,2274,boleto,1,1,93.99,11.68,105.67,"2018-08-13 03:25:14","2018-08-07 19:13:29","2018-08-08 03:25:14","2018-08-10 19:52:00","2018-08-15 01:16:33","2018-08-14 00:00:00",Tuesday,August,2018,August-2018,delivered,2df3629aa299e4d981055ac3f6be5817-1
895,47d8487055416af863e81cb7f28f4f19,1,3d4750ef71b9c11bc21110cdde4cbda2,99c59ed7ac72d3961c4c80e777ba2732,95880,estrela,RS,cdd914e78124a73cc28a165cfc4a0bbc,livros_tecnicos,34,1580,1,1800,29,3,21,ba143b05f0110f0dc71ad71b4466ce92,"sao paulo",SP,2274,credit_card,1,6,93.99,23.46,117.45,"2018-08-02 13:24:33","2018-07-31 13:07:37","2018-07-31 13:24:33","2018-08-02 08:37:00","2018-08-07 14:41:38","2018-08-14 00:00:00",Tuesday,July,2018,July-2018,delivered,47d8487055416af863e81cb7f28f4f19-1
896,5c2d1d55c31db1cbe069dc9b6454b897,1,15bea20cd005ed59d34db54c6b32ec98,02c639f8dd288caf7cc6dc66513c23b3,35610,"dores do indaia",MG,cdd914e78124a73cc28a165cfc4a0bbc,livros_tecnicos,34,1580,1,1800,29,3,21,ba143b05f0110f0dc71ad71b4466ce92,"sao paulo",SP,2274,credit_card,1,4,93.99,23.46,117.45,"2018-07-27 09:17:32","2018-07-23 18:27:07","2018-07-24 10:32:48","2018-07-25 14:10:00","2018-08-01 19:31:47","2018-08-10 00:00:00",Monday,July,2018,July-2018,delivered,5c2d1d55c31db1cbe069dc9b6454b897-1
897,6ce2f6c46900d2944aa402979ff81e6c,1,efdb7165e1cdb1a60f09f771135412f1,debc4c56769110ff8fb90c5a53453199,84010,"ponta grossa",PR,cdd914e78124a73cc28a165cfc4a0bbc,livros_tecnicos,34,1580,1,1800,29,3,21,ba143b05f0110f0dc71ad71b4466ce92,"sao paulo",SP,2274,credit_card,1,4,93.99,23.46,117.45,"2018-07-26 15:04:21","2018-07-23 12:55:39","2018-07-23 15:31:47","2018-07-24 09:33:00","2018-07-31 20:02:25","2018-08-10 00:00:00",Monday,July,2018,July-2018,delivered,6ce2f6c46900d2944aa402979ff81e6c-1
898,c4bd023ec3c8f99bdc3a817584217988,1,5e2bff98772b674b3afcbcac6efe0f76,77c9aefbd1400df8dc5e39ea9ddc3a54,3112,"sao paulo",SP,cdd914e78124a73cc28a165cfc4a0bbc,livros_tecnicos,34,1580,1,1800,29,3,21,ba143b05f0110f0dc71ad71b4466ce92,"sao paulo",SP,2274,credit_card,1,5,93.99,11.68,105.67,"2018-08-06 14:30:57","2018-08-02 14:18:50","2018-08-02 15:00:06","2018-08-03 14:53:00","2018-08-06 20:29:23","2018-08-07 00:00:00",Thursday,August,2018,August-2018,delivered,c4bd023ec3c8f99bdc3a817584217988-1
899,d40f37941fe5d7cc0ee5bf4180ae9f3d,1,8b064a200d335d30d609487f84414812,cf645232b948cc7cdc5ee2c542029543,6160,osasco,SP,cdd914e78124a73cc28a165cfc4a0bbc,livros_tecnicos,34,1580,1,1800,29,3,21,ba143b05f0110f0dc71ad71b4466ce92,"sao paulo",SP,2274,credit_card,1,1,93.99,11.68,105.67,"2018-07-10 16:21:50","2018-07-05 15:24:52","2018-07-05 16:21:50","2018-07-11 13:00:00","2018-07-12 17:47:36","2018-07-19 00:00:00",Thursday,July,2018,July-2018,delivered,d40f37941fe5d7cc0ee5bf4180ae9f3d-1
900,322cf8d33165964665e1529f6cbf4f28,1,79b1044d5432d0a7bce1cc735c8b68a1,143bcfdcb1b8b6c3be1aeff46c96bf6e,6823,"embu das artes",SP,686476adb39d272e27b0dd7c111d3762,livros_tecnicos,57,836,1,950,29,3,21,ba143b05f0110f0dc71ad71b4466ce92,"sao paulo",SP,2274,boleto,1,1,51.49,8.88,60.37,"2018-05-16 02:57:14","2018-05-08 17:13:13","2018-05-10 02:57:14","2018-05-14 15:08:00","2018-05-15 19:43:11","2018-05-18 00:00:00",Tuesday,May,2018,May-2018,delivered,322cf8d33165964665e1529f6cbf4f28-1
901,377696852de6926eeb2b8322d847a15b,1,755d117f08b413b6638b6fcdc0dcb72d,a8b0b80bc3b749cfc00dd50d1e8a1cdc,44055,"feira de santana",BA,dcc0e81eb76da517c6145e0c64b07c3a,livros_tecnicos,41,1641,1,1850,30,5,20,ba143b05f0110f0dc71ad71b4466ce92,"sao paulo",SP,2274,credit_card,1,2,76.99,15.55,92.54,"2018-04-30 13:31:57","2018-04-24 13:18:10","2018-04-24 17:29:26","2018-04-25 14:17:00","2018-05-10 20:03:34","2018-05-11 00:00:00",Tuesday,April,2018,April-2018,delivered,377696852de6926eeb2b8322d847a15b-1
902,f965447beec09309bb42c89aec32404d,1,7d3a2ac58365d16362f25948b7ad51cf,1b8def0eaf4bfb07e41f8a82b4961221,25963,teresopolis,RJ,dcc0e81eb76da517c6145e0c64b07c3a,livros_tecnicos,41,1641,1,1850,30,5,20,ba143b05f0110f0dc71ad71b4466ce92,"sao paulo",SP,2274,boleto,1,1,76.99,23.34,100.33,"2018-06-25 03:31:03","2018-06-18 10:17:41","2018-06-19 03:36:40","2018-06-20 12:15:00","2018-06-28 19:01:55","2018-07-17 00:00:00",Monday,June,2018,June-2018,delivered,f965447beec09309bb42c89aec32404d-1
903,3860898db238028285b1e05b5ab31238,1,2fb25213583070dd575f4d64ceb760d4,43edb5e13058ed02b2828267451ae295,39560,salinas,MG,c04b8195870068ff5c495f269a0bc993,livros_tecnicos,54,1162,1,1100,29,3,21,ba143b05f0110f0dc71ad71b4466ce92,"sao paulo",SP,2274,credit_card,1,1,48.99,19.53,68.52,"2018-07-24 08:55:29","2018-07-19 08:45:23","2018-07-19 08:55:29","2018-07-19 14:45:00","2018-07-24 23:08:38","2018-08-08 00:00:00",Thursday,July,2018,July-2018,delivered,3860898db238028285b1e05b5ab31238-1
904,3f0cb8f5398fd5dc8e3b02e308391a63,1,f1033bafb0691b4ad24836f8f058ec64,997154911f9f4d3fbeeb5a41934a0c60,80320,curitiba,PR,7bdcad1796b53a8f633c1cfd82102efe,livros_tecnicos,40,1309,1,1600,29,3,21,ba143b05f0110f0dc71ad71b4466ce92,"sao paulo",SP,2274,credit_card,1,10,88.99,18.2,107.19,"2018-06-14 13:53:36","2018-06-06 13:29:57","2018-06-06 13:53:36","2018-06-07 14:25:00","2018-06-12 01:34:50","2018-07-13 00:00:00",Wednesday,June,2018,June-2018,delivered,3f0cb8f5398fd5dc8e3b02e308391a63-1
905,4f3a6e28d764cf896b1fceb0028422c8,1,e24fceba7ac4b1b1cd1884f05ba68e9d,7410c7ed56c93d4eee17a7b7b3a75b3e,13056,campinas,SP,5563f6b699b362e1bd6a2e1e650f52bd,livros_tecnicos,60,1265,1,2050,29,5,21,ba143b05f0110f0dc71ad71b4466ce92,"sao paulo",SP,2274,credit_card,1,2,108.99,13.06,122.05,"2018-07-09 10:30:46","2018-07-03 09:34:16","2018-07-05 16:21:50","2018-07-03 16:52:00","2018-07-05 13:32:49","2018-07-20 00:00:00",Tuesday,July,2018,July-2018,delivered,4f3a6e28d764cf896b1fceb0028422c8-1
906,7be91eab3dac2edd89fc7f519e1649f5,1,7e01705680a54dc5c98635ed83de8508,2b5c7a27f76c03d6a6923819bbaaa7e6,41180,salvador,BA,5563f6b699b362e1bd6a2e1e650f52bd,livros_tecnicos,60,1265,1,2050,29,5,21,ba143b05f0110f0dc71ad71b4466ce92,"sao paulo",SP,2274,credit_card,1,1,108.99,24.63,133.62,"2018-06-21 14:25:39","2018-06-14 14:23:22","2018-06-15 14:25:39","2018-06-18 14:28:00","2018-06-29 21:04:59","2018-07-18 00:00:00",Thursday,June,2018,June-2018,delivered,7be91eab3dac2edd89fc7f519e1649f5-1
907,c19eed4d32cfb9fb91c6966ce38f7aa0,1,42f96959b77ac869847e99386e2454ce,19937f711def2da1ca3a162b2f9bedeb,66077,belem,PA,5563f6b699b362e1bd6a2e1e650f52bd,livros_tecnicos,60,1265,1,2050,29,5,21,ba143b05f0110f0dc71ad71b4466ce92,"sao paulo",SP,2274,credit_card,1,10,108.99,27.2,136.19,"2018-06-12 09:51:32","2018-06-03 15:23:56","2018-06-04 09:51:32","2018-06-05 14:22:00","2018-06-22 17:32:26","2018-07-20 00:00:00",Sunday,June,2018,June-2018,delivered,c19eed4d32cfb9fb91c6966ce38f7aa0-1
908,5b01111319bb33fcc77bb2aef3e938ff,1,c8b11aa20558a5c5b2a042f47c83de09,622e7326e8ef9aa065b58c8879eb9a84,5541,"sao paulo",SP,13de26d4d66e20b9262c0ddd00cf5cd8,livros_tecnicos,60,1479,1,3680,29,5,21,ba143b05f0110f0dc71ad71b4466ce92,"sao paulo",SP,2274,credit_card,1,2,193.99,14.66,208.65,"2018-08-07 15:05:22","2018-08-04 14:57:19","2018-08-04 15:05:22","2018-08-06 10:39:00","2018-08-09 01:02:28","2018-08-09 00:00:00",Saturday,August,2018,August-2018,delivered,5b01111319bb33fcc77bb2aef3e938ff-1
909,6262db458a330005c5c5de9806d09584,1,6fc30afbaa8c92e5d4af80945d59793b,107c5f3730a3c5344cbe1d0f7ec1423e,2611,"sao paulo",SP,e4efc53d91eab1a38a93ea9aa20142c3,consoles_games,45,925,1,1800,29,3,21,ba143b05f0110f0dc71ad71b4466ce92,"sao paulo",SP,2274,credit_card,1,3,91.99,11.27,103.26,"2018-05-22 21:17:40","2018-05-18 21:20:36","2018-05-20 00:30:53","2018-05-23 14:54:00","2018-05-24 17:09:44","2018-05-29 00:00:00",Friday,May,2018,May-2018,delivered,6262db458a330005c5c5de9806d09584-1
910,7fdf1bc0675e3bf96a0375e4d84ec39a,1,9186dc07f7eea5684ca72a79410982dc,af0c81ca37585eaf94be120a572be1bf,39800,"teofilo otoni",MG,b431c295eebd586febf73553f262bbcf,livros_tecnicos,43,953,1,1500,29,3,21,ba143b05f0110f0dc71ad71b4466ce92,"sao paulo",SP,2274,credit_card,1,2,88.99,23.42,112.41,"2018-08-22 10:50:25","2018-08-18 21:58:12","2018-08-20 10:50:25","2018-08-20 14:40:00","2018-08-29 22:04:59","2018-08-30 00:00:00",Saturday,August,2018,August-2018,delivered,7fdf1bc0675e3bf96a0375e4d84ec39a-1
911,8e0681f2a4f1f64042b59780dc46125d,1,06dcae7b409e7ee3098993674b02f1c4,1579bb1cb31d16d7fb3e07065787a826,6711,cotia,SP,0b910ddd6185e20c016c2113fc864eb4,livros_tecnicos,58,1252,1,4150,29,5,21,ba143b05f0110f0dc71ad71b4466ce92,"sao paulo",SP,2274,credit_card,1,4,201.99,14.32,216.31,"2018-05-24 17:31:42","2018-05-21 16:27:39","2018-05-21 17:33:51","2018-05-23 14:53:00","2018-05-24 16:44:50","2018-05-30 00:00:00",Monday,May,2018,May-2018,delivered,8e0681f2a4f1f64042b59780dc46125d-1
912,a7e92306fa96254682b3081d01ef6ba3,1,56b83f910f9ec6c70f6d7576564c9ba9,16f21fd8f7f369baee82f0db4f32b8e6,16052,aracatuba,SP,9d7e2c8835276b06ea5facb880789f4b,livros_tecnicos,53,1235,1,1350,29,3,21,ba143b05f0110f0dc71ad71b4466ce92,"sao paulo",SP,2274,credit_card,1,2,58.99,14.72,73.71,"2018-07-26 13:20:38","2018-07-23 09:37:41","2018-07-23 14:31:08","2018-07-24 09:33:00","2018-07-30 22:34:38","2018-08-07 00:00:00",Monday,July,2018,July-2018,delivered,a7e92306fa96254682b3081d01ef6ba3-1
913,c8f75f6121e5b471d9e207771a2a5367,1,b30e3e8812362ce2ed4e73ade06a089e,c28c340209c60b6d78e5b8bc564972e6,2467,"sao paulo",SP,9d7e2c8835276b06ea5facb880789f4b,livros_tecnicos,53,1235,1,1350,29,3,21,ba143b05f0110f0dc71ad71b4466ce92,"sao paulo",SP,2274,credit_card,1,3,58.99,11.43,70.42,"2018-08-06 13:04:23","2018-08-02 12:06:30","2018-08-02 13:04:23","2018-08-03 14:53:00","2018-08-04 15:26:31","2018-08-07 00:00:00",Thursday,August,2018,August-2018,delivered,c8f75f6121e5b471d9e207771a2a5367-1
914,fdf60756868209e239918ee0264ef6d6,1,bba3dad7534c6f28029414e1a1b25f01,8ad99b078f7bfa945ff8607e5a1165c9,12053,taubate,SP,9d7e2c8835276b06ea5facb880789f4b,livros_tecnicos,53,1235,1,1350,29,3,21,ba143b05f0110f0dc71ad71b4466ce92,"sao paulo",SP,2274,boleto,1,1,58.99,13.99,72.98,"2018-06-26 02:55:29","2018-06-18 15:50:02","2018-06-20 02:55:29","2018-06-20 14:37:00","2018-06-26 17:46:32","2018-07-16 00:00:00",Monday,June,2018,June-2018,delivered,fdf60756868209e239918ee0264ef6d6-1
915,b7ada522cfb63d2f443ab987bd38c885,1,e80621e53339202d76c5ab251fa2582a,83df6dd279040bd5ea4078e1f4dd3a65,7600,mairipora,SP,6efb6f992e2f51bc224145a2a9e3ec38,livros_tecnicos,44,1583,1,2350,29,5,21,ba143b05f0110f0dc71ad71b4466ce92,"sao paulo",SP,2274,boleto,1,1,111.99,11.41,123.4,"2018-05-28 02:15:42","2018-05-21 18:20:05","2018-05-23 02:15:42","2018-05-23 14:54:00","2018-05-24 16:38:39","2018-05-30 00:00:00",Monday,May,2018,May-2018,delivered,b7ada522cfb63d2f443ab987bd38c885-1
916,c1c2ca16c60c1904fe27ba8b0f864855,1,e3362d99d550f0b6279c192ecae2c572,81eefd7005f26001df310721b9b7af18,30320,"belo horizonte",MG,6efb6f992e2f51bc224145a2a9e3ec38,livros_tecnicos,44,1583,1,2350,29,5,21,ba143b05f0110f0dc71ad71b4466ce92,"sao paulo",SP,2274,credit_card,1,6,111.99,18.36,130.35,"2018-05-17 14:30:37","2018-05-10 14:36:44","2018-05-11 14:31:15","2018-05-15 14:46:00","2018-05-22 17:48:55","2018-05-28 00:00:00",Thursday,May,2018,May-2018,delivered,c1c2ca16c60c1904fe27ba8b0f864855-1
917,c006bbd1a1ae4337965b7ad0dac0c61e,1,39eed57393ecf1f7fd09caea717a442f,9148a35e58b350858a25d1fad315ccb1,8285,"sao paulo",SP,822448321a1c019d77daab0994ffee35,livros_tecnicos,37,1176,1,1250,29,3,21,ba143b05f0110f0dc71ad71b4466ce92,"sao paulo",SP,2274,credit_card,1,1,58.99,11.43,70.42,"2018-07-17 08:46:08","2018-07-11 20:32:52","2018-07-12 08:46:08","2018-07-12 15:04:00","2018-07-14 01:23:36","2018-07-20 00:00:00",Wednesday,July,2018,July-2018,delivered,c006bbd1a1ae4337965b7ad0dac0c61e-1
918,cdb4c1d38fee4e877cf3102aa0c5b814,1,89740b265a19250949dea0e212b9c92e,b88c1a1d40b9b90a8d15f2d3c7e28099,19880,"candido mota",SP,29e12e9986898ede7b446f39cdaaa6de,consoles_games,56,1478,1,1750,29,3,21,ba143b05f0110f0dc71ad71b4466ce92,"sao paulo",SP,2274,credit_card,1,5,98.99,14.78,113.77,"2018-05-21 01:55:13","2018-05-16 01:42:58","2018-05-16 01:55:13","2018-05-17 12:49:00","2018-05-21 19:46:37","2018-06-01 00:00:00",Wednesday,May,2018,May-2018,delivered,cdb4c1d38fee4e877cf3102aa0c5b814-1
919,ddc904ea8bd4313e136beae61948c20d,1,1412be486661c275b82db0ddd740fea9,15bcd9376b047df8dfc82be259a4cc98,29090,vitoria,ES,e59630cdf7c240d11dd424c08aadbc42,livros_tecnicos,59,453,1,1800,29,5,21,ba143b05f0110f0dc71ad71b4466ce92,"sao paulo",SP,2274,credit_card,1,2,103.99,22.03,126.02,"2018-07-09 15:31:14","2018-07-03 14:37:25","2018-07-05 16:33:01","2018-07-04 14:39:00","2018-07-12 00:08:40","2018-07-26 00:00:00",Tuesday,July,2018,July-2018,delivered,ddc904ea8bd4313e136beae61948c20d-1
920,e15c6296371161f7eabd6ce8335b5b51,1,7f093a78d3d5e33e00e9708b3fa14bb5,1fe990cccf38a264f1ace358f24093bd,90035,"porto alegre",RS,0c85b3e0748fdc1a15f227525d317821,livros_tecnicos,48,1561,1,2450,29,5,21,ba143b05f0110f0dc71ad71b4466ce92,"sao paulo",SP,2274,boleto,1,1,121.99,22.15,144.14,"2018-07-18 02:45:09","2018-07-13 11:36:36","2018-07-14 02:45:09","2018-07-16 14:39:00","2018-07-26 22:22:49","2018-08-06 00:00:00",Friday,July,2018,July-2018,delivered,e15c6296371161f7eabd6ce8335b5b51-1
921,00061f2a7bc09da83e415a52dc8a4af1,1,c6fc061d86fab1e2b2eac259bac71a49,107e6259485efac66428a56f10801f4f,13419,piracicaba,SP,d63c1011f49d98b976c352955b1c4bea,beleza_saude,57,614,1,950,35,25,20,cc419e0650a3c5ba77189a1882b7556a,"santo andre",SP,9015,credit_card,1,3,59.99,8.88,68.87,"2018-03-29 22:28:09","2018-03-24 22:16:10","2018-03-24 22:28:09","2018-03-27 05:26:55","2018-03-29 00:04:19","2018-04-09 00:00:00",Saturday,March,2018,March-2018,delivered,00061f2a7bc09da83e415a52dc8a4af1-1
922,0210336762a2618a562576d1266efefe,1,1c6168ef4f5ddbdedf48f60a4e21128e,0788a5e2db8d16e610407f3ee826b813,25025,"duque de caxias",RJ,d63c1011f49d98b976c352955b1c4bea,beleza_saude,57,614,1,950,35,25,20,cc419e0650a3c5ba77189a1882b7556a,"santo andre",SP,9015,credit_card,1,3,59.99,16.39,76.38,"2018-04-20 18:55:36","2018-04-16 18:07:08","2018-04-16 18:55:36","2018-04-17 18:31:41","2018-05-01 15:08:58","2018-05-10 00:00:00",Monday,April,2018,April-2018,delivered,0210336762a2618a562576d1266efefe-1
923,0224d4ce99f4262f9554d248dfad743c,1,3e3a04eb993fe7c6bab32b40fcc51f7f,b6b7c81604adbef7a32d4bacde272d41,6753,"taboao da serra",SP,d63c1011f49d98b976c352955b1c4bea,beleza_saude,57,614,1,950,35,25,20,cc419e0650a3c5ba77189a1882b7556a,"santo andre",SP,9015,credit_card,1,1,59.99,8.88,68.87,"2018-03-23 19:48:07","2018-03-17 19:25:07","2018-03-17 19:48:07","2018-03-20 22:08:30","2018-03-21 22:48:50","2018-04-02 00:00:00",Saturday,March,2018,March-2018,delivered,0224d4ce99f4262f9554d248dfad743c-1
924,09268d8b25dd31ae78b464efd453d069,1,02bf19efae533d95c21b5e1ccc633a88,85c9cc82766d61484d4014b8f1d62dd9,4272,"sao paulo",SP,d63c1011f49d98b976c352955b1c4bea,beleza_saude,57,614,1,950,35,25,20,cc419e0650a3c5ba77189a1882b7556a,"santo andre",SP,9015,boleto,1,1,59.99,3.03,246.24,"2018-06-14 04:57:05","2018-06-08 21:53:39","2018-06-12 04:57:05","2018-06-12 15:00:00","2018-06-14 21:41:54","2018-06-28 00:00:00",Friday,June,2018,June-2018,delivered,09268d8b25dd31ae78b464efd453d069-1
925,09268d8b25dd31ae78b464efd453d069,2,02bf19efae533d95c21b5e1ccc633a88,85c9cc82766d61484d4014b8f1d62dd9,4272,"sao paulo",SP,29e690f79f608a27a9a02dbf5c3c0c93,bebes,58,801,1,3200,31,43,21,9e6229250fedbe05838fef417b74e7fb,mirandopolis,SP,16800,boleto,1,1,159.9,23.32,246.24,"2018-06-15 04:57:05","2018-06-08 21:53:39","2018-06-12 04:57:05","2018-06-12 15:00:00","2018-06-14 21:41:54","2018-06-28 00:00:00",Friday,June,2018,June-2018,delivered,09268d8b25dd31ae78b464efd453d069-2
926,0b4ed5311f55b9b8f0f30b35e5b45dbd,1,3e3196d8c97e8351de8a7a3bc0d06211,2a117e51457d1bf9070aad3c0effa03e,21050,"rio de janeiro",RJ,d63c1011f49d98b976c352955b1c4bea,beleza_saude,57,614,1,950,35,25,20,cc419e0650a3c5ba77189a1882b7556a,"santo andre",SP,9015,credit_card,1,1,59.99,18,77.99,"2018-06-07 23:10:06","2018-05-30 22:55:26","2018-05-30 23:10:06","2018-06-01 14:14:00","2018-06-08 20:20:53","2018-07-20 00:00:00",Wednesday,May,2018,May-2018,delivered,0b4ed5311f55b9b8f0f30b35e5b45dbd-1
927,0e674de2505ddeb8770eb4e642b0a638,1,c80debb8c444b7ab7cb2619b973928f3,7e6beb5f680be506d44e0d5c72c6a497,9171,"santo andre",SP,d63c1011f49d98b976c352955b1c4bea,beleza_saude,57,614,1,950,35,25,20,cc419e0650a3c5ba77189a1882b7556a,"santo andre",SP,9015,credit_card,1,2,59.99,9.34,69.33,"2018-03-01 22:25:44","2018-02-22 22:05:56","2018-02-22 22:25:44","2018-02-26 21:57:04","2018-03-08 19:55:24","2018-03-09 00:00:00",Thursday,February,2018,February-2018,delivered,0e674de2505ddeb8770eb4e642b0a638-1
928,10a59a093f3cdb6180f929e3e5637728,1,0e441d1c0e13a5d13c44cba925564538,1f8e9d1e0aa35dd2eeac2417526445e2,5366,"sao paulo",SP,d63c1011f49d98b976c352955b1c4bea,beleza_saude,57,614,1,950,35,25,20,cc419e0650a3c5ba77189a1882b7556a,"santo andre",SP,9015,credit_card,1,3,59.99,11.44,71.43,"2018-07-03 16:51:30","2018-06-29 16:38:33","2018-06-29 16:51:30","2018-07-02 13:03:00","2018-07-03 19:03:31","2018-07-13 00:00:00",Friday,June,2018,June-2018,delivered,10a59a093f3cdb6180f929e3e5637728-1
929,113e0c165fdf93f9e1017dae01292548,1,8ed69cbab6a80fa4eb8ccb13bee2e667,d8b99bd114714cef156bdc66db7bce15,5087,"sao paulo",SP,d63c1011f49d98b976c352955b1c4bea,beleza_saude,57,614,1,950,35,25,20,cc419e0650a3c5ba77189a1882b7556a,"santo andre",SP,9015,credit_card,1,3,59.99,8.88,68.87,"2018-04-06 16:31:52","2018-04-01 16:19:09","2018-04-01 16:35:18","2018-04-02 19:34:51","2018-04-03 21:33:02","2018-04-13 00:00:00",Sunday,April,2018,April-2018,delivered,113e0c165fdf93f9e1017dae01292548-1
930,12701d216c208b08132694d01af602a7,1,39351277fa612e0c7ac8077f7ac038d3,9613205127b4837f2210caee34d05e41,9371,maua,SP,d63c1011f49d98b976c352955b1c4bea,beleza_saude,57,614,1,950,35,25,20,cc419e0650a3c5ba77189a1882b7556a,"santo andre",SP,9015,credit_card,1,2,59.99,8.88,68.87,"2018-04-12 00:11:01","2018-04-07 23:57:34","2018-04-08 00:11:01","2018-04-09 19:48:39","2018-04-11 21:06:59","2018-04-25 00:00:00",Saturday,April,2018,April-2018,delivered,12701d216c208b08132694d01af602a7-1
931,1643b03ca11567c439096a981a2dc14c,1,1576435038c52a6ec02a0a6e23670ced,d849e6dec60225ffbc33734085906919,6753,"taboao da serra",SP,d63c1011f49d98b976c352955b1c4bea,beleza_saude,57,614,1,950,35,25,20,cc419e0650a3c5ba77189a1882b7556a,"santo andre",SP,9015,credit_card,1,1,59.99,8.88,68.87,"2018-04-12 17:55:25","2018-04-06 17:45:28","2018-04-06 17:55:25","2018-04-09 23:21:48","2018-04-11 17:24:39","2018-04-24 00:00:00",Friday,April,2018,April-2018,delivered,1643b03ca11567c439096a981a2dc14c-1
932,1c485e0055f428b859596cd4fc454aca,1,87ed80c76e0cb513456b7429a879e44a,471eeb4cdf50d181efae4a7ffb25749c,56280,araripina,PE,d63c1011f49d98b976c352955b1c4bea,beleza_saude,57,614,1,950,35,25,20,cc419e0650a3c5ba77189a1882b7556a,"santo andre",SP,9015,credit_card,1,3,59.99,26.96,86.95,"2018-02-09 16:09:39","2018-02-04 15:51:56","2018-02-04 16:09:39","2018-02-06 22:28:58","2018-02-28 21:37:14","2018-03-14 00:00:00",Sunday,February,2018,February-2018,delivered,1c485e0055f428b859596cd4fc454aca-1
933,209addb62d4e3c8c3e8b364d841b4d58,1,db0f7940d5297fdb2a1c53161dbeace2,d765658873d327f9435dd921f260d07b,9080,"santo andre",SP,d63c1011f49d98b976c352955b1c4bea,beleza_saude,57,614,1,950,35,25,20,cc419e0650a3c5ba77189a1882b7556a,"santo andre",SP,9015,credit_card,1,1,59.99,8.88,68.87,"2018-04-12 13:35:17","2018-04-08 13:22:20","2018-04-08 13:35:17","2018-04-09 19:48:37","2018-04-11 12:58:45","2018-04-25 00:00:00",Sunday,April,2018,April-2018,delivered,209addb62d4e3c8c3e8b364d841b4d58-1
934,38ca4b9ca59f1a7df492ff59834aaa42,1,ad6290b75f7f056d101d5193c8a9014c,69abb26d2334dc4f4c622b76a5f4f3e9,6243,osasco,SP,d63c1011f49d98b976c352955b1c4bea,beleza_saude,57,614,1,950,35,25,20,cc419e0650a3c5ba77189a1882b7556a,"santo andre",SP,9015,credit_card,1,3,59.99,8.88,68.87,"2018-04-12 00:09:25","2018-04-04 00:02:48","2018-04-05 00:09:25","2018-04-05 19:03:15","2018-04-07 02:19:12","2018-04-23 00:00:00",Wednesday,April,2018,April-2018,delivered,38ca4b9ca59f1a7df492ff59834aaa42-1
935,398545ae905dad286c70f01c7e7311e1,1,8241b47bcf8f1250d9d5416c4f8cd9bb,f2f850bf414ea87b12ddcd13a910bd68,29345,marataizes,ES,d63c1011f49d98b976c352955b1c4bea,beleza_saude,57,614,1,950,35,25,20,cc419e0650a3c5ba77189a1882b7556a,"santo andre",SP,9015,boleto,1,1,59.99,19.39,158.76,"2018-04-12 03:28:44","2018-04-04 21:12:12","2018-04-06 03:28:44","2018-04-07 01:10:59","2018-04-28 16:12:17","2018-05-03 00:00:00",Wednesday,April,2018,April-2018,delivered,398545ae905dad286c70f01c7e7311e1-1
936,398545ae905dad286c70f01c7e7311e1,2,8241b47bcf8f1250d9d5416c4f8cd9bb,f2f850bf414ea87b12ddcd13a910bd68,29345,marataizes,ES,d63c1011f49d98b976c352955b1c4bea,beleza_saude,57,614,1,950,35,25,20,cc419e0650a3c5ba77189a1882b7556a,"santo andre",SP,9015,boleto,1,1,59.99,19.39,158.76,"2018-04-12 03:28:44","2018-04-04 21:12:12","2018-04-06 03:28:44","2018-04-07 01:10:59","2018-04-28 16:12:17","2018-05-03 00:00:00",Wednesday,April,2018,April-2018,delivered,398545ae905dad286c70f01c7e7311e1-2
937,3b61275de41f60d8e48bef3f42ac8bed,1,cfea8643620e714a7f1344226e2bc21c,a81f69b81336c62eec8de5b0c2996e02,13276,valinhos,SP,d63c1011f49d98b976c352955b1c4bea,beleza_saude,57,614,1,950,35,25,20,cc419e0650a3c5ba77189a1882b7556a,"santo andre",SP,9015,credit_card,1,2,59.99,11.15,71.14,"2018-06-12 21:30:34","2018-06-10 21:08:01","2018-06-10 21:37:08","2018-06-11 15:17:00","2018-06-13 22:28:41","2018-06-20 00:00:00",Sunday,June,2018,June-2018,delivered,3b61275de41f60d8e48bef3f42ac8bed-1
938,3d56cf18c16869e9c0d59c4460a0aa30,1,a3243fbd504be273ba8e4519280ed00a,f4a1113ec504e8b0f2e381dbed177712,32113,contagem,MG,d63c1011f49d98b976c352955b1c4bea,beleza_saude,57,614,1,950,35,25,20,cc419e0650a3c5ba77189a1882b7556a,"santo andre",SP,9015,boleto,1,1,59.99,15.18,75.17,"2018-01-25 02:11:55","2018-01-17 01:50:39","2018-01-18 02:11:55","2018-01-19 03:09:54","2018-01-23 19:03:56","2018-02-08 00:00:00",Wednesday,January,2018,January-2018,delivered,3d56cf18c16869e9c0d59c4460a0aa30-1
939,3f515b21edaaa117bbab2833ce2cae32,1,8c49836680a00b97d63059dc43458e50,3c9ee9d8004a02d1956ee4dca5a572ce,18080,sorocaba,SP,d63c1011f49d98b976c352955b1c4bea,beleza_saude,57,614,1,950,35,25,20,cc419e0650a3c5ba77189a1882b7556a,"santo andre",SP,9015,credit_card,1,1,59.99,9.34,9.33,"2018-02-02 11:40:24","2018-01-26 11:31:25","2018-01-26 11:40:24","2018-01-26 21:03:52","2018-01-29 18:35:16","2018-02-14 00:00:00",Friday,January,2018,January-2018,delivered,3f515b21edaaa117bbab2833ce2cae32-1
940,3f515b21edaaa117bbab2833ce2cae32,1,8c49836680a00b97d63059dc43458e50,3c9ee9d8004a02d1956ee4dca5a572ce,18080,sorocaba,SP,d63c1011f49d98b976c352955b1c4bea,beleza_saude,57,614,1,950,35,25,20,cc419e0650a3c5ba77189a1882b7556a,"santo andre",SP,9015,voucher,4,1,59.99,9.34,20,"2018-02-02 11:40:24","2018-01-26 11:31:25","2018-01-26 11:40:24","2018-01-26 21:03:52","2018-01-29 18:35:16","2018-02-14 00:00:00",Friday,January,2018,January-2018,delivered,3f515b21edaaa117bbab2833ce2cae32-1
941,3f515b21edaaa117bbab2833ce2cae32,1,8c49836680a00b97d63059dc43458e50,3c9ee9d8004a02d1956ee4dca5a572ce,18080,sorocaba,SP,d63c1011f49d98b976c352955b1c4bea,beleza_saude,57,614,1,950,35,25,20,cc419e0650a3c5ba77189a1882b7556a,"santo andre",SP,9015,voucher,3,1,59.99,9.34,20,"2018-02-02 11:40:24","2018-01-26 11:31:25","2018-01-26 11:40:24","2018-01-26 21:03:52","2018-01-29 18:35:16","2018-02-14 00:00:00",Friday,January,2018,January-2018,delivered,3f515b21edaaa117bbab2833ce2cae32-1
942,3f515b21edaaa117bbab2833ce2cae32,1,8c49836680a00b97d63059dc43458e50,3c9ee9d8004a02d1956ee4dca5a572ce,18080,sorocaba,SP,d63c1011f49d98b976c352955b1c4bea,beleza_saude,57,614,1,950,35,25,20,cc419e0650a3c5ba77189a1882b7556a,"santo andre",SP,9015,voucher,2,1,59.99,9.34,20,"2018-02-02 11:40:24","2018-01-26 11:31:25","2018-01-26 11:40:24","2018-01-26 21:03:52","2018-01-29 18:35:16","2018-02-14 00:00:00",Friday,January,2018,January-2018,delivered,3f515b21edaaa117bbab2833ce2cae32-1
943,41c45378fe62363faf80c45523a198f1,1,c68273998ee18269998844883ed238bb,a8682c0f1c575484ebae6e5e962f6965,18055,sorocaba,SP,d63c1011f49d98b976c352955b1c4bea,beleza_saude,57,614,1,950,35,25,20,cc419e0650a3c5ba77189a1882b7556a,"santo andre",SP,9015,boleto,1,1,49.99,8.72,117.42,"2017-07-25 05:50:19","2017-07-16 19:03:15","2017-07-18 05:50:19","2017-07-19 16:41:59","2017-07-20 18:04:41","2017-08-02 00:00:00",Sunday,July,2017,July-2017,delivered,41c45378fe62363faf80c45523a198f1-1
944,41c45378fe62363faf80c45523a198f1,2,c68273998ee18269998844883ed238bb,a8682c0f1c575484ebae6e5e962f6965,18055,sorocaba,SP,d63c1011f49d98b976c352955b1c4bea,beleza_saude,57,614,1,950,35,25,20,cc419e0650a3c5ba77189a1882b7556a,"santo andre",SP,9015,boleto,1,1,49.99,8.72,117.42,"2017-07-25 05:50:19","2017-07-16 19:03:15","2017-07-18 05:50:19","2017-07-19 16:41:59","2017-07-20 18:04:41","2017-08-02 00:00:00",Sunday,July,2017,July-2017,delivered,41c45378fe62363faf80c45523a198f1-2
945,4b88668564375e386936d591619a422c,1,ff4ead15d934b5b5896ca73904d07f66,2ce81600d264e61fe46c8cadffd18db5,6786,"taboao da serra",SP,d63c1011f49d98b976c352955b1c4bea,beleza_saude,57,614,1,950,35,25,20,cc419e0650a3c5ba77189a1882b7556a,"santo andre",SP,9015,credit_card,1,3,59.99,8.88,68.87,"2018-04-23 17:15:18","2018-04-17 17:05:07","2018-04-17 17:15:18","2018-04-19 02:13:31","2018-04-20 19:28:50","2018-05-04 00:00:00",Tuesday,April,2018,April-2018,delivered,4b88668564375e386936d591619a422c-1
946,4dcc004247da52d053a714e7af29450b,1,b4161ffae9931bb851955779d2cda207,31f50c5b99ae42ca4edb4db95970a16e,69042,manaus,AM,d63c1011f49d98b976c352955b1c4bea,beleza_saude,57,614,1,950,35,25,20,cc419e0650a3c5ba77189a1882b7556a,"santo andre",SP,9015,credit_card,1,4,59.99,26.97,86.96,"2018-06-15 11:31:20","2018-06-07 10:58:35","2018-06-07 11:37:01","2018-06-11 09:20:00","2018-07-04 19:58:41","2018-08-08 00:00:00",Thursday,June,2018,June-2018,delivered,4dcc004247da52d053a714e7af29450b-1
947,58e1a22619f23efd803e43cc8c65908e,1,82542527cac8f163e3cd0eda2870d99c,1d8653fe65c9a23be3253690dd79e3ea,82820,curitiba,PR,d63c1011f49d98b976c352955b1c4bea,beleza_saude,57,614,1,950,35,25,20,cc419e0650a3c5ba77189a1882b7556a,"santo andre",SP,9015,credit_card,1,2,59.99,16.39,76.38,"2018-04-03 21:46:44","2018-03-27 21:27:40","2018-03-27 21:46:44","2018-03-28 19:59:50","2018-04-06 00:52:01","2018-04-17 00:00:00",Tuesday,March,2018,March-2018,delivered,58e1a22619f23efd803e43cc8c65908e-1
948,5990cd4266558bd21aa365d33ab9747f,1,abb093f278c789101904f6043539dc0f,8739df4f6b3e238f4f4df763ca7fb8ac,15043,"sao jose do rio preto",SP,d63c1011f49d98b976c352955b1c4bea,beleza_saude,57,614,1,950,35,25,20,cc419e0650a3c5ba77189a1882b7556a,"santo andre",SP,9015,boleto,1,1,49.99,11.85,61.84,"2017-08-04 02:30:33","2017-07-28 10:11:53","2017-07-29 02:30:33","2017-07-31 16:42:00","2017-08-07 18:47:35","2017-08-18 00:00:00",Friday,July,2017,July-2017,delivered,5990cd4266558bd21aa365d33ab9747f-1
949,5d9b03cb14fe4fbb8f4e9f3de26048f2,1,2eaf94a9ba1341b238ce32c43a9a848c,07587576616fb49706b3536664386bdf,8270,"sao paulo",SP,d63c1011f49d98b976c352955b1c4bea,beleza_saude,57,614,1,950,35,25,20,cc419e0650a3c5ba77189a1882b7556a,"santo andre",SP,9015,credit_card,1,2,59.99,11.44,71.43,"2018-06-26 15:30:46","2018-06-22 15:11:49","2018-06-22 15:38:22","2018-06-25 13:45:00","2018-06-28 17:58:30","2018-07-05 00:00:00",Friday,June,2018,June-2018,delivered,5d9b03cb14fe4fbb8f4e9f3de26048f2-1
950,664826d0bc1679cf79ba25b58e2971a9,1,0bc91e14cb93aab1b6f6730922a31aad,c2a444c39a2d87b50039f910db917e3d,37551,"pouso alegre",MG,d63c1011f49d98b976c352955b1c4bea,beleza_saude,57,614,1,950,35,25,20,cc419e0650a3c5ba77189a1882b7556a,"santo andre",SP,9015,credit_card,1,2,59.99,12.76,72.75,"2018-01-15 11:35:34","2018-01-08 11:28:06","2018-01-08 11:35:34","2018-01-10 20:23:10","2018-01-15 21:06:20","2018-01-31 00:00:00",Monday,January,2018,January-2018,delivered,664826d0bc1679cf79ba25b58e2971a9-1
951,7753606fb1d0067848f8a1a7ae5abefa,1,5c4a6f6b98ec2d780b10f1cc88ef208f,cc77e2bf7a54937f23c5534a4b4742d7,4856,"sao paulo",SP,d63c1011f49d98b976c352955b1c4bea,beleza_saude,57,614,1,950,35,25,20,cc419e0650a3c5ba77189a1882b7556a,"santo andre",SP,9015,credit_card,1,1,59.99,8.88,137.74,"2018-05-08 15:58:53","2018-05-02 13:17:54","2018-05-02 15:58:53","2018-05-04 15:20:00","2018-05-23 17:51:15","2018-05-16 00:00:00",Wednesday,May,2018,May-2018,delivered,7753606fb1d0067848f8a1a7ae5abefa-1
952,7753606fb1d0067848f8a1a7ae5abefa,2,5c4a6f6b98ec2d780b10f1cc88ef208f,cc77e2bf7a54937f23c5534a4b4742d7,4856,"sao paulo",SP,d63c1011f49d98b976c352955b1c4bea,beleza_saude,57,614,1,950,35,25,20,cc419e0650a3c5ba77189a1882b7556a,"santo andre",SP,9015,credit_card,1,1,59.99,8.88,137.74,"2018-05-08 15:58:53","2018-05-02 13:17:54","2018-05-02 15:58:53","2018-05-04 15:20:00","2018-05-23 17:51:15","2018-05-16 00:00:00",Wednesday,May,2018,May-2018,delivered,7753606fb1d0067848f8a1a7ae5abefa-2
953,8bb658a8c9f7773ab13ce80bc87ccff9,1,4c58cd3aa777a1cebbec7e671e7870af,e1d4bf0c1a1c7a5cb61304ba1550b030,29193,aracruz,ES,d63c1011f49d98b976c352955b1c4bea,beleza_saude,57,614,1,950,35,25,20,cc419e0650a3c5ba77189a1882b7556a,"santo andre",SP,9015,credit_card,1,1,59.99,23.22,83.21,"2018-06-13 19:32:09","2018-06-11 19:19:33","2018-06-11 19:41:32","2018-06-13 14:38:00","2018-06-30 18:41:56","2018-07-04 00:00:00",Monday,June,2018,June-2018,delivered,8bb658a8c9f7773ab13ce80bc87ccff9-1
954,8bec10779c439cbca16b5d86fae19f72,1,1fa8883eaf19c9adbe1ca73b326f9a34,233a824b1abbd1a1e4a3b034db7020a6,2759,"sao paulo",SP,d63c1011f49d98b976c352955b1c4bea,beleza_saude,57,614,1,950,35,25,20,cc419e0650a3c5ba77189a1882b7556a,"santo andre",SP,9015,credit_card,1,2,59.99,9.34,69.33,"2018-02-20 14:07:58","2018-02-13 14:44:19","2018-02-13 15:07:58","2018-02-14 19:12:33","2018-02-24 16:26:53","2018-02-21 00:00:00",Tuesday,February,2018,February-2018,delivered,8bec10779c439cbca16b5d86fae19f72-1
955,92d82a97b257e7e81b567f8ceb8b89a3,1,fd65e5fe0237e5d9d5a346ed57652831,32a86b4104156ff372232e52478e7f86,38400,uberlandia,MG,d63c1011f49d98b976c352955b1c4bea,beleza_saude,57,614,1,950,35,25,20,cc419e0650a3c5ba77189a1882b7556a,"santo andre",SP,9015,credit_card,1,4,59.99,23.22,83.21,"2018-06-15 09:40:18","2018-06-13 09:18:06","2018-06-13 09:40:18","2018-06-13 14:36:00","2018-06-18 16:17:47","2018-07-04 00:00:00",Wednesday,June,2018,June-2018,delivered,92d82a97b257e7e81b567f8ceb8b89a3-1
956,932917bf5776b6b41c8184cde607a9bd,1,241510e91b641dc4a5646cb954e58cd3,c926c68941389205342644381632f8fb,5089,"sao paulo",SP,d63c1011f49d98b976c352955b1c4bea,beleza_saude,57,614,1,950,35,25,20,cc419e0650a3c5ba77189a1882b7556a,"santo andre",SP,9015,credit_card,1,1,59.99,8.88,68.87,"2018-03-27 23:31:42","2018-03-20 23:22:54","2018-03-20 23:35:31","2018-03-21 21:54:30","2018-03-24 02:06:09","2018-04-03 00:00:00",Tuesday,March,2018,March-2018,delivered,932917bf5776b6b41c8184cde607a9bd-1
957,965e8f78c89b04c028a6713e589c06d2,1,5a92af0269b42d98e7343508638245ed,db199a1ba473e541c93f0d11564079f1,14815,ibate,SP,d63c1011f49d98b976c352955b1c4bea,beleza_saude,57,614,1,950,35,25,20,cc419e0650a3c5ba77189a1882b7556a,"santo andre",SP,9015,voucher,1,1,59.99,12.76,72.75,"2018-01-11 21:49:25","2018-01-04 21:40:58","2018-01-04 21:49:25","2018-01-05 23:53:39","2018-01-10 11:59:00","2018-01-30 00:00:00",Thursday,January,2018,January-2018,delivered,965e8f78c89b04c028a6713e589c06d2-1
958,9d5cb249282fe0755163341be5939869,1,20e47a8830fa291c2be8179e9e6af0ca,8c663c472657b90519b851bd8d779796,2227,"sao paulo",SP,d63c1011f49d98b976c352955b1c4bea,beleza_saude,57,614,1,950,35,25,20,cc419e0650a3c5ba77189a1882b7556a,"santo andre",SP,9015,credit_card,1,2,59.99,8.88,68.87,"2018-05-23 09:10:38","2018-05-21 08:52:30","2018-05-21 09:10:38","2018-05-22 13:46:00","2018-05-23 19:28:47","2018-05-29 00:00:00",Monday,May,2018,May-2018,delivered,9d5cb249282fe0755163341be5939869-1
959,9e52b130c2b57f5dbff34caec0e04467,1,1c6f43948a70aab39fae79e09b228c59,81e8c1216588dcfc00d6811d820e9f73,29820,"agua doce do norte",ES,d63c1011f49d98b976c352955b1c4bea,beleza_saude,57,614,1,950,35,25,20,cc419e0650a3c5ba77189a1882b7556a,"santo andre",SP,9015,credit_card,1,1,59.99,16.18,152.34,"2018-01-15 20:08:22","2018-01-08 19:54:24","2018-01-08 20:08:22","2018-01-10 19:39:19","2018-01-17 18:22:54","2018-02-06 00:00:00",Monday,January,2018,January-2018,delivered,9e52b130c2b57f5dbff34caec0e04467-1
960,9e52b130c2b57f5dbff34caec0e04467,2,1c6f43948a70aab39fae79e09b228c59,81e8c1216588dcfc00d6811d820e9f73,29820,"agua doce do norte",ES,d63c1011f49d98b976c352955b1c4bea,beleza_saude,57,614,1,950,35,25,20,cc419e0650a3c5ba77189a1882b7556a,"santo andre",SP,9015,credit_card,1,1,59.99,16.18,152.34,"2018-01-15 20:08:22","2018-01-08 19:54:24","2018-01-08 20:08:22","2018-01-10 19:39:19","2018-01-17 18:22:54","2018-02-06 00:00:00",Monday,January,2018,January-2018,delivered,9e52b130c2b57f5dbff34caec0e04467-2
961,9f98d5dd7d91eb6e4b16499e2a9688c6,1,d928c613175499a892ce4b80342d7e81,bc75609227330fe20016b26cf6fb43f8,25036,"duque de caxias",RJ,d63c1011f49d98b976c352955b1c4bea,beleza_saude,57,614,1,950,35,25,20,cc419e0650a3c5ba77189a1882b7556a,"santo andre",SP,9015,credit_card,1,2,59.99,15.18,75.17,"2017-10-20 15:28:22","2017-10-13 14:17:19","2017-10-13 14:28:22","2017-10-17 17:07:57","2017-10-24 17:49:12","2017-11-03 00:00:00",Friday,October,2017,October-2017,delivered,9f98d5dd7d91eb6e4b16499e2a9688c6-1
962,a48ae75aa612f90baba858aec925314b,1,305ef4f0803592a0f0ea0c55091d76bd,9ff0bfd41ebac11b8dabee2de4bc9a31,78735,rondonopolis,MT,d63c1011f49d98b976c352955b1c4bea,beleza_saude,57,614,1,950,35,25,20,cc419e0650a3c5ba77189a1882b7556a,"santo andre",SP,9015,credit_card,1,2,59.99,23.35,83.34,"2018-04-19 18:11:50","2018-04-13 17:57:19","2018-04-13 18:11:50","2018-04-16 16:28:26","2018-05-03 18:11:56","2018-05-15 00:00:00",Friday,April,2018,April-2018,delivered,a48ae75aa612f90baba858aec925314b-1
963,a63677aa9aeae51c42728b18555df877,1,c99b0d13ba87e0a2a17cd0a907cab66c,c27284bd896b69adb3246df8e2c387b8,36740,recreio,MG,d63c1011f49d98b976c352955b1c4bea,beleza_saude,57,614,1,950,35,25,20,cc419e0650a3c5ba77189a1882b7556a,"santo andre",SP,9015,credit_card,1,3,59.99,15.17,75.16,"2017-08-15 23:15:14","2017-08-08 22:59:59","2017-08-08 23:15:14","2017-08-10 13:27:41","2017-08-18 17:28:31","2017-08-31 00:00:00",Tuesday,August,2017,August-2017,delivered,a63677aa9aeae51c42728b18555df877-1
964,a866b07e589705b11b38db08e93e6f5b,1,45d69248583acb20360cac1bfc1bbf2c,35a537b3d1e5b3ec614e38cb3726d59c,39390,bocaiuva,MG,d63c1011f49d98b976c352955b1c4bea,beleza_saude,57,614,1,950,35,25,20,cc419e0650a3c5ba77189a1882b7556a,"santo andre",SP,9015,credit_card,1,2,59.99,16.18,76.17,"2018-02-23 14:30:22","2018-02-16 15:18:45","2018-02-16 15:30:22","2018-02-21 23:49:06","2018-03-03 17:51:22","2018-03-14 00:00:00",Friday,February,2018,February-2018,delivered,a866b07e589705b11b38db08e93e6f5b-1
965,a89532f439dee652b2e9bc7bc3af44c7,1,1c0cf5b6dc8b8c2c166b6566e1005db8,218798a3387a73290378e1eeea310aa7,21073,"rio de janeiro",RJ,d63c1011f49d98b976c352955b1c4bea,beleza_saude,57,614,1,950,35,25,20,cc419e0650a3c5ba77189a1882b7556a,"santo andre",SP,9015,credit_card,1,3,59.99,16.39,76.38,"2018-03-26 18:15:51","2018-03-19 17:54:45","2018-03-19 18:15:51","2018-03-21 19:14:46","2018-04-03 23:46:37","2018-04-20 00:00:00",Monday,March,2018,March-2018,delivered,a89532f439dee652b2e9bc7bc3af44c7-1
966,bf941d5fc1bc7b644937b66246ad2150,1,fdb7df20df882fb648837ef2a96ff36b,bae1f64666b64b2d299b4a075be6b2d2,23520,"rio de janeiro",RJ,d63c1011f49d98b976c352955b1c4bea,beleza_saude,57,614,1,950,35,25,20,cc419e0650a3c5ba77189a1882b7556a,"santo andre",SP,9015,credit_card,1,7,59.99,15.18,75.17,"2017-10-06 14:39:02","2017-09-29 14:22:14","2017-09-29 14:39:02","2017-10-03 13:46:47","2017-10-14 12:21:41","2017-10-24 00:00:00",Friday,September,2017,September-2017,delivered,bf941d5fc1bc7b644937b66246ad2150-1
967,c442abd5622d3602e7e1951edacfd007,1,48de0ee37af96ec27bed6414c071d5fa,59213e6a25258039405a711ff8dac4f1,7713,caieiras,SP,d63c1011f49d98b976c352955b1c4bea,beleza_saude,57,614,1,950,35,25,20,cc419e0650a3c5ba77189a1882b7556a,"santo andre",SP,9015,credit_card,1,2,59.99,9.34,69.33,"2017-11-30 22:31:37","2017-11-24 19:05:35","2017-11-24 22:33:17","2017-11-28 21:43:01","2017-11-29 18:10:00","2017-12-11 00:00:00",Friday,November,2017,November-2017,delivered,c442abd5622d3602e7e1951edacfd007-1
968,c7334d7e05d30a59be01b74a71a53b9a,1,053bccd4465d25600d95df22e1eaa46d,bdbfc5769626d260e788990d3c36f114,8081,"sao paulo",SP,d63c1011f49d98b976c352955b1c4bea,beleza_saude,57,614,1,950,35,25,20,cc419e0650a3c5ba77189a1882b7556a,"santo andre",SP,9015,credit_card,1,3,59.99,9.34,69.33,"2018-01-18 14:27:46","2018-01-11 14:18:08","2018-01-11 14:27:46","2018-01-15 15:24:52","2018-01-19 22:42:20","2018-01-29 00:00:00",Thursday,January,2018,January-2018,delivered,c7334d7e05d30a59be01b74a71a53b9a-1
969,cae48a69bb1092bfbb8a65b42211a9dc,1,ff46d91a9635a0e6f8108d75516a759c,d706dca87c217f97cb220eb8a33dc19d,37750,machado,MG,d63c1011f49d98b976c352955b1c4bea,beleza_saude,57,614,1,950,35,25,20,cc419e0650a3c5ba77189a1882b7556a,"santo andre",SP,9015,credit_card,1,3,59.99,15.17,75.16,"2017-08-16 22:43:53","2017-08-09 22:26:32","2017-08-09 22:43:53","2017-08-11 13:36:57","2017-08-17 15:25:18","2017-09-01 00:00:00",Wednesday,August,2017,August-2017,delivered,cae48a69bb1092bfbb8a65b42211a9dc-1
970,cf02431ed62ac1e9b3e2572201295463,1,b6f349df1779e320a4552cef211e5d5e,6de78a9681ca952a92d3bca63e44f9c4,6449,barueri,SP,d63c1011f49d98b976c352955b1c4bea,beleza_saude,57,614,1,950,35,25,20,cc419e0650a3c5ba77189a1882b7556a,"santo andre",SP,9015,boleto,1,1,59.99,9.34,69.33,"2018-01-04 04:07:42","2017-12-23 10:07:49","2017-12-27 04:07:42","2017-12-27 18:28:45","2017-12-28 19:49:23","2018-01-16 00:00:00",Saturday,December,2017,December-2017,delivered,cf02431ed62ac1e9b3e2572201295463-1
971,d11c4164f4abab90d9262e2f1adcabb0,1,a41c9b1adbaa6df804ab7f2593a84608,6f14cbb92ac1a10216d9cfd2e2107b6a,1135,"sao paulo",SP,d63c1011f49d98b976c352955b1c4bea,beleza_saude,57,614,1,950,35,25,20,cc419e0650a3c5ba77189a1882b7556a,"santo andre",SP,9015,boleto,1,1,59.99,11.44,71.43,"2018-07-03 02:55:21","2018-06-28 08:44:08","2018-06-29 02:55:21","2018-06-29 15:09:00","2018-07-02 16:05:52","2018-07-12 00:00:00",Thursday,June,2018,June-2018,delivered,d11c4164f4abab90d9262e2f1adcabb0-1
972,d38498914fcdcab530c34c8f3dc7b5c1,1,0a935f8f879384605489d624e6668dac,b6c07b5a55f8ab352b76e9cacfb38b44,29126,"vila velha",ES,d63c1011f49d98b976c352955b1c4bea,beleza_saude,57,614,1,950,35,25,20,cc419e0650a3c5ba77189a1882b7556a,"santo andre",SP,9015,credit_card,1,1,59.99,15.18,75.17,"2018-01-16 20:49:57","2018-01-09 20:30:41","2018-01-10 10:32:35","2018-01-11 19:04:10","2018-01-19 23:47:23","2018-02-01 00:00:00",Tuesday,January,2018,January-2018,delivered,d38498914fcdcab530c34c8f3dc7b5c1-1
973,da0361ddfa13e2463678f03b44cd7c7c,1,03c2071df0b83e7d7281d0ae9871d4e5,c7160937986e1e6f542a2e3308aa72a0,4822,"sao paulo",SP,d63c1011f49d98b976c352955b1c4bea,beleza_saude,57,614,1,950,35,25,20,cc419e0650a3c5ba77189a1882b7556a,"santo andre",SP,9015,boleto,1,1,49.99,8.72,58.71,"2017-07-28 02:23:12","2017-07-21 13:25:48","2017-07-22 02:23:12","2017-07-25 19:37:50","2017-08-01 17:06:02","2017-08-04 00:00:00",Friday,July,2017,July-2017,delivered,da0361ddfa13e2463678f03b44cd7c7c-1
974,df07571cefaed71337a66295010ddb44,1,357ea86137051c554e5a5f673ad8e14a,62e2de03150e64b4ebe3fde98b934b72,5510,"sao paulo",SP,d63c1011f49d98b976c352955b1c4bea,beleza_saude,57,614,1,950,35,25,20,cc419e0650a3c5ba77189a1882b7556a,"santo andre",SP,9015,credit_card,1,2,59.99,9.34,69.33,"2017-10-06 15:14:25","2017-09-30 15:04:50","2017-09-30 15:14:25","2017-10-03 17:17:34","2017-10-10 19:23:03","2017-10-19 00:00:00",Saturday,September,2017,September-2017,delivered,df07571cefaed71337a66295010ddb44-1
975,e0d01033a569b492f76a8fc5d333cda1,1,d99426441f683e973cb56d6a5f9fb4bb,979f47d601dcb9ca554e972dafe2690e,1403,"sao paulo",SP,d63c1011f49d98b976c352955b1c4bea,beleza_saude,57,614,1,950,35,25,20,cc419e0650a3c5ba77189a1882b7556a,"santo andre",SP,9015,credit_card,1,1,59.99,8.88,68.87,"2018-04-05 20:15:17","2018-03-29 19:59:31","2018-03-29 20:15:17","2018-04-02 18:28:37","2018-04-03 20:46:47","2018-04-12 00:00:00",Thursday,March,2018,March-2018,delivered,e0d01033a569b492f76a8fc5d333cda1-1
976,e5be01fc8670f32ae3555c7e35f89086,1,a6eb4134864cb28ccc4b0436273f37f5,aa85718ac16de860638fec54c25ed38c,81230,curitiba,PR,d63c1011f49d98b976c352955b1c4bea,beleza_saude,57,614,1,950,35,25,20,cc419e0650a3c5ba77189a1882b7556a,"santo andre",SP,9015,boleto,1,1,59.99,16.39,76.38,"2018-03-14 02:15:53","2018-03-05 22:32:29","2018-03-07 02:15:53","2018-03-07 23:33:52","2018-03-14 17:36:38","2018-03-23 00:00:00",Monday,March,2018,March-2018,delivered,e5be01fc8670f32ae3555c7e35f89086-1
977,f5248851770f05fc31f3915accb0bcff,1,2dbb87e382aba3b28963aaa6fcaf7132,445419b1327cc8f5219514a87d043e8c,15730,marinopolis,SP,d63c1011f49d98b976c352955b1c4bea,beleza_saude,57,614,1,950,35,25,20,cc419e0650a3c5ba77189a1882b7556a,"santo andre",SP,9015,credit_card,1,1,59.99,13.78,73.77,"2018-03-14 22:15:39","2018-03-07 22:03:04","2018-03-07 22:15:39","2018-03-08 21:57:21","2018-03-14 20:58:21","2018-03-26 00:00:00",Wednesday,March,2018,March-2018,delivered,f5248851770f05fc31f3915accb0bcff-1
978,fbd0115d6ad4a47c2b80a49014956a0e,1,857aad3974a0fa1ff317926ea1347b81,c9913dda773d808db384a9f4552a47ff,32604,betim,MG,d63c1011f49d98b976c352955b1c4bea,beleza_saude,57,614,1,950,35,25,20,cc419e0650a3c5ba77189a1882b7556a,"santo andre",SP,9015,boleto,1,1,59.99,18,77.99,"2018-06-12 13:30:48","2018-06-08 12:20:50","2018-06-08 14:30:51","2018-06-11 13:06:00","2018-06-15 13:03:57","2018-06-26 00:00:00",Friday,June,2018,June-2018,delivered,fbd0115d6ad4a47c2b80a49014956a0e-1
979,0080eebb288dba1857ccf048dfe6bdfe,1,6dc7d8b1ac961fe9d43edb6ecadd5f10,1024d89da874e3e84179752404838ab0,80210,curitiba,PR,2083a6feb4bbb31f6abc92fc24e468c0,telefonia,56,3135,2,150,19,15,15,cc419e0650a3c5ba77189a1882b7556a,"santo andre",SP,9015,voucher,1,1,7,14.1,21.1,"2017-08-21 17:45:16","2017-08-11 17:43:46","2017-08-12 17:45:16","2017-08-15 15:52:35","2017-08-18 20:35:02","2017-09-06 00:00:00",Friday,August,2017,August-2017,delivered,0080eebb288dba1857ccf048dfe6bdfe-1
980,248deaf17cc9c8619b300bc14a6044c9,1,37fabcd441dba986055c4d49066f3757,2a0b515b238d40717a2579f1cfcd49d0,2435,"sao paulo",SP,2083a6feb4bbb31f6abc92fc24e468c0,telefonia,56,3135,2,150,19,15,15,cc419e0650a3c5ba77189a1882b7556a,"santo andre",SP,9015,boleto,1,1,7,7.39,14.39,"2018-04-11 05:50:26","2018-03-31 12:12:49","2018-04-03 05:50:26","2018-04-04 17:26:32","2018-04-05 18:42:37","2018-04-16 00:00:00",Saturday,March,2018,March-2018,delivered,248deaf17cc9c8619b300bc14a6044c9-1
981,2909debcb57debbbdfe7034eaf7b28bc,1,dda8cbe4da08bbd6d553c7d9ce5769a2,7fd5ec755163671e2eb2679b4bfb35b0,17890,junqueiropolis,SP,2083a6feb4bbb31f6abc92fc24e468c0,telefonia,56,3135,2,150,19,15,15,cc419e0650a3c5ba77189a1882b7556a,"santo andre",SP,9015,boleto,1,1,7,11.85,18.85,"2017-06-21 04:43:07","2017-06-10 17:06:01","2017-06-13 04:43:07","2017-06-14 12:45:02","2017-06-19 16:28:02","2017-07-05 00:00:00",Saturday,June,2017,June-2017,delivered,2909debcb57debbbdfe7034eaf7b28bc-1
982,2f839b79d9954ebfedeeba654f0f3de8,1,cb2906897f54322ccb67f79029cb09d1,f6ce56125dd12927a023b879008a5ced,9892,"sao bernardo do campo",SP,2083a6feb4bbb31f6abc92fc24e468c0,telefonia,56,3135,2,150,19,15,15,cc419e0650a3c5ba77189a1882b7556a,"santo andre",SP,9015,credit_card,1,1,7,7.39,71.95,"2018-04-03 14:50:21","2018-03-26 14:40:10","2018-03-26 14:50:21","2018-03-28 21:46:43","2018-03-29 22:56:31","2018-04-10 00:00:00",Monday,March,2018,March-2018,delivered,2f839b79d9954ebfedeeba654f0f3de8-1
983,2f839b79d9954ebfedeeba654f0f3de8,2,cb2906897f54322ccb67f79029cb09d1,f6ce56125dd12927a023b879008a5ced,9892,"sao bernardo do campo",SP,2083a6feb4bbb31f6abc92fc24e468c0,telefonia,56,3135,2,150,19,15,15,cc419e0650a3c5ba77189a1882b7556a,"santo andre",SP,9015,credit_card,1,1,7,7.39,71.95,"2018-04-03 14:50:21","2018-03-26 14:40:10","2018-03-26 14:50:21","2018-03-28 21:46:43","2018-03-29 22:56:31","2018-04-10 00:00:00",Monday,March,2018,March-2018,delivered,2f839b79d9954ebfedeeba654f0f3de8-2
984,2f839b79d9954ebfedeeba654f0f3de8,3,cb2906897f54322ccb67f79029cb09d1,f6ce56125dd12927a023b879008a5ced,9892,"sao bernardo do campo",SP,2083a6feb4bbb31f6abc92fc24e468c0,telefonia,56,3135,2,150,19,15,15,cc419e0650a3c5ba77189a1882b7556a,"santo andre",SP,9015,credit_card,1,1,7,7.39,71.95,"2018-04-03 14:50:21","2018-03-26 14:40:10","2018-03-26 14:50:21","2018-03-28 21:46:43","2018-03-29 22:56:31","2018-04-10 00:00:00",Monday,March,2018,March-2018,delivered,2f839b79d9954ebfedeeba654f0f3de8-3
985,2f839b79d9954ebfedeeba654f0f3de8,4,cb2906897f54322ccb67f79029cb09d1,f6ce56125dd12927a023b879008a5ced,9892,"sao bernardo do campo",SP,2083a6feb4bbb31f6abc92fc24e468c0,telefonia,56,3135,2,150,19,15,15,cc419e0650a3c5ba77189a1882b7556a,"santo andre",SP,9015,credit_card,1,1,7,7.39,71.95,"2018-04-03 14:50:21","2018-03-26 14:40:10","2018-03-26 14:50:21","2018-03-28 21:46:43","2018-03-29 22:56:31","2018-04-10 00:00:00",Monday,March,2018,March-2018,delivered,2f839b79d9954ebfedeeba654f0f3de8-4
986,2f839b79d9954ebfedeeba654f0f3de8,5,cb2906897f54322ccb67f79029cb09d1,f6ce56125dd12927a023b879008a5ced,9892,"sao bernardo do campo",SP,2083a6feb4bbb31f6abc92fc24e468c0,telefonia,56,3135,2,150,19,15,15,cc419e0650a3c5ba77189a1882b7556a,"santo andre",SP,9015,credit_card,1,1,7,7.39,71.95,"2018-04-03 14:50:21","2018-03-26 14:40:10","2018-03-26 14:50:21","2018-03-28 21:46:43","2018-03-29 22:56:31","2018-04-10 00:00:00",Monday,March,2018,March-2018,delivered,2f839b79d9954ebfedeeba654f0f3de8-5
987,365fb819701436011708b1be4a1d4810,1,f34242a0bf7d9691e3ca46e8eb3f2ddc,2928d77d6c80350ea0b8e912c9defeb1,2976,"sao paulo",SP,2083a6feb4bbb31f6abc92fc24e468c0,telefonia,56,3135,2,150,19,15,15,cc419e0650a3c5ba77189a1882b7556a,"santo andre",SP,9015,credit_card,1,1,7,7.78,29.56,"2017-10-03 12:45:17","2017-09-25 12:31:37","2017-09-25 12:45:17","2017-09-27 15:30:34","2017-09-28 20:02:01","2017-10-13 00:00:00",Monday,September,2017,September-2017,delivered,365fb819701436011708b1be4a1d4810-1
988,365fb819701436011708b1be4a1d4810,2,f34242a0bf7d9691e3ca46e8eb3f2ddc,2928d77d6c80350ea0b8e912c9defeb1,2976,"sao paulo",SP,2083a6feb4bbb31f6abc92fc24e468c0,telefonia,56,3135,2,150,19,15,15,cc419e0650a3c5ba77189a1882b7556a,"santo andre",SP,9015,credit_card,1,1,7,7.78,29.56,"2017-10-03 12:45:17","2017-09-25 12:31:37","2017-09-25 12:45:17","2017-09-27 15:30:34","2017-09-28 20:02:01","2017-10-13 00:00:00",Monday,September,2017,September-2017,delivered,365fb819701436011708b1be4a1d4810-2
989,39ea1041ff8ce5011a3032a46ccf30e3,1,61347faa162c1fbbcaf9020a7111a82b,de7cad0a39eabfa2285ef0b891ef404a,3877,"sao paulo",SP,2083a6feb4bbb31f6abc92fc24e468c0,telefonia,56,3135,2,150,19,15,15,cc419e0650a3c5ba77189a1882b7556a,"santo andre",SP,9015,credit_card,1,1,7,7.78,14.78,"2017-08-08 23:25:24","2017-07-31 23:07:04","2017-07-31 23:25:24","2017-08-02 15:19:36","2017-08-03 17:25:55","2017-08-15 00:00:00",Monday,July,2017,July-2017,delivered,39ea1041ff8ce5011a3032a46ccf30e3-1
990,3dd56a86707d14e6cac73040b282b6f7,1,df530c707fba94774a50985f6c29ba49,51918bf7fe5503914943adb1960b9bf2,89023,blumenau,SC,2083a6feb4bbb31f6abc92fc24e468c0,telefonia,56,3135,2,150,19,15,15,cc419e0650a3c5ba77189a1882b7556a,"santo andre",SP,9015,credit_card,1,4,7,15.1,66.3,"2017-12-04 17:55:22","2017-11-24 15:20:14","2017-11-24 17:55:22","2017-11-28 20:47:55","2017-12-08 19:34:54","2017-12-21 00:00:00",Friday,November,2017,November-2017,delivered,3dd56a86707d14e6cac73040b282b6f7-1
991,3dd56a86707d14e6cac73040b282b6f7,2,df530c707fba94774a50985f6c29ba49,51918bf7fe5503914943adb1960b9bf2,89023,blumenau,SC,2083a6feb4bbb31f6abc92fc24e468c0,telefonia,56,3135,2,150,19,15,15,cc419e0650a3c5ba77189a1882b7556a,"santo andre",SP,9015,credit_card,1,4,7,15.1,66.3,"2017-12-04 17:55:22","2017-11-24 15:20:14","2017-11-24 17:55:22","2017-11-28 20:47:55","2017-12-08 19:34:54","2017-12-21 00:00:00",Friday,November,2017,November-2017,delivered,3dd56a86707d14e6cac73040b282b6f7-2
992,3dd56a86707d14e6cac73040b282b6f7,3,df530c707fba94774a50985f6c29ba49,51918bf7fe5503914943adb1960b9bf2,89023,blumenau,SC,2083a6feb4bbb31f6abc92fc24e468c0,telefonia,56,3135,2,150,19,15,15,cc419e0650a3c5ba77189a1882b7556a,"santo andre",SP,9015,credit_card,1,4,7,15.1,66.3,"2017-12-04 17:55:22","2017-11-24 15:20:14","2017-11-24 17:55:22","2017-11-28 20:47:55","2017-12-08 19:34:54","2017-12-21 00:00:00",Friday,November,2017,November-2017,delivered,3dd56a86707d14e6cac73040b282b6f7-3
993,4092d9bdc6d89d05a6d5be6ef304f627,1,81fc34430fe53bb8eb3b8de3481e0353,3b86802bfba1e5e5ca2ae9923a2686be,13310,itu,SP,2083a6feb4bbb31f6abc92fc24e468c0,telefonia,56,3135,2,150,19,15,15,cc419e0650a3c5ba77189a1882b7556a,"santo andre",SP,9015,boleto,1,1,7,7.78,14.78,"2018-01-22 02:13:10","2018-01-12 14:33:40","2018-01-13 02:13:10","2018-01-15 18:58:30","2018-01-17 17:24:26","2018-01-31 00:00:00",Friday,January,2018,January-2018,delivered,4092d9bdc6d89d05a6d5be6ef304f627-1
994,4ff30df8edae6cbf204b92a93c0b5e0e,1,2a8d142acdfbec6ed74798ccbdacf3d5,571bc5de2aaee849bd60106d118f5644,82310,curitiba,PR,2083a6feb4bbb31f6abc92fc24e468c0,telefonia,56,3135,2,150,19,15,15,cc419e0650a3c5ba77189a1882b7556a,"santo andre",SP,9015,voucher,1,1,7,15.23,7.83,"2018-03-28 00:40:28","2018-03-20 00:27:35","2018-03-20 00:40:28","2018-03-21 18:39:40","2018-04-03 23:56:32","2018-04-11 00:00:00",Tuesday,March,2018,March-2018,delivered,4ff30df8edae6cbf204b92a93c0b5e0e-1
995,4ff30df8edae6cbf204b92a93c0b5e0e,1,2a8d142acdfbec6ed74798ccbdacf3d5,571bc5de2aaee849bd60106d118f5644,82310,curitiba,PR,2083a6feb4bbb31f6abc92fc24e468c0,telefonia,56,3135,2,150,19,15,15,cc419e0650a3c5ba77189a1882b7556a,"santo andre",SP,9015,voucher,2,1,7,15.23,14.4,"2018-03-28 00:40:28","2018-03-20 00:27:35","2018-03-20 00:40:28","2018-03-21 18:39:40","2018-04-03 23:56:32","2018-04-11 00:00:00",Tuesday,March,2018,March-2018,delivered,4ff30df8edae6cbf204b92a93c0b5e0e-1
996,662d5b772be59b4a08a18e2b219555a3,1,e71af2b74b3f43c99ae08245e3b9a120,969c7eec451c4cda4e698a63cb30d5bd,37950,"sao sebastiao do paraiso",MG,2083a6feb4bbb31f6abc92fc24e468c0,telefonia,56,3135,2,150,19,15,15,cc419e0650a3c5ba77189a1882b7556a,"santo andre",SP,9015,boleto,1,1,7,15.1,22.1,"2017-10-23 04:36:32","2017-10-12 22:01:19","2017-10-14 03:36:32","2017-10-17 14:24:01","2017-10-20 20:15:52","2017-11-07 00:00:00",Thursday,October,2017,October-2017,delivered,662d5b772be59b4a08a18e2b219555a3-1
997,73fa09600b87d64333b03f2fe849e096,1,1fbb2a549b8f58e925ad931401717418,0340c3b9ed45ab5dc6959d10651775fc,90670,"porto alegre",RS,2083a6feb4bbb31f6abc92fc24e468c0,telefonia,56,3135,2,150,19,15,15,cc419e0650a3c5ba77189a1882b7556a,"santo andre",SP,9015,credit_card,1,2,7,14.1,21.1,"2017-09-20 19:25:16","2017-09-12 19:15:03","2017-09-12 19:25:16","2017-09-14 17:07:56","2017-09-18 21:27:43","2017-10-09 00:00:00",Tuesday,September,2017,September-2017,delivered,73fa09600b87d64333b03f2fe849e096-1
998,913a3be1eecf771ac6f66727e2b9f312,1,ecd28b43cc8187e1af32bf036e6e106d,19a4fb72bf8696a96c13e01bbe200dd4,46980,iraquara,BA,2083a6feb4bbb31f6abc92fc24e468c0,telefonia,56,3135,2,150,19,15,15,cc419e0650a3c5ba77189a1882b7556a,"santo andre",SP,9015,credit_card,1,1,7,16.79,47.58,"2017-12-26 00:56:26","2017-12-15 00:48:27","2017-12-15 00:56:26","2017-12-18 20:42:27","2017-12-26 15:52:06","2018-01-23 00:00:00",Friday,December,2017,December-2017,delivered,913a3be1eecf771ac6f66727e2b9f312-1
999,913a3be1eecf771ac6f66727e2b9f312,2,ecd28b43cc8187e1af32bf036e6e106d,19a4fb72bf8696a96c13e01bbe200dd4,46980,iraquara,BA,2083a6feb4bbb31f6abc92fc24e468c0,telefonia,56,3135,2,150,19,15,15,cc419e0650a3c5ba77189a1882b7556a,"santo andre",SP,9015,credit_card,1,1,7,16.79,47.58,"2017-12-26 00:56:26","2017-12-15 00:48:27","2017-12-15 00:56:26","2017-12-18 20:42:27","2017-12-26 15:52:06","2018-01-23 00:00:00",Friday,December,2017,December-2017,delivered,913a3be1eecf771ac6f66727e2b9f312-2
